customer_id,company_name,industry,region,tier,contract_type,product_category,signup_date,last_active_date,days_since_last_active,order_count,avg_order_value,total_revenue,mrr,support_tickets,avg_resolution_hrs,nps_score,discount_pct,churned
CUST-1001,Vertex Logistics #2,Professional & Legal Services,Europe (EMEA),Growth,Annual Prepaid,Enterprise Analytics Suite,2025-01-27,2026-06-21,71,9,1545.58,13910.22,1104.66,1,5.5,6,0.2,0
CUST-1002,Nexus Labs #3,Professional & Legal Services,Asia-Pacific,Mid-Market,Annual Prepaid,AI Decision Platform,2025-09-25,2026-08-28,3,19,2462.33,46784.27,3959.63,3,13.1,5,11.1,0
CUST-1003,Starlight Global #4,FinTech & Payments,North America,Mid-Market,Annual Prepaid,API Data Hub,2026-02-14,2026-07-28,34,22,2967.01,65274.22,5672.43,1,2.8,5,17.0,0
CUST-1004,Pulse Cloud #5,E-Commerce & Retail,Europe (EMEA),Growth,Multi-Year,Cloud Infrastructure Pro,2025-06-03,2026-08-30,1,8,1772.93,14183.44,1013.17,0,5.6,10,12.2,0
CUST-1005,Vertex Capital #6,SaaS & Cloud Software,North America,Mid-Market,Month-to-Month,API Data Hub,2025-11-20,2026-08-22,9,13,2459.25,31970.25,2892.58,3,10.4,6,1.8,0
CUST-1006,Crestview Financial #7,Professional & Legal Services,North America,Growth,Quarterly,Enterprise Analytics Suite,2025-10-07,2026-08-21,10,9,1846.11,16614.99,1113.41,2,16.4,5,3.0,0
CUST-1007,Pinnacle Cloud #8,SaaS & Cloud Software,North America,Starter,Multi-Year,Enterprise Analytics Suite,2025-06-03,2026-08-24,7,11,571.34,6284.74,515.89,2,5.8,8,15.2,0
CUST-1008,Prism Networks #9,Healthcare IT,Europe (EMEA),Mid-Market,Multi-Year,Security & Compliance Shield,2025-06-21,2026-08-22,9,21,2582.16,54225.36,4817.21,4,11.1,3,12.0,0
CUST-1009,Beacon Solutions #10,Healthcare IT,Asia-Pacific,Growth,Multi-Year,Enterprise Analytics Suite,2026-02-05,2026-05-30,93,18,1374.33,24737.94,1823.39,1,10.2,4,15.7,1
CUST-1010,Quantum Dynamics #11,FinTech & Payments,North America,Mid-Market,Quarterly,Enterprise Analytics Suite,2026-02-20,2026-08-15,16,19,2729.88,51867.72,4458.56,4,7.2,7,9.9,0
CUST-1011,CoreLogic Labs #12,Healthcare IT,North America,Starter,Quarterly,Cloud Infrastructure Pro,2026-01-03,2026-08-20,11,4,516.77,2067.08,133.41,2,27.4,8,40.7,0
CUST-1012,Apex Global #13,Healthcare IT,North America,Enterprise,Quarterly,Enterprise Analytics Suite,2025-08-09,2026-08-21,10,35,5538.7,193854.5,16375.62,5,13.7,7,10.0,0
CUST-1013,Nexus Labs #14,E-Commerce & Retail,North America,Enterprise,Quarterly,API Data Hub,2026-05-19,2026-08-22,9,32,4057.37,129835.84,11645.87,4,9.8,5,23.6,0
CUST-1014,Starlight Ventures #15,FinTech & Payments,North America,Growth,Quarterly,API Data Hub,2025-08-19,2026-08-29,2,9,1496.43,13467.87,926.23,0,19.8,5,8.1,0
CUST-1015,Vertex Labs #16,Healthcare IT,North America,Growth,Multi-Year,Cloud Infrastructure Pro,2026-03-20,2026-08-19,12,13,1566.23,20360.99,1581.53,4,10.2,5,18.9,0
CUST-1016,Pinnacle Global #17,FinTech & Payments,North America,Mid-Market,Annual Prepaid,AI Decision Platform,2026-02-17,2026-08-25,6,16,2405.98,38495.68,2752.69,3,3.9,7,43.6,0
CUST-1017,Zenith Technologies #18,E-Commerce & Retail,Europe (EMEA),Starter,Annual Prepaid,AI Decision Platform,2025-05-03,2026-08-29,2,2,497.5,995.0,62.47,0,10.7,8,21.6,0
CUST-1018,Apex Cloud #19,SaaS & Cloud Software,North America,Starter,Quarterly,Enterprise Analytics Suite,2026-02-09,2026-08-30,1,7,607.92,4255.44,308.52,2,21.0,8,11.6,1
CUST-1019,Vanguard Logistics #20,Healthcare IT,North America,Starter,Annual Prepaid,Cloud Infrastructure Pro,2025-06-10,2026-07-25,37,3,640.4,1921.2,144.92,1,2.1,9,37.2,0
CUST-1020,Beacon Retail Group #21,Healthcare IT,North America,Enterprise,Annual Prepaid,Enterprise Analytics Suite,2026-03-10,2026-08-27,4,24,3822.5,91740.0,7333.7,2,8.7,7,6.5,0
CUST-1021,Kinetic Cloud #22,SaaS & Cloud Software,North America,Mid-Market,Multi-Year,AI Decision Platform,2026-02-08,2026-08-30,1,16,1284.72,20555.52,1839.38,2,23.1,6,0.3,0
CUST-1022,Kinetic Media #23,Healthcare IT,Europe (EMEA),Growth,Multi-Year,Enterprise Analytics Suite,2026-03-26,2026-08-13,18,12,1091.79,13101.48,924.36,1,6.4,7,18.7,0
CUST-1023,Nexus Dynamics #24,E-Commerce & Retail,North America,Enterprise,Quarterly,Security & Compliance Shield,2024-10-01,2026-08-01,30,27,7181.57,193902.39,15797.08,2,3.5,4,9.0,0
CUST-1024,Crestview Solutions #25,FinTech & Payments,Asia-Pacific,Mid-Market,Quarterly,AI Decision Platform,2026-01-11,2026-08-18,13,18,2701.84,48633.12,3628.47,1,9.7,6,11.5,0
CUST-1025,Pulse Financial #26,Manufacturing & Logistics,North America,Growth,Quarterly,Cloud Infrastructure Pro,2025-08-26,2026-08-15,16,10,1394.58,13945.8,1026.42,2,9.7,8,17.7,0
CUST-1026,Pinnacle Technologies #27,SaaS & Cloud Software,Europe (EMEA),Mid-Market,Multi-Year,AI Decision Platform,2026-03-10,2026-08-15,16,19,3398.26,64566.94,5536.86,4,30.5,5,33.6,0
CUST-1027,Stratum Networks #28,SaaS & Cloud Software,Asia-Pacific,Growth,Annual Prepaid,AI Decision Platform,2026-02-06,2026-08-29,2,8,1716.59,13732.72,1155.12,1,12.9,6,2.4,0
CUST-1028,Quantum Solutions #29,FinTech & Payments,Europe (EMEA),Starter,Multi-Year,Enterprise Analytics Suite,2026-03-14,2026-08-25,6,3,695.44,2086.32,142.46,0,4.8,8,17.4,0
CUST-1029,Vertex Technologies #30,FinTech & Payments,North America,Mid-Market,Month-to-Month,Cloud Infrastructure Pro,2024-08-02,2026-06-28,64,20,2255.85,45117.0,3866.96,5,8.9,6,10.8,0
CUST-1030,Beacon Global #31,SaaS & Cloud Software,Europe (EMEA),Growth,Annual Prepaid,AI Decision Platform,2025-05-30,2026-08-14,17,16,1405.7,22491.2,1829.26,4,17.8,5,5.9,0
CUST-1031,Crestview Global #32,SaaS & Cloud Software,Europe (EMEA),Starter,Multi-Year,Enterprise Analytics Suite,2024-07-27,2026-08-06,25,5,180.0,900.0,73.14,3,10.4,6,16.1,0
CUST-1032,Acro Solutions #33,Healthcare IT,Europe (EMEA),Enterprise,Month-to-Month,Cloud Infrastructure Pro,2026-02-10,2026-08-05,26,21,5017.19,105360.99,9051.79,3,11.8,6,33.4,0
CUST-1033,Nexus Dynamics #34,SaaS & Cloud Software,Europe (EMEA),Enterprise,Multi-Year,AI Decision Platform,2025-05-04,2026-08-29,2,37,4626.51,171180.87,15071.34,5,5.1,6,35.4,0
CUST-1034,Solstice Ventures #35,E-Commerce & Retail,Asia-Pacific,Mid-Market,Multi-Year,Enterprise Analytics Suite,2025-08-16,2026-07-04,58,26,3091.09,80368.34,5749.59,8,14.9,3,16.7,0
CUST-1035,Solstice Health #36,SaaS & Cloud Software,North America,Mid-Market,Month-to-Month,Enterprise Analytics Suite,2025-06-29,2026-08-21,10,17,2769.82,47086.94,3729.61,6,8.3,4,28.8,0
CUST-1036,Zenith Logistics #37,SaaS & Cloud Software,Latin America,Growth,Annual Prepaid,Cloud Infrastructure Pro,2025-10-17,2026-07-04,58,12,1100.6,13207.2,1094.98,1,6.1,5,31.7,0
CUST-1037,Omni Labs #38,Healthcare IT,Europe (EMEA),Enterprise,Month-to-Month,Enterprise Analytics Suite,2025-08-28,2026-08-27,4,31,6591.97,204351.07,15801.89,3,7.7,6,6.5,0
CUST-1038,Aegis Technologies #39,Manufacturing & Logistics,Asia-Pacific,Growth,Month-to-Month,API Data Hub,2026-03-31,2026-06-28,64,11,1686.08,18546.88,1298.58,3,6.4,6,14.7,0
CUST-1039,Quantum Cloud #40,E-Commerce & Retail,Europe (EMEA),Starter,Annual Prepaid,AI Decision Platform,2025-10-26,2026-08-23,8,4,607.19,2428.76,183.22,0,10.9,5,9.0,0
CUST-1040,Nexus Technologies #41,SaaS & Cloud Software,Asia-Pacific,Mid-Market,Month-to-Month,Enterprise Analytics Suite,2024-11-13,2026-07-10,52,15,1491.94,22379.1,1734.73,5,8.9,4,3.6,0
CUST-1041,Vertex Cloud #42,E-Commerce & Retail,North America,Starter,Month-to-Month,Enterprise Analytics Suite,2025-01-13,2026-08-02,29,4,760.15,3040.6,227.43,2,28.6,7,6.8,1
CUST-1042,Crestview Labs #43,Healthcare IT,North America,Mid-Market,Annual Prepaid,Cloud Infrastructure Pro,2025-07-04,2026-07-05,57,12,2317.34,27808.08,2156.34,4,19.7,5,11.1,0
CUST-1043,Terra Capital #44,Healthcare IT,Europe (EMEA),Growth,Multi-Year,AI Decision Platform,2025-12-05,2026-08-27,4,13,1779.54,23134.02,1620.19,0,2.6,7,26.4,0
CUST-1044,Kinetic Capital #45,Professional & Legal Services,North America,Growth,Quarterly,AI Decision Platform,2026-01-09,2026-08-16,15,12,891.29,10695.48,816.83,3,4.1,6,1.6,0
CUST-1045,Omni Capital #46,Healthcare IT,North America,Growth,Annual Prepaid,Cloud Infrastructure Pro,2026-04-13,2026-08-28,3,10,1671.46,16714.6,1200.91,2,16.2,8,22.9,0
CUST-1046,Vanguard Labs #47,Healthcare IT,Asia-Pacific,Enterprise,Annual Prepaid,Cloud Infrastructure Pro,2025-12-18,2026-08-23,8,33,5553.28,183258.24,16957.12,4,14.3,5,32.5,0
CUST-1047,CoreLogic Dynamics #48,E-Commerce & Retail,Asia-Pacific,Starter,Quarterly,Cloud Infrastructure Pro,2025-06-11,2026-08-30,1,7,593.07,4151.49,268.69,2,9.4,8,9.4,0
CUST-1048,Quantum Solutions #49,E-Commerce & Retail,Asia-Pacific,Mid-Market,Month-to-Month,Enterprise Analytics Suite,2026-03-12,2026-08-30,1,17,3556.7,60463.9,4772.31,2,5.6,4,19.2,0
CUST-1049,Prism Solutions #50,FinTech & Payments,North America,Mid-Market,Annual Prepaid,Cloud Infrastructure Pro,2025-05-30,2026-08-02,29,23,4063.85,93468.55,8481.34,0,14.0,6,20.9,0
CUST-1050,Omni Networks #51,Healthcare IT,North America,Growth,Quarterly,Enterprise Analytics Suite,2026-03-17,2026-08-28,3,11,1371.65,15088.15,1019.52,5,23.4,3,1.4,0
CUST-1051,Elevate Global #52,Manufacturing & Logistics,North America,Growth,Annual Prepaid,AI Decision Platform,2024-08-12,2026-08-04,27,8,903.9,7231.2,517.02,4,7.2,8,25.4,0
CUST-1052,Nexus Media #53,Healthcare IT,North America,Growth,Annual Prepaid,Cloud Infrastructure Pro,2026-02-18,2026-08-09,22,14,982.98,13761.72,1071.07,0,12.9,5,4.2,0
CUST-1053,Acro Global #54,Healthcare IT,Asia-Pacific,Mid-Market,Quarterly,Enterprise Analytics Suite,2026-01-28,2026-07-31,31,22,2817.01,61974.22,4781.22,2,10.3,5,10.2,0
CUST-1054,Synergy Logistics #55,SaaS & Cloud Software,Asia-Pacific,Enterprise,Month-to-Month,Cloud Infrastructure Pro,2025-07-05,2026-06-21,71,38,4842.16,184002.08,14887.21,6,11.2,4,9.5,1
CUST-1055,Aegis Ventures #56,SaaS & Cloud Software,Europe (EMEA),Mid-Market,Annual Prepaid,Enterprise Analytics Suite,2026-01-14,2026-07-06,56,24,2781.02,66744.48,5911.68,0,8.7,7,19.1,0
CUST-1056,Omni Labs #57,FinTech & Payments,North America,Enterprise,Month-to-Month,Enterprise Analytics Suite,2025-12-05,2026-07-20,42,35,4593.69,160779.15,12276.03,6,8.8,4,0.4,0
CUST-1057,Starlight Financial #58,E-Commerce & Retail,North America,Growth,Annual Prepaid,API Data Hub,2026-04-05,2026-08-30,1,10,1464.11,14641.1,1174.86,5,13.8,5,7.5,0
CUST-1058,Solstice Solutions #59,FinTech & Payments,North America,Mid-Market,Month-to-Month,Cloud Infrastructure Pro,2026-02-17,2026-08-27,4,10,3075.83,30758.3,2692.72,1,19.1,4,10.9,0
CUST-1059,Kinetic Dynamics #60,E-Commerce & Retail,North America,Starter,Quarterly,Enterprise Analytics Suite,2025-12-11,2026-08-24,7,5,539.77,2698.85,175.09,3,5.5,5,5.7,0
CUST-1060,Terra Ventures #61,Healthcare IT,Europe (EMEA),Enterprise,Month-to-Month,AI Decision Platform,2025-07-22,2026-08-03,28,35,5003.79,175132.65,16688.96,3,19.5,6,8.2,0
CUST-1061,CoreLogic Retail Group #62,E-Commerce & Retail,Europe (EMEA),Growth,Annual Prepaid,Enterprise Analytics Suite,2025-11-27,2026-08-13,18,15,1794.25,26913.75,2004.66,5,19.2,5,14.6,0
CUST-1062,Omni Media #63,Healthcare IT,Asia-Pacific,Mid-Market,Annual Prepaid,AI Decision Platform,2026-01-15,2026-07-20,42,19,1891.53,35939.07,2623.65,2,36.6,3,6.6,0
CUST-1063,Starlight Dynamics #64,Manufacturing & Logistics,Europe (EMEA),Mid-Market,Annual Prepaid,AI Decision Platform,2025-07-03,2026-08-21,10,22,2072.57,45596.54,3835.38,4,8.3,8,16.3,0
CUST-1064,Aegis Cloud #65,Professional & Legal Services,North America,Mid-Market,Month-to-Month,API Data Hub,2025-09-02,2026-08-07,24,14,2280.38,31925.32,2745.54,4,6.4,5,16.7,1
CUST-1065,Prism Systems #66,FinTech & Payments,Asia-Pacific,Mid-Market,Annual Prepaid,API Data Hub,2025-12-21,2026-08-11,20,20,3242.67,64853.4,4710.55,3,6.8,7,27.5,0
CUST-1066,Solstice Financial #67,SaaS & Cloud Software,North America,Mid-Market,Month-to-Month,Security & Compliance Shield,2026-02-06,2026-07-21,41,15,3577.59,53663.85,4407.75,5,14.6,6,6.2,1
CUST-1067,Pinnacle Cloud #68,SaaS & Cloud Software,Asia-Pacific,Mid-Market,Annual Prepaid,Enterprise Analytics Suite,2026-02-15,2026-08-02,29,19,2383.72,45290.68,3633.86,2,13.4,6,22.5,0
CUST-1068,Elevate Retail Group #69,E-Commerce & Retail,Latin America,Mid-Market,Multi-Year,Enterprise Analytics Suite,2025-09-27,2026-07-30,32,18,3421.05,61578.9,5045.66,3,8.6,6,14.3,0
CUST-1069,Crestview Retail Group #70,Healthcare IT,Latin America,Mid-Market,Month-to-Month,AI Decision Platform,2025-10-22,2026-08-24,7,25,3312.43,82810.75,7106.81,3,38.6,7,9.2,0
CUST-1070,Starlight Global #71,FinTech & Payments,Asia-Pacific,Mid-Market,Annual Prepaid,AI Decision Platform,2026-02-01,2026-08-19,12,22,2353.57,51778.54,4337.45,5,6.5,5,23.1,0
CUST-1071,Nexus Financial #72,Healthcare IT,North America,Mid-Market,Annual Prepaid,Enterprise Analytics Suite,2025-07-17,2026-07-06,56,24,2980.83,71539.92,5455.35,3,19.3,4,25.1,0
CUST-1072,Quantum Health #73,SaaS & Cloud Software,Europe (EMEA),Starter,Month-to-Month,AI Decision Platform,2025-06-03,2026-08-04,27,4,837.96,3351.84,214.26,1,2.4,6,14.3,0
CUST-1073,Zenith Dynamics #74,Healthcare IT,Europe (EMEA),Growth,Annual Prepaid,Cloud Infrastructure Pro,2025-07-13,2026-07-30,32,10,941.46,9414.6,694.49,1,8.4,6,29.4,0
CUST-1074,Beacon Systems #75,SaaS & Cloud Software,North America,Mid-Market,Month-to-Month,Enterprise Analytics Suite,2025-06-22,2026-08-29,2,20,2470.7,49414.0,3746.05,4,5.5,4,14.5,0
CUST-1075,CoreLogic Capital #76,SaaS & Cloud Software,Asia-Pacific,Mid-Market,Month-to-Month,Cloud Infrastructure Pro,2025-10-23,2026-07-22,40,10,3195.48,31954.8,2882.21,2,12.1,4,14.9,1
CUST-1076,Aegis Dynamics #77,SaaS & Cloud Software,Europe (EMEA),Growth,Annual Prepaid,Cloud Infrastructure Pro,2025-09-18,2026-08-21,10,7,1353.97,9477.79,765.86,2,12.8,7,11.5,0
CUST-1077,Kinetic Labs #78,FinTech & Payments,North America,Mid-Market,Multi-Year,Enterprise Analytics Suite,2025-10-29,2026-08-04,27,21,1983.39,41651.19,3534.25,3,14.2,5,33.1,0
CUST-1078,Apex Global #79,FinTech & Payments,North America,Mid-Market,Annual Prepaid,API Data Hub,2026-05-11,2026-08-27,4,21,2509.64,52702.44,4074.8,3,6.8,7,35.1,0
CUST-1079,Nexus Financial #80,SaaS & Cloud Software,North America,Mid-Market,Annual Prepaid,Enterprise Analytics Suite,2025-12-26,2026-07-15,47,17,3559.19,60506.23,5045.9,5,15.6,5,0.4,0
CUST-1080,Novus Financial #81,SaaS & Cloud Software,North America,Mid-Market,Month-to-Month,Cloud Infrastructure Pro,2026-01-30,2026-07-31,31,14,2476.83,34675.62,2746.44,5,36.0,4,16.0,0
CUST-1081,Starlight Systems #82,E-Commerce & Retail,North America,Growth,Annual Prepaid,API Data Hub,2025-09-25,2026-07-22,40,15,1290.64,19359.6,1521.96,2,8.7,2,20.6,0
CUST-1082,CoreLogic Financial #83,SaaS & Cloud Software,North America,Mid-Market,Month-to-Month,Enterprise Analytics Suite,2025-12-24,2026-05-12,111,21,3035.06,63736.26,5497.88,4,14.8,1,6.1,1
CUST-1083,Beacon Global #84,SaaS & Cloud Software,Asia-Pacific,Starter,Annual Prepaid,Security & Compliance Shield,2026-05-25,2026-08-17,14,4,579.86,2319.44,164.43,1,15.7,8,8.6,0
CUST-1084,Starlight Cloud #85,FinTech & Payments,Europe (EMEA),Enterprise,Month-to-Month,Cloud Infrastructure Pro,2026-04-09,2026-07-31,31,35,4184.11,146443.85,12986.96,6,18.4,3,8.6,1
CUST-1085,Elevate Systems #86,E-Commerce & Retail,North America,Growth,Annual Prepaid,Enterprise Analytics Suite,2026-03-05,2026-08-22,9,14,1660.19,23242.66,1855.88,1,12.7,8,10.3,0
CUST-1086,Synergy Systems #87,Professional & Legal Services,Europe (EMEA),Mid-Market,Multi-Year,Enterprise Analytics Suite,2025-04-22,2026-08-21,10,18,2362.0,42516.0,3593.8,4,14.5,4,23.1,0
CUST-1087,CoreLogic Technologies #88,Manufacturing & Logistics,North America,Mid-Market,Annual Prepaid,Enterprise Analytics Suite,2026-05-16,2026-08-30,1,17,2671.41,45413.97,3235.11,2,15.6,7,0.2,0
CUST-1088,Omni Technologies #89,Healthcare IT,Latin America,Enterprise,Annual Prepaid,AI Decision Platform,2025-05-11,2026-08-28,3,29,6478.94,187889.26,15741.8,2,6.0,7,14.4,0
CUST-1089,Acro Media #90,FinTech & Payments,North America,Enterprise,Annual Prepaid,Enterprise Analytics Suite,2025-01-05,2026-08-29,2,24,5281.68,126760.32,9693.09,3,5.4,5,8.9,0
CUST-1090,Omni Dynamics #91,E-Commerce & Retail,North America,Enterprise,Annual Prepaid,AI Decision Platform,2025-12-23,2026-08-28,3,46,5404.18,248592.28,21832.33,3,3.9,7,8.5,0
CUST-1091,Quantum Labs #92,SaaS & Cloud Software,Latin America,Starter,Quarterly,Security & Compliance Shield,2026-05-06,2026-08-12,19,4,614.7,2458.8,194.28,6,29.3,5,16.8,1
CUST-1092,Pinnacle Logistics #93,FinTech & Payments,Asia-Pacific,Mid-Market,Quarterly,Enterprise Analytics Suite,2025-01-31,2026-07-24,38,22,2337.97,51435.34,4158.64,2,9.4,6,7.3,0
CUST-1093,Elevate Media #94,SaaS & Cloud Software,Europe (EMEA),Mid-Market,Quarterly,Enterprise Analytics Suite,2025-11-19,2026-08-30,1,24,2027.64,48663.36,4410.58,5,17.7,5,6.1,0
CUST-1094,Horizon Cloud #95,Healthcare IT,North America,Growth,Annual Prepaid,Enterprise Analytics Suite,2025-11-23,2026-08-18,13,11,1417.91,15597.01,1167.12,3,9.4,8,4.5,0
CUST-1095,Nexus Networks #96,FinTech & Payments,Europe (EMEA),Growth,Multi-Year,AI Decision Platform,2025-07-02,2026-08-25,6,10,1375.62,13756.2,1026.18,2,10.6,7,1.8,0
CUST-1096,Novus Logistics #97,Professional & Legal Services,North America,Enterprise,Annual Prepaid,Enterprise Analytics Suite,2025-12-28,2026-07-23,39,30,5642.42,169272.6,12209.75,3,12.6,6,21.0,0
CUST-1097,Kinetic Cloud #1,E-Commerce & Retail,North America,Growth,Quarterly,API Data Hub,2025-10-31,2026-08-14,17,13,1359.89,17678.57,1427.97,3,12.0,4,18.5,1
CUST-1098,Apex Technologies #2,SaaS & Cloud Software,North America,Enterprise,Multi-Year,Security & Compliance Shield,2025-06-02,2026-08-25,6,31,5196.03,161076.93,12752.44,2,10.9,6,11.5,0
CUST-1099,Acro Financial #3,FinTech & Payments,Latin America,Enterprise,Multi-Year,Security & Compliance Shield,2025-12-14,2026-08-26,5,34,4523.14,153786.76,13221.11,5,12.1,6,16.1,0
CUST-1100,CoreLogic Cloud #4,FinTech & Payments,Europe (EMEA),Mid-Market,Quarterly,AI Decision Platform,2026-05-10,2026-08-27,4,13,2701.67,35121.71,2935.78,2,14.0,9,37.4,0
CUST-1101,Horizon Media #5,Healthcare IT,Europe (EMEA),Mid-Market,Quarterly,Cloud Infrastructure Pro,2025-11-12,2026-08-23,8,25,2810.21,70255.25,6172.59,4,13.2,6,4.0,1
CUST-1102,Stratum Solutions #6,SaaS & Cloud Software,North America,Growth,Quarterly,AI Decision Platform,2025-09-20,2026-07-08,54,13,1444.81,18782.53,1396.34,5,8.7,6,34.3,0
CUST-1103,Nexus Networks #7,SaaS & Cloud Software,Europe (EMEA),Mid-Market,Quarterly,Enterprise Analytics Suite,2025-11-21,2026-08-27,4,12,3074.22,36890.64,3238.79,2,12.1,8,26.5,0
CUST-1104,Solstice Capital #8,Manufacturing & Logistics,Latin America,Mid-Market,Annual Prepaid,Cloud Infrastructure Pro,2025-12-22,2026-08-17,14,15,2089.16,31337.4,2661.68,5,7.2,8,17.7,0
CUST-1105,Nexus Solutions #9,Healthcare IT,Europe (EMEA),Mid-Market,Annual Prepaid,Cloud Infrastructure Pro,2026-04-10,2026-08-26,5,29,1344.74,38997.46,3110.81,3,22.5,6,25.0,0
CUST-1106,Vertex Global #10,E-Commerce & Retail,North America,Mid-Market,Month-to-Month,Enterprise Analytics Suite,2026-07-01,2026-07-06,56,11,2755.74,30313.14,2501.26,3,12.3,7,30.8,1
CUST-1107,Vanguard Labs #11,Manufacturing & Logistics,Europe (EMEA),Enterprise,Annual Prepaid,API Data Hub,2025-03-03,2026-08-26,5,31,4732.63,146711.53,11769.21,5,13.3,7,8.3,0
CUST-1108,Stratum Solutions #12,Healthcare IT,Europe (EMEA),Enterprise,Month-to-Month,AI Decision Platform,2026-02-20,2026-07-31,31,38,5490.2,208627.6,18966.0,5,12.9,7,9.8,0
CUST-1109,Pinnacle Networks #13,FinTech & Payments,Europe (EMEA),Mid-Market,Annual Prepaid,Enterprise Analytics Suite,2025-06-15,2026-08-26,5,18,1776.58,31978.44,2316.42,5,12.1,4,14.3,0
CUST-1110,Aegis Retail Group #14,Healthcare IT,North America,Growth,Month-to-Month,AI Decision Platform,2026-02-16,2026-07-19,43,6,1486.25,8917.5,757.84,2,4.3,6,20.4,1
CUST-1111,CoreLogic Media #15,SaaS & Cloud Software,North America,Starter,Annual Prepaid,AI Decision Platform,2025-10-04,2026-07-22,40,3,407.66,1222.98,77.01,2,8.4,8,2.9,1
CUST-1112,Omni Retail Group #16,SaaS & Cloud Software,Asia-Pacific,Mid-Market,Multi-Year,Cloud Infrastructure Pro,2025-10-24,2026-08-08,23,14,2238.39,31337.46,2591.53,4,3.3,6,2.3,0
CUST-1113,Stratum Ventures #17,Healthcare IT,North America,Growth,Month-to-Month,Enterprise Analytics Suite,2026-01-07,2026-07-13,49,9,1242.67,11184.03,851.59,7,7.7,4,8.5,1
CUST-1114,Pulse Capital #18,Healthcare IT,Europe (EMEA),Starter,Quarterly,Cloud Infrastructure Pro,2025-10-15,2026-08-26,5,7,577.07,4039.49,281.71,1,14.4,9,18.7,0
CUST-1115,Terra Dynamics #19,SaaS & Cloud Software,Latin America,Growth,Month-to-Month,Cloud Infrastructure Pro,2025-11-27,2026-07-05,57,9,1490.41,13413.69,935.3,2,6.8,6,1.2,0
CUST-1116,Pulse Global #20,Healthcare IT,North America,Mid-Market,Annual Prepaid,Cloud Infrastructure Pro,2025-06-20,2026-08-20,11,18,2270.28,40865.04,3383.53,8,13.7,4,1.7,0
CUST-1117,Nexus Retail Group #21,E-Commerce & Retail,North America,Enterprise,Month-to-Month,Enterprise Analytics Suite,2025-05-23,2026-07-31,31,33,5725.19,188931.27,15140.51,3,4.2,4,9.9,0
CUST-1118,Beacon Financial #22,FinTech & Payments,North America,Growth,Month-to-Month,API Data Hub,2025-09-01,2026-08-22,9,5,987.09,4935.45,418.55,3,3.1,6,12.1,0
CUST-1119,Prism Health #23,FinTech & Payments,North America,Growth,Month-to-Month,AI Decision Platform,2025-06-25,2026-06-30,62,7,1306.81,9147.67,705.38,0,15.1,5,30.4,1
CUST-1120,Crestview Technologies #24,Healthcare IT,North America,Enterprise,Multi-Year,AI Decision Platform,2026-03-08,2026-08-14,17,43,6634.1,285266.3,23280.91,2,5.7,9,6.1,0
CUST-1121,Vanguard Systems #25,Professional & Legal Services,Asia-Pacific,Growth,Annual Prepaid,Enterprise Analytics Suite,2025-06-05,2026-05-30,93,10,1632.28,16322.8,1214.86,1,4.0,5,29.0,0
CUST-1122,Pinnacle Cloud #26,Manufacturing & Logistics,Asia-Pacific,Growth,Annual Prepaid,Enterprise Analytics Suite,2025-07-17,2026-08-09,22,12,1691.39,20296.68,1403.81,3,9.0,7,1.4,0
CUST-1123,Omni Health #27,Healthcare IT,Asia-Pacific,Growth,Multi-Year,AI Decision Platform,2025-12-21,2026-08-30,1,10,1574.98,15749.8,1245.17,1,12.0,8,46.3,0
CUST-1124,Terra Labs #28,E-Commerce & Retail,North America,Mid-Market,Quarterly,Enterprise Analytics Suite,2026-03-05,2026-08-22,9,19,3292.14,62550.66,4858.34,1,6.3,8,25.9,0
CUST-1125,Kinetic Dynamics #29,FinTech & Payments,Asia-Pacific,Enterprise,Month-to-Month,AI Decision Platform,2026-01-26,2026-08-12,19,27,5437.89,146823.03,13964.65,3,12.2,5,6.3,0
CUST-1126,Kinetic Health #30,SaaS & Cloud Software,North America,Mid-Market,Multi-Year,AI Decision Platform,2026-01-05,2026-08-29,2,18,2790.47,50228.46,3601.71,3,8.6,8,12.2,0
CUST-1127,Synergy Ventures #31,FinTech & Payments,Europe (EMEA),Growth,Annual Prepaid,API Data Hub,2026-02-01,2026-07-24,38,12,1782.44,21389.28,1580.05,5,8.3,6,15.7,0
CUST-1128,Omni Logistics #32,Healthcare IT,North America,Enterprise,Annual Prepaid,Cloud Infrastructure Pro,2025-09-23,2026-08-21,10,25,5676.62,141915.5,12400.05,3,8.4,6,11.1,0
CUST-1129,Prism Systems #33,E-Commerce & Retail,North America,Mid-Market,Quarterly,Cloud Infrastructure Pro,2025-03-28,2026-08-30,1,11,3538.56,38924.16,2864.14,2,12.6,5,11.4,0
CUST-1130,Pulse Financial #34,Healthcare IT,Asia-Pacific,Growth,Quarterly,Cloud Infrastructure Pro,2025-09-04,2026-08-26,5,12,1889.73,22676.76,1891.08,2,4.2,7,3.1,0
CUST-1131,Synergy Logistics #35,Healthcare IT,Europe (EMEA),Enterprise,Annual Prepaid,Security & Compliance Shield,2026-03-30,2026-08-19,12,33,4890.35,161381.55,14504.2,8,9.1,5,14.6,0
CUST-1132,Crestview Dynamics #36,FinTech & Payments,Europe (EMEA),Enterprise,Quarterly,API Data Hub,2025-09-11,2026-08-29,2,29,6840.06,198361.74,18830.26,4,6.4,7,10.7,0
CUST-1133,Aegis Systems #37,SaaS & Cloud Software,Europe (EMEA),Enterprise,Month-to-Month,Enterprise Analytics Suite,2025-07-19,2026-08-12,19,26,6714.74,174583.24,16041.36,8,17.3,5,38.6,1
CUST-1134,Quantum Logistics #38,Professional & Legal Services,Europe (EMEA),Growth,Month-to-Month,AI Decision Platform,2025-06-28,2026-07-31,31,9,1140.88,10267.92,830.98,2,11.1,6,25.4,0
CUST-1135,Stratum Technologies #39,SaaS & Cloud Software,North America,Growth,Annual Prepaid,Enterprise Analytics Suite,2025-06-19,2026-07-17,45,13,1045.38,13589.94,924.63,3,9.4,7,24.9,0
CUST-1136,Crestview Networks #40,Healthcare IT,North America,Growth,Multi-Year,Security & Compliance Shield,2025-11-04,2026-08-01,30,11,1245.17,13696.87,1133.28,4,10.8,3,15.2,0
CUST-1137,Acro Retail Group #41,SaaS & Cloud Software,Asia-Pacific,Enterprise,Month-to-Month,Security & Compliance Shield,2025-09-16,2026-07-10,52,33,4833.54,159506.82,15152.67,7,19.9,2,27.7,1
CUST-1138,Terra Media #42,Manufacturing & Logistics,North America,Starter,Annual Prepaid,AI Decision Platform,2026-02-28,2026-08-18,13,4,860.57,3442.28,228.09,1,4.9,8,4.8,0
CUST-1139,Acro Media #43,SaaS & Cloud Software,North America,Mid-Market,Quarterly,AI Decision Platform,2026-01-14,2026-08-27,4,24,2405.42,57730.08,4828.16,3,17.6,5,28.4,0
CUST-1140,Solstice Financial #44,SaaS & Cloud Software,Europe (EMEA),Enterprise,Multi-Year,Cloud Infrastructure Pro,2025-08-03,2026-08-17,14,29,5538.8,160625.2,13143.92,2,16.1,6,18.9,0
CUST-1141,Zenith Systems #45,SaaS & Cloud Software,Asia-Pacific,Mid-Market,Multi-Year,Enterprise Analytics Suite,2025-04-21,2026-07-21,41,14,2591.04,36274.56,2585.33,6,10.7,4,4.3,0
CUST-1142,Omni Logistics #46,SaaS & Cloud Software,North America,Growth,Multi-Year,Security & Compliance Shield,2026-02-11,2026-07-12,50,17,1044.58,17757.86,1439.4,1,16.6,5,2.4,1
CUST-1143,Vanguard Cloud #47,Professional & Legal Services,Europe (EMEA),Starter,Annual Prepaid,Cloud Infrastructure Pro,2024-11-26,2026-08-29,2,4,706.17,2824.68,202.26,3,7.0,6,36.3,0
CUST-1144,Apex Cloud #48,Healthcare IT,North America,Enterprise,Month-to-Month,API Data Hub,2026-01-31,2026-07-28,34,34,7685.44,261304.96,22642.96,2,13.3,4,43.4,0
CUST-1145,Aegis Retail Group #49,FinTech & Payments,North America,Growth,Annual Prepaid,Enterprise Analytics Suite,2025-05-23,2026-08-29,2,10,948.61,9486.1,719.47,2,10.0,6,12.7,0
CUST-1146,Vanguard Global #50,SaaS & Cloud Software,Europe (EMEA),Enterprise,Annual Prepaid,AI Decision Platform,2026-03-08,2026-08-10,21,29,5038.67,146121.43,10794.83,6,8.0,2,14.4,0
CUST-1147,Stratum Health #51,E-Commerce & Retail,Europe (EMEA),Growth,Multi-Year,Enterprise Analytics Suite,2025-10-31,2026-08-12,19,14,1033.24,14465.36,1004.42,2,14.7,6,2.1,0
CUST-1148,Pulse Financial #52,E-Commerce & Retail,Europe (EMEA),Growth,Month-to-Month,Cloud Infrastructure Pro,2025-09-07,2026-07-23,39,12,1490.86,17890.32,1531.58,4,7.9,5,4.5,0
CUST-1149,Terra Cloud #53,Manufacturing & Logistics,North America,Starter,Month-to-Month,AI Decision Platform,2025-09-13,2026-07-21,41,5,434.41,2172.05,149.87,2,9.0,5,12.4,0
CUST-1150,Nexus Cloud #54,Manufacturing & Logistics,North America,Enterprise,Quarterly,Cloud Infrastructure Pro,2025-06-29,2026-08-21,10,27,3920.89,105864.03,9405.27,6,14.0,4,18.7,0
CUST-1151,Pulse Solutions #55,SaaS & Cloud Software,Latin America,Growth,Quarterly,Enterprise Analytics Suite,2025-06-04,2026-08-28,3,9,1066.51,9598.59,815.86,2,11.2,6,4.7,0
CUST-1152,Kinetic Financial #56,SaaS & Cloud Software,Asia-Pacific,Growth,Quarterly,Enterprise Analytics Suite,2025-05-20,2026-08-24,7,7,1522.57,10657.99,773.01,5,45.0,3,6.8,0
CUST-1153,Quantum Capital #57,SaaS & Cloud Software,North America,Enterprise,Annual Prepaid,Cloud Infrastructure Pro,2026-02-02,2026-08-08,23,33,6602.56,217884.48,20150.88,0,7.2,5,26.3,1
CUST-1154,Crestview Financial #58,SaaS & Cloud Software,Asia-Pacific,Mid-Market,Month-to-Month,Enterprise Analytics Suite,2025-04-01,2026-08-21,10,15,2741.23,41118.45,3162.15,5,6.1,5,7.9,0
CUST-1155,Novus Labs #59,SaaS & Cloud Software,Asia-Pacific,Enterprise,Month-to-Month,Cloud Infrastructure Pro,2025-08-20,2026-06-24,68,41,4946.34,202799.94,18868.12,3,17.6,6,12.7,1
CUST-1156,Starlight Financial #60,SaaS & Cloud Software,North America,Mid-Market,Annual Prepaid,Enterprise Analytics Suite,2026-01-11,2026-08-21,10,28,2525.76,70721.28,6134.36,2,6.3,7,17.6,0
CUST-1157,Vertex Financial #61,SaaS & Cloud Software,Europe (EMEA),Growth,Annual Prepaid,Enterprise Analytics Suite,2026-03-28,2026-08-25,6,12,1195.06,14340.72,1160.36,0,14.4,6,10.4,0
CUST-1158,Zenith Technologies #62,SaaS & Cloud Software,Asia-Pacific,Enterprise,Multi-Year,Enterprise Analytics Suite,2025-09-09,2026-06-24,68,28,5165.18,144625.04,12220.85,4,9.8,4,16.8,1
CUST-1159,Omni Retail Group #63,FinTech & Payments,North America,Growth,Month-to-Month,Cloud Infrastructure Pro,2025-10-16,2026-05-08,115,19,1260.18,23943.42,1932.31,3,7.5,4,9.2,1
CUST-1160,Terra Logistics #64,E-Commerce & Retail,Latin America,Mid-Market,Multi-Year,API Data Hub,2024-11-20,2026-08-19,12,13,2734.54,35549.02,2518.75,0,15.8,9,14.1,0
CUST-1161,Quantum Media #65,Manufacturing & Logistics,North America,Mid-Market,Month-to-Month,AI Decision Platform,2025-06-30,2026-08-08,23,24,2922.58,70141.92,5234.07,3,13.4,7,10.5,0
CUST-1162,Beacon Health #66,Professional & Legal Services,Europe (EMEA),Starter,Multi-Year,Enterprise Analytics Suite,2026-01-09,2026-08-14,17,6,451.32,2707.92,221.29,2,18.7,7,45.0,0
CUST-1163,Pinnacle Networks #67,Healthcare IT,Asia-Pacific,Growth,Month-to-Month,Enterprise Analytics Suite,2026-01-30,2026-06-13,79,10,1108.72,11087.2,814.13,2,10.9,7,10.9,1
CUST-1164,Pinnacle Capital #68,Manufacturing & Logistics,North America,Starter,Multi-Year,API Data Hub,2026-04-25,2026-08-05,26,4,287.19,1148.76,81.21,2,4.1,5,30.1,0
CUST-1165,Aegis Global #69,Healthcare IT,Asia-Pacific,Growth,Annual Prepaid,Enterprise Analytics Suite,2025-05-22,2026-08-27,4,7,1241.55,8690.85,619.28,1,6.7,9,13.4,0
CUST-1166,Solstice Global #70,E-Commerce & Retail,Asia-Pacific,Enterprise,Multi-Year,Enterprise Analytics Suite,2026-03-16,2026-07-24,38,33,6429.64,212178.12,17163.65,3,15.3,6,2.4,0
CUST-1167,Crestview Networks #71,FinTech & Payments,North America,Enterprise,Multi-Year,Cloud Infrastructure Pro,2025-03-22,2026-06-16,76,27,7047.47,190281.69,15800.28,4,16.0,3,20.0,0
CUST-1168,Elevate Global #72,FinTech & Payments,North America,Mid-Market,Quarterly,AI Decision Platform,2026-02-10,2026-08-03,28,19,2986.51,56743.69,4597.69,1,2.7,9,11.6,1
CUST-1169,Quantum Health #73,FinTech & Payments,Europe (EMEA),Mid-Market,Multi-Year,Enterprise Analytics Suite,2025-05-20,2026-08-21,10,19,3363.14,63899.66,5481.08,5,8.0,6,14.1,0
CUST-1170,Synergy Ventures #74,FinTech & Payments,Europe (EMEA),Starter,Annual Prepaid,Enterprise Analytics Suite,2025-11-09,2026-08-23,8,4,614.37,2457.48,171.15,2,8.8,6,8.9,0
CUST-1171,Quantum Retail Group #75,SaaS & Cloud Software,Asia-Pacific,Enterprise,Quarterly,API Data Hub,2026-03-28,2026-08-15,16,33,6607.03,218031.99,20496.32,5,5.5,5,4.9,0
CUST-1172,Solstice Logistics #76,FinTech & Payments,North America,Mid-Market,Month-to-Month,Security & Compliance Shield,2026-04-03,2026-08-01,30,25,2627.29,65682.25,4671.92,5,15.8,5,0.2,0
CUST-1173,Horizon Logistics #77,Healthcare IT,Europe (EMEA),Mid-Market,Month-to-Month,AI Decision Platform,2025-04-04,2026-08-14,17,17,2234.01,37978.17,3308.67,5,12.1,8,2.1,0
CUST-1174,Vertex Technologies #78,Healthcare IT,Asia-Pacific,Growth,Quarterly,Cloud Infrastructure Pro,2025-09-09,2026-08-18,13,15,1257.72,18865.8,1396.65,2,7.0,5,2.3,0
CUST-1175,Quantum Solutions #79,Healthcare IT,Europe (EMEA),Mid-Market,Month-to-Month,Enterprise Analytics Suite,2025-10-22,2026-08-09,22,15,2260.09,33901.35,2839.4,2,4.6,5,16.9,0
CUST-1176,Beacon Cloud #80,FinTech & Payments,North America,Growth,Annual Prepaid,Enterprise Analytics Suite,2026-03-05,2026-08-30,1,12,1254.52,15054.24,1274.03,4,12.2,3,10.5,0
CUST-1177,Pinnacle Financial #81,E-Commerce & Retail,North America,Enterprise,Multi-Year,Enterprise Analytics Suite,2025-10-31,2026-08-28,3,35,7536.41,263774.35,20648.84,3,3.3,9,11.8,0
CUST-1178,Elevate Dynamics #82,SaaS & Cloud Software,Asia-Pacific,Enterprise,Month-to-Month,Cloud Infrastructure Pro,2026-03-22,2026-03-04,180,28,4406.63,123385.64,10544.44,6,18.3,1,28.3,1
CUST-1179,Starlight Dynamics #83,FinTech & Payments,Europe (EMEA),Growth,Month-to-Month,API Data Hub,2026-03-17,2026-08-10,21,11,1387.22,15259.42,1296.84,2,6.6,7,11.1,0
CUST-1180,Horizon Solutions #84,FinTech & Payments,Asia-Pacific,Starter,Annual Prepaid,Cloud Infrastructure Pro,2025-12-19,2026-06-12,80,6,624.91,3749.46,261.14,1,9.1,5,6.7,0
CUST-1181,Vertex Systems #85,SaaS & Cloud Software,Asia-Pacific,Growth,Quarterly,Enterprise Analytics Suite,2025-08-30,2026-08-19,12,9,1339.69,12057.21,1014.9,0,5.1,5,23.8,1
CUST-1182,Novus Technologies #86,Healthcare IT,Europe (EMEA),Growth,Quarterly,Enterprise Analytics Suite,2026-03-06,2026-08-08,23,13,1190.25,15473.25,1272.52,3,5.1,4,16.1,0
CUST-1183,Nexus Global #87,SaaS & Cloud Software,Europe (EMEA),Mid-Market,Annual Prepaid,AI Decision Platform,2026-01-10,2026-08-02,29,17,2737.49,46537.33,3579.74,3,10.2,6,19.9,0
CUST-1184,Aegis Technologies #88,FinTech & Payments,North America,Growth,Annual Prepaid,AI Decision Platform,2024-06-21,2026-08-19,12,9,2155.71,19401.39,1441.32,1,12.0,5,6.1,0
CUST-1185,Novus Logistics #89,SaaS & Cloud Software,North America,Starter,Month-to-Month,Cloud Infrastructure Pro,2026-04-30,2026-08-01,30,5,541.94,2709.7,204.59,2,4.0,4,5.4,1
CUST-1186,Prism Labs #90,E-Commerce & Retail,North America,Mid-Market,Quarterly,Enterprise Analytics Suite,2025-10-29,2026-08-01,30,17,2696.19,45835.23,3450.25,2,25.5,6,7.0,0
CUST-1187,Omni Solutions #91,SaaS & Cloud Software,North America,Mid-Market,Annual Prepaid,AI Decision Platform,2025-11-21,2026-08-13,18,16,3590.87,57453.92,4829.64,6,10.9,4,30.0,0
CUST-1188,Novus Logistics #92,E-Commerce & Retail,Europe (EMEA),Mid-Market,Annual Prepaid,AI Decision Platform,2025-10-09,2026-08-11,20,18,2980.87,53655.66,4634.98,2,5.9,7,5.1,0
CUST-1189,Omni Media #93,SaaS & Cloud Software,Europe (EMEA),Enterprise,Quarterly,Enterprise Analytics Suite,2025-10-13,2026-08-19,12,26,5980.27,155487.02,14391.46,1,23.0,5,25.0,0
CUST-1190,Pulse Systems #94,Manufacturing & Logistics,North America,Enterprise,Month-to-Month,Cloud Infrastructure Pro,2026-07-11,2026-08-18,13,21,5044.14,105926.94,9767.78,7,12.8,3,6.4,0
CUST-1191,Stratum Health #95,E-Commerce & Retail,Asia-Pacific,Growth,Annual Prepaid,Enterprise Analytics Suite,2025-12-19,2026-08-06,25,11,1507.07,16577.77,1323.83,2,10.2,8,2.6,0
CUST-1192,Pulse Systems #96,Professional & Legal Services,North America,Starter,Annual Prepaid,AI Decision Platform,2026-01-30,2026-06-24,68,6,567.11,3402.66,236.89,5,8.9,4,12.2,0
CUST-1193,Novus Cloud #97,Healthcare IT,North America,Growth,Annual Prepaid,API Data Hub,2025-11-02,2026-08-15,16,9,1128.88,10159.92,809.22,2,11.7,7,28.4,0
CUST-1194,Prism Cloud #1,SaaS & Cloud Software,Europe (EMEA),Growth,Annual Prepaid,Cloud Infrastructure Pro,2025-08-10,2026-08-20,11,15,1306.2,19593.0,1349.8,2,8.9,4,2.9,0
CUST-1195,Nexus Technologies #2,SaaS & Cloud Software,Europe (EMEA),Mid-Market,Quarterly,Enterprise Analytics Suite,2026-06-03,2026-08-25,6,19,2669.29,50716.51,4561.4,4,11.6,4,3.9,0
CUST-1196,Zenith Media #3,Healthcare IT,Europe (EMEA),Mid-Market,Annual Prepaid,Enterprise Analytics Suite,2025-11-23,2026-08-30,1,22,3118.78,68613.16,5148.96,1,9.8,6,13.0,0
CUST-1197,Crestview Solutions #4,Healthcare IT,Europe (EMEA),Growth,Annual Prepaid,API Data Hub,2025-12-22,2026-08-18,13,8,988.72,7909.76,646.75,2,13.4,4,21.4,0
CUST-1198,Starlight Financial #5,FinTech & Payments,North America,Mid-Market,Annual Prepaid,Enterprise Analytics Suite,2025-10-25,2026-08-05,26,19,3190.73,60623.87,4433.3,2,6.1,6,11.0,0
CUST-1199,Terra Media #6,Professional & Legal Services,Europe (EMEA),Mid-Market,Month-to-Month,AI Decision Platform,2025-06-09,2026-07-20,42,16,2420.6,38729.6,3163.07,1,6.3,6,9.9,0
CUST-1200,Synergy Cloud #7,Healthcare IT,North America,Starter,Annual Prepaid,Cloud Infrastructure Pro,2026-05-22,2026-08-26,5,5,360.39,1801.95,119.66,0,9.2,7,8.4,0
CUST-1201,Synergy Labs #8,FinTech & Payments,Asia-Pacific,Enterprise,Month-to-Month,Cloud Infrastructure Pro,2025-05-29,2026-05-24,99,36,6758.82,243317.52,23084.42,7,12.3,2,4.7,1
CUST-1202,Elevate Health #9,E-Commerce & Retail,Latin America,Growth,Annual Prepaid,AI Decision Platform,2026-03-11,2026-08-06,25,7,1763.73,12346.11,916.41,5,6.8,5,7.4,0
CUST-1203,Acro Financial #10,Healthcare IT,North America,Growth,Month-to-Month,Enterprise Analytics Suite,2025-12-20,2026-08-13,18,10,1659.77,16597.7,1385.13,4,14.0,5,13.2,0
CUST-1204,Elevate Networks #11,E-Commerce & Retail,Europe (EMEA),Mid-Market,Annual Prepaid,API Data Hub,2025-06-24,2026-08-26,5,20,3680.92,73618.4,6106.42,2,11.2,7,15.7,0
CUST-1205,Solstice Solutions #12,FinTech & Payments,Europe (EMEA),Growth,Quarterly,Enterprise Analytics Suite,2024-10-24,2026-08-19,12,12,718.06,8616.72,708.74,1,7.6,8,8.4,0
CUST-1206,Vanguard Systems #13,Healthcare IT,North America,Growth,Annual Prepaid,API Data Hub,2026-01-04,2026-08-27,4,13,947.46,12316.98,858.08,3,14.5,5,16.1,0
CUST-1207,Kinetic Networks #14,E-Commerce & Retail,Asia-Pacific,Starter,Multi-Year,AI Decision Platform,2026-01-12,2026-07-03,59,7,685.81,4800.67,362.25,3,5.2,3,1.7,1
CUST-1208,Vertex Capital #15,SaaS & Cloud Software,North America,Mid-Market,Month-to-Month,Cloud Infrastructure Pro,2026-02-24,2026-08-04,27,29,2654.19,76971.51,5912.0,4,9.7,8,11.8,0
CUST-1209,Vanguard Media #16,SaaS & Cloud Software,North America,Starter,Annual Prepaid,API Data Hub,2025-05-28,2026-07-15,47,2,492.96,985.92,63.17,1,8.5,4,23.3,0
CUST-1210,Stratum Technologies #17,FinTech & Payments,Europe (EMEA),Mid-Market,Annual Prepaid,Enterprise Analytics Suite,2024-01-07,2026-08-14,17,25,1708.65,42716.25,3627.74,2,24.7,7,31.5,0
CUST-1211,Pulse Global #18,SaaS & Cloud Software,North America,Growth,Month-to-Month,Security & Compliance Shield,2026-01-09,2026-08-12,19,10,1368.42,13684.2,989.91,1,10.1,6,14.4,0
CUST-1212,Solstice Retail Group #19,E-Commerce & Retail,North America,Enterprise,Annual Prepaid,AI Decision Platform,2025-11-12,2026-08-21,10,33,5152.66,170037.78,14106.36,7,8.8,5,8.0,0
CUST-1213,Vanguard Systems #20,SaaS & Cloud Software,Europe (EMEA),Growth,Annual Prepaid,Cloud Infrastructure Pro,2025-06-24,2026-07-17,45,10,996.45,9964.5,815.72,3,7.1,5,15.5,1
CUST-1214,Solstice Media #21,Healthcare IT,Europe (EMEA),Starter,Annual Prepaid,Enterprise Analytics Suite,2025-09-30,2026-08-03,28,1,947.72,947.72,67.15,1,23.7,6,15.6,0
CUST-1215,Apex Global #22,Healthcare IT,North America,Mid-Market,Annual Prepaid,Enterprise Analytics Suite,2026-01-23,2026-07-29,33,16,1758.03,28128.48,2125.65,3,13.8,6,4.3,1
CUST-1216,Apex Solutions #23,E-Commerce & Retail,North America,Mid-Market,Month-to-Month,Cloud Infrastructure Pro,2025-09-26,2026-08-02,29,27,3250.52,87764.04,7088.98,3,11.9,6,32.2,0
CUST-1217,Kinetic Technologies #24,SaaS & Cloud Software,North America,Mid-Market,Month-to-Month,API Data Hub,2026-01-06,2026-06-20,72,21,3062.48,64312.08,5131.34,4,9.6,5,0.4,1
CUST-1218,Pinnacle Systems #25,SaaS & Cloud Software,North America,Growth,Annual Prepaid,Enterprise Analytics Suite,2025-09-28,2026-08-26,5,13,1636.48,21274.24,1643.74,0,12.4,6,11.4,0
CUST-1219,Pinnacle Networks #26,Professional & Legal Services,North America,Starter,Annual Prepaid,Cloud Infrastructure Pro,2025-12-16,2026-08-28,3,8,630.96,5047.68,403.55,1,17.5,9,7.4,0
CUST-1220,Stratum Health #27,SaaS & Cloud Software,Asia-Pacific,Starter,Annual Prepaid,Cloud Infrastructure Pro,2025-11-13,2026-08-21,10,5,335.59,1677.95,134.79,1,18.3,6,4.6,0
CUST-1221,Stratum Capital #28,SaaS & Cloud Software,North America,Enterprise,Multi-Year,Cloud Infrastructure Pro,2025-12-15,2026-07-29,33,32,2753.14,88100.48,6680.01,2,12.6,5,21.3,0
CUST-1222,Omni Capital #29,Professional & Legal Services,North America,Mid-Market,Multi-Year,AI Decision Platform,2025-12-21,2026-08-20,11,21,1753.74,36828.54,2680.44,3,19.1,6,7.3,0
CUST-1223,Apex Technologies #30,Manufacturing & Logistics,North America,Growth,Month-to-Month,API Data Hub,2025-10-04,2026-08-08,23,17,1235.71,21007.07,1433.57,3,8.3,9,4.2,0
CUST-1224,Synergy Health #31,SaaS & Cloud Software,Asia-Pacific,Mid-Market,Month-to-Month,API Data Hub,2026-04-01,2026-07-20,42,18,3126.25,56272.5,4263.04,4,15.2,7,3.0,1
CUST-1225,Prism Labs #32,Manufacturing & Logistics,North America,Starter,Annual Prepaid,AI Decision Platform,2025-07-11,2026-08-20,11,4,490.16,1960.64,122.92,1,5.4,7,7.3,0
CUST-1226,Pulse Technologies #33,SaaS & Cloud Software,North America,Growth,Annual Prepaid,Cloud Infrastructure Pro,2025-12-29,2026-08-18,13,8,743.32,5946.56,452.19,2,10.1,7,22.4,0
CUST-1227,Novus Global #34,Healthcare IT,Europe (EMEA),Mid-Market,Annual Prepaid,Security & Compliance Shield,2026-06-17,2026-08-02,29,18,1937.37,34872.66,3079.22,6,7.3,4,34.7,1
CUST-1228,Stratum Dynamics #35,SaaS & Cloud Software,Asia-Pacific,Mid-Market,Annual Prepaid,Enterprise Analytics Suite,2026-02-12,2026-08-17,14,23,2805.07,64516.61,4680.72,2,13.5,7,3.8,0
CUST-1229,Terra Solutions #36,Professional & Legal Services,Europe (EMEA),Growth,Annual Prepaid,Cloud Infrastructure Pro,2025-04-28,2026-08-01,30,14,1243.64,17410.96,1472.59,2,10.3,6,7.5,0
CUST-1230,Crestview Logistics #37,Healthcare IT,North America,Mid-Market,Month-to-Month,AI Decision Platform,2026-05-15,2026-07-29,33,20,3400.33,68006.6,5532.53,3,9.6,5,22.1,0
CUST-1231,Solstice Media #38,Healthcare IT,North America,Growth,Multi-Year,AI Decision Platform,2026-01-25,2026-07-13,49,12,1110.94,13331.28,1039.81,2,9.3,6,3.1,0
CUST-1232,Quantum Capital #39,Healthcare IT,Asia-Pacific,Enterprise,Month-to-Month,API Data Hub,2025-12-21,2026-08-17,14,34,5822.71,197972.14,14240.21,4,9.4,6,0.3,0
CUST-1233,Aegis Technologies #40,Professional & Legal Services,Europe (EMEA),Enterprise,Annual Prepaid,API Data Hub,2025-12-17,2026-07-27,35,45,5717.87,257304.15,21746.96,4,10.6,5,1.9,0
CUST-1234,Elevate Logistics #41,FinTech & Payments,North America,Mid-Market,Quarterly,Enterprise Analytics Suite,2025-11-10,2026-08-23,8,24,2807.37,67376.88,5625.54,4,9.3,4,11.0,0
CUST-1235,Beacon Labs #42,Healthcare IT,Europe (EMEA),Growth,Multi-Year,AI Decision Platform,2026-05-24,2026-08-27,4,11,1499.32,16492.52,1152.47,2,5.7,6,1.1,0
CUST-1236,Aegis Cloud #43,E-Commerce & Retail,Europe (EMEA),Mid-Market,Quarterly,API Data Hub,2024-11-19,2026-07-16,46,22,3347.39,73642.58,5497.37,4,18.3,5,0.9,1
CUST-1237,Vertex Financial #44,FinTech & Payments,North America,Mid-Market,Annual Prepaid,AI Decision Platform,2025-11-29,2026-08-23,8,15,1992.75,29891.25,2234.38,3,31.1,6,3.9,0
CUST-1238,Novus Media #45,SaaS & Cloud Software,North America,Starter,Quarterly,Cloud Infrastructure Pro,2025-08-23,2026-08-27,4,7,613.76,4296.32,294.54,5,20.3,7,22.1,0
CUST-1239,Zenith Financial #46,Healthcare IT,North America,Enterprise,Annual Prepaid,AI Decision Platform,2025-07-30,2026-08-05,26,29,5872.02,170288.58,12786.94,5,17.8,6,17.9,0
CUST-1240,Apex Technologies #47,SaaS & Cloud Software,North America,Mid-Market,Month-to-Month,AI Decision Platform,2026-06-07,2026-07-13,49,23,2508.64,57698.72,4953.87,7,9.5,1,3.5,0
CUST-1241,Apex Solutions #48,E-Commerce & Retail,North America,Growth,Month-to-Month,Cloud Infrastructure Pro,2026-01-20,2026-05-23,100,12,836.99,10043.88,730.83,3,20.9,7,22.0,1
CUST-1242,Novus Ventures #49,E-Commerce & Retail,Europe (EMEA),Growth,Multi-Year,Cloud Infrastructure Pro,2025-08-17,2026-08-19,12,12,1135.07,13620.84,1131.25,7,17.9,4,9.6,1
CUST-1243,Beacon Cloud #50,FinTech & Payments,Europe (EMEA),Mid-Market,Annual Prepaid,Cloud Infrastructure Pro,2026-03-19,2026-08-13,18,13,3167.04,41171.52,3752.05,0,9.3,10,25.5,0
CUST-1244,Elevate Ventures #51,Manufacturing & Logistics,Europe (EMEA),Growth,Month-to-Month,Enterprise Analytics Suite,2025-10-03,2026-06-25,67,12,1116.04,13392.48,982.75,5,13.6,5,6.4,0
CUST-1245,Acro Technologies #52,Healthcare IT,Europe (EMEA),Enterprise,Month-to-Month,AI Decision Platform,2026-01-29,2026-08-09,22,29,7389.75,214302.75,19443.26,1,13.0,5,17.6,0
CUST-1246,Novus Solutions #53,FinTech & Payments,North America,Enterprise,Multi-Year,Security & Compliance Shield,2025-12-07,2026-08-18,13,38,4712.23,179064.74,16979.49,6,15.9,5,7.3,0
CUST-1247,Quantum Technologies #54,Healthcare IT,Europe (EMEA),Starter,Quarterly,Cloud Infrastructure Pro,2025-12-22,2026-08-29,2,10,489.09,4890.9,399.8,1,14.8,8,5.2,0
CUST-1248,Vertex Capital #55,FinTech & Payments,Asia-Pacific,Mid-Market,Quarterly,Cloud Infrastructure Pro,2025-08-08,2026-08-27,4,24,2694.06,64657.44,4831.23,4,11.5,4,0.9,0
CUST-1249,Vanguard Technologies #56,Healthcare IT,North America,Growth,Month-to-Month,Cloud Infrastructure Pro,2026-02-09,2026-08-02,29,10,1965.09,19650.9,1395.0,4,13.6,4,22.5,0
CUST-1250,Novus Retail Group #57,SaaS & Cloud Software,Europe (EMEA),Mid-Market,Quarterly,API Data Hub,2026-05-08,2026-08-13,18,18,2179.89,39238.02,2928.9,5,19.9,5,4.7,1
CUST-1251,Zenith Networks #58,Healthcare IT,Europe (EMEA),Growth,Annual Prepaid,Security & Compliance Shield,2026-01-27,2026-08-14,17,12,1524.03,18288.36,1401.59,0,14.0,9,26.5,0
CUST-1252,Vertex Technologies #59,Healthcare IT,Europe (EMEA),Mid-Market,Multi-Year,AI Decision Platform,2025-12-12,2026-08-30,1,17,2031.37,34533.29,2901.85,2,11.5,6,9.2,0
CUST-1253,Kinetic Technologies #60,Manufacturing & Logistics,Latin America,Starter,Month-to-Month,AI Decision Platform,2025-07-05,2026-08-24,7,8,617.1,4936.8,335.42,2,22.3,6,13.4,1
CUST-1254,Stratum Health #61,SaaS & Cloud Software,Asia-Pacific,Growth,Quarterly,AI Decision Platform,2026-02-05,2026-08-26,5,12,1102.83,13233.96,957.58,1,16.5,8,41.0,1
CUST-1255,Pulse Logistics #62,Manufacturing & Logistics,North America,Mid-Market,Multi-Year,Enterprise Analytics Suite,2026-03-26,2026-08-24,7,22,2128.94,46836.68,3892.48,3,5.1,7,1.2,0
CUST-1256,Quantum Financial #63,Healthcare IT,North America,Mid-Market,Month-to-Month,API Data Hub,2025-10-11,2026-08-19,12,19,2331.43,44297.17,3542.89,3,7.2,6,20.0,0
CUST-1257,Zenith Labs #64,SaaS & Cloud Software,North America,Growth,Annual Prepaid,Enterprise Analytics Suite,2026-04-12,2026-08-05,26,14,510.81,7151.34,603.45,1,15.9,6,28.1,0
CUST-1258,Apex Logistics #65,E-Commerce & Retail,Latin America,Mid-Market,Annual Prepaid,API Data Hub,2026-04-11,2026-08-03,28,22,2863.2,62990.4,4862.35,5,12.6,4,3.0,0
CUST-1259,Synergy Capital #66,FinTech & Payments,Europe (EMEA),Enterprise,Annual Prepaid,Security & Compliance Shield,2026-02-17,2026-08-24,7,26,3987.17,103666.42,9807.56,1,21.8,6,6.3,0
CUST-1260,Nexus Systems #67,FinTech & Payments,Asia-Pacific,Starter,Annual Prepaid,Cloud Infrastructure Pro,2026-06-17,2026-08-29,2,7,499.82,3498.74,265.18,1,6.7,7,5.5,0
CUST-1261,Prism Global #68,Healthcare IT,North America,Growth,Annual Prepaid,Enterprise Analytics Suite,2026-02-07,2026-07-06,56,8,1469.82,11758.56,787.78,2,6.3,5,7.1,0
CUST-1262,Pinnacle Retail Group #69,SaaS & Cloud Software,Europe (EMEA),Mid-Market,Annual Prepaid,Cloud Infrastructure Pro,2025-09-20,2026-08-15,16,21,3392.6,71244.6,5980.27,3,3.7,7,4.0,0
CUST-1263,Acro Health #70,Healthcare IT,Asia-Pacific,Enterprise,Annual Prepaid,AI Decision Platform,2025-12-26,2026-07-28,34,31,4257.59,131985.29,9705.19,4,21.9,4,10.3,0
CUST-1264,Stratum Media #71,FinTech & Payments,North America,Enterprise,Multi-Year,Security & Compliance Shield,2026-01-19,2026-08-01,30,39,5622.45,219275.55,19064.67,3,5.9,5,23.7,0
CUST-1265,Aegis Financial #72,Healthcare IT,North America,Mid-Market,Month-to-Month,AI Decision Platform,2025-04-24,2026-08-07,24,14,2431.7,34043.8,2457.54,4,5.2,7,22.1,0
CUST-1266,Elevate Ventures #73,E-Commerce & Retail,Asia-Pacific,Growth,Annual Prepaid,Cloud Infrastructure Pro,2024-09-03,2026-08-29,2,9,1149.68,10347.12,865.0,1,17.3,4,11.9,0
CUST-1267,Beacon Solutions #74,FinTech & Payments,North America,Mid-Market,Multi-Year,Cloud Infrastructure Pro,2026-04-13,2026-07-23,39,16,2635.07,42161.12,3843.27,2,5.8,7,11.8,0
CUST-1268,Starlight Systems #75,Professional & Legal Services,Europe (EMEA),Mid-Market,Multi-Year,Enterprise Analytics Suite,2025-12-13,2026-08-25,6,19,2819.24,53565.56,4185.11,2,9.6,6,25.3,0
CUST-1269,Nexus Global #76,SaaS & Cloud Software,Latin America,Mid-Market,Annual Prepaid,Enterprise Analytics Suite,2026-02-13,2026-06-26,66,16,2681.03,42896.48,3058.28,3,5.8,5,23.4,1
CUST-1270,Novus Health #77,Manufacturing & Logistics,Asia-Pacific,Growth,Annual Prepaid,API Data Hub,2025-05-17,2026-08-03,28,12,1383.46,16601.52,1340.96,2,13.1,6,5.2,0
CUST-1271,Apex Logistics #78,FinTech & Payments,North America,Enterprise,Annual Prepaid,API Data Hub,2024-09-07,2026-08-09,22,36,6566.37,236389.32,17431.83,6,11.0,4,7.3,0
CUST-1272,Pinnacle Global #79,FinTech & Payments,Asia-Pacific,Growth,Quarterly,API Data Hub,2025-05-12,2026-08-14,17,16,1041.57,16665.12,1428.54,0,7.1,9,4.0,0
CUST-1273,Starlight Logistics #80,Manufacturing & Logistics,Europe (EMEA),Starter,Multi-Year,Cloud Infrastructure Pro,2026-05-14,2026-08-21,10,4,494.97,1979.88,151.69,0,5.7,8,12.7,0
CUST-1274,Synergy Dynamics #81,Healthcare IT,Asia-Pacific,Enterprise,Multi-Year,API Data Hub,2025-12-03,2026-08-15,16,33,7749.15,255721.95,20788.25,5,13.8,7,19.7,1
CUST-1275,Vanguard Media #82,FinTech & Payments,North America,Mid-Market,Multi-Year,Enterprise Analytics Suite,2025-11-06,2026-07-28,34,19,3173.38,60294.22,4720.72,3,10.3,4,38.6,0
CUST-1276,Nexus Logistics #83,SaaS & Cloud Software,North America,Starter,Multi-Year,Cloud Infrastructure Pro,2025-11-22,2026-08-14,17,6,473.9,2843.4,207.19,0,7.4,7,15.2,0
CUST-1277,CoreLogic Solutions #84,Healthcare IT,North America,Enterprise,Annual Prepaid,Enterprise Analytics Suite,2025-09-11,2026-08-09,22,29,8085.34,234474.86,22252.86,6,15.6,6,29.6,0
CUST-1278,Prism Ventures #85,E-Commerce & Retail,Asia-Pacific,Enterprise,Annual Prepaid,Enterprise Analytics Suite,2025-05-02,2026-07-04,58,39,6557.32,255735.48,22370.77,3,10.8,4,50.0,0
CUST-1279,Pulse Capital #86,SaaS & Cloud Software,Europe (EMEA),Enterprise,Quarterly,AI Decision Platform,2026-02-04,2026-07-08,54,36,6058.39,218102.04,19985.93,4,7.8,4,15.6,1
CUST-1280,Starlight Capital #87,Healthcare IT,Asia-Pacific,Growth,Multi-Year,Enterprise Analytics Suite,2024-11-22,2026-08-28,3,10,1401.73,14017.3,968.67,1,10.8,6,21.4,0
CUST-1281,Novus Networks #88,SaaS & Cloud Software,Europe (EMEA),Starter,Quarterly,API Data Hub,2025-11-10,2026-08-01,30,2,489.85,979.7,78.49,2,4.1,8,39.2,0
CUST-1282,Quantum Global #89,SaaS & Cloud Software,North America,Mid-Market,Quarterly,Cloud Infrastructure Pro,2025-11-07,2026-08-13,18,24,2738.03,65712.72,5554.36,1,9.9,6,9.0,0
CUST-1283,Pulse Labs #90,FinTech & Payments,North America,Growth,Month-to-Month,API Data Hub,2025-07-16,2026-08-09,22,12,1467.85,17614.2,1474.24,5,11.2,5,12.5,0
CUST-1284,Acro Capital #91,Professional & Legal Services,Europe (EMEA),Mid-Market,Annual Prepaid,Cloud Infrastructure Pro,2026-05-07,2026-08-21,10,19,2184.32,41502.08,3067.48,2,12.0,7,23.5,0
CUST-1285,Stratum Technologies #92,SaaS & Cloud Software,Europe (EMEA),Growth,Annual Prepaid,Enterprise Analytics Suite,2025-01-18,2026-08-26,5,10,1119.86,11198.6,935.58,1,2.4,8,13.4,0
CUST-1286,Pinnacle Health #93,E-Commerce & Retail,North America,Growth,Quarterly,Security & Compliance Shield,2026-01-16,2026-07-29,33,11,1736.67,19103.37,1421.82,3,18.8,1,34.9,0
CUST-1287,Nexus Health #94,Healthcare IT,North America,Starter,Month-to-Month,Cloud Infrastructure Pro,2026-02-05,2026-08-20,11,6,561.54,3369.24,218.89,3,14.6,7,19.9,0
CUST-1288,Vanguard Logistics #95,E-Commerce & Retail,North America,Enterprise,Annual Prepaid,Enterprise Analytics Suite,2025-11-10,2026-08-14,17,31,6432.63,199411.53,19033.72,3,22.6,6,41.9,0
CUST-1289,Solstice Capital #96,FinTech & Payments,Europe (EMEA),Starter,Month-to-Month,AI Decision Platform,2026-04-19,2026-08-24,7,6,412.97,2477.82,188.94,3,10.7,9,18.1,0
CUST-1290,CoreLogic Ventures #97,E-Commerce & Retail,North America,Mid-Market,Annual Prepaid,Enterprise Analytics Suite,2025-06-08,2026-08-19,12,25,2758.75,68968.75,5631.97,3,7.7,2,5.1,0
CUST-1291,Prism Technologies #1,Healthcare IT,Europe (EMEA),Mid-Market,Quarterly,Cloud Infrastructure Pro,2025-08-13,2026-08-20,11,18,2976.9,53584.2,4565.0,5,26.3,5,7.0,0
CUST-1292,Pinnacle Solutions #2,SaaS & Cloud Software,Europe (EMEA),Mid-Market,Multi-Year,Enterprise Analytics Suite,2025-09-09,2026-08-10,21,23,2930.0,67390.0,5209.24,2,12.1,3,6.0,0
CUST-1293,Nexus Health #3,FinTech & Payments,North America,Growth,Quarterly,AI Decision Platform,2024-08-04,2026-08-30,1,7,1667.25,11670.75,1019.19,1,36.1,6,2.3,0
CUST-1294,Omni Health #4,SaaS & Cloud Software,Asia-Pacific,Mid-Market,Multi-Year,Enterprise Analytics Suite,2026-04-06,2026-07-09,53,17,3439.95,58479.15,4146.86,4,12.9,4,9.0,0
CUST-1295,Stratum Systems #5,FinTech & Payments,North America,Enterprise,Annual Prepaid,AI Decision Platform,2026-01-20,2026-08-22,9,26,5833.94,151682.44,10800.33,3,4.7,8,12.7,0
CUST-1296,Terra Systems #6,SaaS & Cloud Software,Europe (EMEA),Enterprise,Multi-Year,Cloud Infrastructure Pro,2025-09-23,2026-08-10,21,38,4244.79,161302.02,12014.38,4,6.5,6,5.9,0
CUST-1297,Prism Capital #7,SaaS & Cloud Software,Asia-Pacific,Growth,Quarterly,API Data Hub,2026-04-20,2026-08-15,16,15,1148.43,17226.45,1239.02,2,5.7,7,5.4,0
CUST-1298,Elevate Retail Group #8,Manufacturing & Logistics,Europe (EMEA),Mid-Market,Annual Prepaid,Security & Compliance Shield,2026-04-11,2026-08-26,5,17,3222.81,54787.77,4384.39,3,16.1,7,22.1,0
CUST-1299,Stratum Retail Group #9,E-Commerce & Retail,Asia-Pacific,Growth,Month-to-Month,Enterprise Analytics Suite,2025-07-04,2026-08-28,3,15,1190.51,17857.65,1406.8,2,15.9,4,3.5,0
CUST-1300,Beacon Media #10,FinTech & Payments,Europe (EMEA),Starter,Month-to-Month,Enterprise Analytics Suite,2025-11-07,2026-08-14,17,1,547.21,547.21,39.77,0,7.0,5,32.8,0
CUST-1301,Starlight Health #11,Healthcare IT,North America,Growth,Quarterly,Enterprise Analytics Suite,2026-02-24,2026-08-24,7,17,1281.45,21784.65,1587.33,2,6.5,5,5.8,0
CUST-1302,Pinnacle Labs #12,Manufacturing & Logistics,North America,Starter,Annual Prepaid,AI Decision Platform,2025-09-27,2026-08-19,12,5,480.38,2401.9,186.4,0,15.3,7,35.7,0
CUST-1303,Beacon Global #13,SaaS & Cloud Software,North America,Growth,Annual Prepaid,Enterprise Analytics Suite,2024-07-29,2026-08-06,25,10,1317.23,13172.3,1139.0,3,7.1,5,10.3,0
CUST-1304,CoreLogic Capital #14,SaaS & Cloud Software,Europe (EMEA),Starter,Month-to-Month,Enterprise Analytics Suite,2026-04-12,2026-08-09,22,6,449.35,2696.1,169.68,3,6.8,6,11.1,0
CUST-1305,Pinnacle Networks #15,Professional & Legal Services,North America,Starter,Quarterly,AI Decision Platform,2025-05-23,2026-08-16,15,5,615.87,3079.35,226.72,1,15.5,6,21.5,0
CUST-1306,Elevate Dynamics #16,E-Commerce & Retail,North America,Mid-Market,Annual Prepaid,Cloud Infrastructure Pro,2026-01-28,2026-08-28,3,27,2384.96,64393.92,5038.32,3,5.0,6,13.2,0
CUST-1307,Vertex Global #17,SaaS & Cloud Software,North America,Growth,Quarterly,API Data Hub,2026-04-26,2026-08-06,25,12,1289.75,15477.0,1157.44,2,17.5,5,13.1,0
CUST-1308,Beacon Systems #18,SaaS & Cloud Software,North America,Enterprise,Multi-Year,Cloud Infrastructure Pro,2025-06-12,2026-08-28,3,31,5579.08,172951.48,14801.05,2,22.8,7,25.4,0
CUST-1309,Starlight Labs #19,SaaS & Cloud Software,North America,Enterprise,Annual Prepaid,AI Decision Platform,2025-06-10,2026-08-07,24,31,6174.77,191417.87,15464.09,4,8.8,9,27.4,0
CUST-1310,Kinetic Cloud #20,FinTech & Payments,North America,Growth,Multi-Year,Cloud Infrastructure Pro,2026-04-30,2026-08-03,28,10,643.74,6437.4,503.58,2,6.3,7,45.9,0
CUST-1311,Pinnacle Solutions #21,E-Commerce & Retail,North America,Enterprise,Annual Prepaid,Cloud Infrastructure Pro,2026-03-22,2026-08-24,7,39,5633.91,219722.49,20170.73,6,22.2,5,35.9,0
CUST-1312,Crestview Cloud #22,SaaS & Cloud Software,North America,Mid-Market,Month-to-Month,Enterprise Analytics Suite,2025-07-21,2026-04-29,124,15,2680.27,40204.05,3485.1,3,8.8,4,3.5,1
CUST-1313,Terra Media #23,SaaS & Cloud Software,North America,Growth,Quarterly,Enterprise Analytics Suite,2025-03-27,2026-08-29,2,11,692.22,7614.42,575.71,1,7.2,8,11.1,1
CUST-1314,Nexus Financial #24,FinTech & Payments,Europe (EMEA),Growth,Quarterly,Enterprise Analytics Suite,2025-02-22,2026-08-15,16,9,1290.32,11612.88,989.52,5,8.6,3,10.9,1
CUST-1315,Vertex Capital #25,Manufacturing & Logistics,Europe (EMEA),Enterprise,Multi-Year,Cloud Infrastructure Pro,2025-11-13,2026-07-24,38,33,6067.51,200227.83,14207.96,3,17.9,7,1.6,0
CUST-1316,Kinetic Global #26,Healthcare IT,North America,Starter,Annual Prepaid,AI Decision Platform,2025-11-04,2026-08-23,8,6,571.2,3427.2,265.45,2,9.4,8,12.0,0
CUST-1317,CoreLogic Networks #27,SaaS & Cloud Software,North America,Mid-Market,Annual Prepaid,API Data Hub,2024-08-20,2026-08-11,20,19,2209.61,41982.59,3387.29,4,9.3,6,2.4,0
CUST-1318,Omni Capital #28,Healthcare IT,North America,Mid-Market,Annual Prepaid,Cloud Infrastructure Pro,2025-07-01,2026-08-25,6,20,3086.16,61723.2,4994.78,4,8.1,6,27.1,0
CUST-1319,CoreLogic Health #29,Professional & Legal Services,Europe (EMEA),Mid-Market,Multi-Year,AI Decision Platform,2025-04-01,2026-08-29,2,19,2455.39,46652.41,3992.83,4,12.7,7,18.2,0
CUST-1320,Pulse Retail Group #30,SaaS & Cloud Software,Europe (EMEA),Mid-Market,Multi-Year,Cloud Infrastructure Pro,2025-11-08,2026-07-06,56,20,2851.06,57021.2,4079.74,3,10.7,4,2.2,0
CUST-1321,Apex Cloud #31,FinTech & Payments,Europe (EMEA),Mid-Market,Annual Prepaid,Cloud Infrastructure Pro,2025-05-12,2026-08-10,21,21,1922.15,40365.15,3145.97,5,12.1,6,4.7,0
CUST-1322,Aegis Ventures #32,SaaS & Cloud Software,North America,Mid-Market,Annual Prepaid,Cloud Infrastructure Pro,2025-05-14,2026-07-14,48,18,3721.21,66981.78,5606.99,1,3.3,6,37.0,0
CUST-1323,Acro Media #33,FinTech & Payments,North America,Mid-Market,Annual Prepaid,Cloud Infrastructure Pro,2026-05-15,2026-08-10,21,18,1777.46,31994.28,2712.15,3,15.5,6,15.9,1
CUST-1324,Horizon Networks #34,FinTech & Payments,North America,Enterprise,Multi-Year,Enterprise Analytics Suite,2024-07-10,2026-08-08,23,23,5122.02,117806.46,9192.77,6,12.2,2,50.0,0
CUST-1325,Horizon Labs #35,FinTech & Payments,Asia-Pacific,Growth,Multi-Year,Cloud Infrastructure Pro,2026-04-18,2026-08-08,23,9,1342.09,12078.81,978.8,2,18.8,6,1.8,0
CUST-1326,Starlight Technologies #36,SaaS & Cloud Software,Asia-Pacific,Mid-Market,Month-to-Month,AI Decision Platform,2026-02-18,2026-08-05,26,14,2979.38,41711.32,3233.9,1,6.2,5,16.6,0
CUST-1327,Apex Media #37,SaaS & Cloud Software,Europe (EMEA),Growth,Month-to-Month,Enterprise Analytics Suite,2025-04-07,2026-08-03,28,15,833.2,12498.0,957.02,1,10.6,5,20.9,1
CUST-1328,Pinnacle Solutions #38,Professional & Legal Services,North America,Growth,Multi-Year,API Data Hub,2025-10-15,2026-08-08,23,12,1117.52,13410.24,1151.67,3,3.3,5,2.8,0
CUST-1329,Quantum Retail Group #39,FinTech & Payments,Europe (EMEA),Mid-Market,Month-to-Month,API Data Hub,2025-10-01,2026-08-29,2,23,2880.89,66260.47,5018.8,5,13.6,6,0.5,0
CUST-1330,Pulse Technologies #40,E-Commerce & Retail,Latin America,Enterprise,Month-to-Month,Enterprise Analytics Suite,2026-05-19,2026-08-15,16,30,5873.65,176209.5,13128.9,11,16.1,2,7.5,1
CUST-1331,Acro Systems #41,SaaS & Cloud Software,Europe (EMEA),Growth,Annual Prepaid,AI Decision Platform,2026-04-30,2026-08-22,9,10,1860.6,18606.0,1260.95,2,19.6,6,3.0,0
CUST-1332,Crestview Health #42,Manufacturing & Logistics,Europe (EMEA),Growth,Multi-Year,Enterprise Analytics Suite,2025-11-16,2026-08-17,14,8,1839.55,14716.4,1063.65,2,14.2,7,23.0,0
CUST-1333,Nexus Financial #43,FinTech & Payments,Asia-Pacific,Growth,Annual Prepaid,API Data Hub,2025-10-15,2026-07-25,37,10,1717.3,17173.0,1416.62,4,6.3,5,15.2,0
CUST-1334,Quantum Labs #44,SaaS & Cloud Software,North America,Mid-Market,Annual Prepaid,Enterprise Analytics Suite,2024-11-03,2026-08-27,4,13,2718.76,35343.88,2824.6,4,9.7,7,14.4,0
CUST-1335,Zenith Financial #45,Manufacturing & Logistics,Asia-Pacific,Mid-Market,Annual Prepaid,Enterprise Analytics Suite,2025-12-13,2026-08-12,19,22,3605.96,79331.12,6383.78,3,10.9,7,17.1,0
CUST-1336,Aegis Labs #46,E-Commerce & Retail,North America,Mid-Market,Multi-Year,API Data Hub,2025-10-20,2026-08-05,26,24,2715.87,65180.88,5396.37,4,21.2,4,20.0,0
CUST-1337,Novus Media #47,FinTech & Payments,Europe (EMEA),Mid-Market,Annual Prepaid,AI Decision Platform,2025-02-13,2026-08-21,10,22,1481.87,32601.14,2315.25,4,17.0,4,3.4,0
CUST-1338,Zenith Capital #48,FinTech & Payments,Europe (EMEA),Starter,Annual Prepaid,Enterprise Analytics Suite,2025-07-05,2026-08-08,23,4,513.95,2055.8,166.08,2,9.4,5,30.8,0
CUST-1339,Apex Media #49,FinTech & Payments,Asia-Pacific,Mid-Market,Month-to-Month,Enterprise Analytics Suite,2025-10-05,2026-07-23,39,25,2691.12,67278.0,5888.24,4,16.2,6,21.1,1
CUST-1340,Crestview Solutions #50,Healthcare IT,Europe (EMEA),Mid-Market,Annual Prepaid,AI Decision Platform,2025-09-10,2026-08-05,26,22,3101.12,68224.64,5428.89,3,8.7,10,4.0,0
CUST-1341,Omni Financial #51,SaaS & Cloud Software,Europe (EMEA),Growth,Quarterly,AI Decision Platform,2024-11-22,2026-08-09,22,8,1334.76,10678.08,761.42,5,10.5,4,4.6,0
CUST-1342,Nexus Solutions #52,SaaS & Cloud Software,North America,Enterprise,Annual Prepaid,API Data Hub,2025-09-22,2026-08-04,27,25,6627.32,165683.0,12300.25,6,8.5,5,23.2,0
CUST-1343,Prism Ventures #53,Healthcare IT,North America,Growth,Month-to-Month,Cloud Infrastructure Pro,2026-01-23,2026-08-13,18,7,1423.95,9967.65,837.26,1,15.9,5,3.6,1
CUST-1344,Pulse Global #54,Professional & Legal Services,Latin America,Growth,Annual Prepaid,Enterprise Analytics Suite,2026-05-22,2026-08-28,3,9,1636.02,14724.18,1031.96,2,13.9,7,9.3,0
CUST-1345,Horizon Media #55,FinTech & Payments,Europe (EMEA),Growth,Annual Prepaid,AI Decision Platform,2025-06-06,2026-08-16,15,11,1735.66,19092.26,1374.7,3,17.9,6,29.8,0
CUST-1346,Aegis Labs #56,SaaS & Cloud Software,Latin America,Enterprise,Annual Prepaid,Security & Compliance Shield,2024-08-29,2026-07-30,32,31,5289.84,163985.04,14891.51,3,7.9,3,6.4,0
CUST-1347,CoreLogic Logistics #57,E-Commerce & Retail,Europe (EMEA),Starter,Annual Prepaid,Enterprise Analytics Suite,2026-03-06,2026-08-30,1,4,551.91,2207.64,166.59,1,7.6,7,23.6,0
CUST-1348,Novus Global #58,FinTech & Payments,Asia-Pacific,Enterprise,Month-to-Month,Enterprise Analytics Suite,2024-05-20,2026-08-15,16,35,4977.4,174209.0,14580.06,7,9.4,5,16.2,0
CUST-1349,Pulse Dynamics #59,E-Commerce & Retail,Europe (EMEA),Mid-Market,Annual Prepaid,AI Decision Platform,2025-08-27,2026-08-13,18,17,2320.58,39449.86,3431.44,3,23.7,4,17.0,0
CUST-1350,Stratum Cloud #60,Manufacturing & Logistics,North America,Growth,Multi-Year,API Data Hub,2025-07-30,2026-08-16,15,10,1682.75,16827.5,1278.94,5,18.2,7,5.0,0
CUST-1351,Horizon Dynamics #61,FinTech & Payments,Asia-Pacific,Mid-Market,Month-to-Month,AI Decision Platform,2025-09-17,2026-08-25,6,20,1637.18,32743.6,2355.05,6,16.1,6,15.3,0
CUST-1352,Quantum Health #62,SaaS & Cloud Software,North America,Enterprise,Multi-Year,AI Decision Platform,2025-10-20,2026-07-03,59,35,7318.74,256155.9,24063.6,3,15.3,6,4.8,0
CUST-1353,Pinnacle Capital #63,Healthcare IT,Asia-Pacific,Enterprise,Quarterly,AI Decision Platform,2025-11-04,2026-08-24,7,42,3090.47,129799.74,9341.96,4,6.2,6,1.6,0
CUST-1354,Horizon Networks #64,SaaS & Cloud Software,North America,Mid-Market,Annual Prepaid,AI Decision Platform,2026-02-16,2026-08-04,27,24,3407.67,81784.08,5970.37,5,7.9,8,45.2,0
CUST-1355,Nexus Ventures #65,SaaS & Cloud Software,North America,Growth,Annual Prepaid,AI Decision Platform,2026-01-06,2026-07-23,39,15,1665.51,24982.65,1676.03,2,10.2,7,13.1,0
CUST-1356,Prism Health #66,FinTech & Payments,Asia-Pacific,Growth,Annual Prepaid,Cloud Infrastructure Pro,2026-03-21,2026-08-26,5,13,1455.07,18915.91,1574.58,3,12.3,7,33.1,0
CUST-1357,Quantum Dynamics #67,Manufacturing & Logistics,North America,Mid-Market,Month-to-Month,Enterprise Analytics Suite,2025-02-13,2026-06-10,82,15,1661.01,24915.15,1964.03,3,7.8,2,33.6,0
CUST-1358,Acro Health #68,FinTech & Payments,Europe (EMEA),Starter,Annual Prepaid,Cloud Infrastructure Pro,2026-01-28,2026-08-12,19,3,990.95,2972.85,240.07,1,17.9,6,12.0,0
CUST-1359,Pulse Systems #69,Healthcare IT,Latin America,Starter,Multi-Year,Enterprise Analytics Suite,2025-10-29,2026-07-26,36,2,675.29,1350.58,107.51,1,13.0,7,1.7,0
CUST-1360,Solstice Health #70,Manufacturing & Logistics,North America,Enterprise,Annual Prepaid,AI Decision Platform,2025-07-17,2026-08-27,4,35,5556.11,194463.85,14004.96,4,8.2,4,10.1,0
CUST-1361,Nexus Solutions #71,E-Commerce & Retail,Europe (EMEA),Mid-Market,Annual Prepaid,Security & Compliance Shield,2025-11-24,2026-08-04,27,16,2783.63,44538.08,3287.06,4,14.7,6,24.0,0
CUST-1362,Apex Technologies #72,Healthcare IT,Europe (EMEA),Enterprise,Multi-Year,AI Decision Platform,2026-03-28,2026-07-23,39,33,5366.06,177079.98,13054.16,6,24.8,5,12.0,0
CUST-1363,Quantum Technologies #73,Healthcare IT,North America,Enterprise,Annual Prepaid,AI Decision Platform,2025-12-06,2026-08-24,7,28,4620.97,129387.16,11455.11,4,6.9,6,23.7,0
CUST-1364,CoreLogic Health #74,SaaS & Cloud Software,Europe (EMEA),Growth,Annual Prepaid,Cloud Infrastructure Pro,2025-06-16,2026-08-18,13,12,1241.5,14898.0,1087.98,4,6.9,6,10.5,1
CUST-1365,Synergy Capital #75,SaaS & Cloud Software,Europe (EMEA),Starter,Multi-Year,API Data Hub,2026-05-25,2026-07-17,45,5,1046.17,5230.85,379.7,3,9.2,5,14.6,0
CUST-1366,Apex Logistics #76,Healthcare IT,North America,Mid-Market,Annual Prepaid,Security & Compliance Shield,2026-02-15,2026-08-24,7,18,2793.42,50281.56,4127.59,4,9.3,7,2.9,0
CUST-1367,Aegis Logistics #77,FinTech & Payments,Latin America,Mid-Market,Multi-Year,API Data Hub,2024-10-03,2026-08-20,11,17,3795.26,64519.42,5479.09,4,5.6,8,4.4,0
CUST-1368,Solstice Ventures #78,Manufacturing & Logistics,Europe (EMEA),Enterprise,Annual Prepaid,Enterprise Analytics Suite,2025-02-25,2026-08-02,29,34,6568.38,223324.92,20878.58,6,10.8,6,41.1,0
CUST-1369,Solstice Labs #79,Healthcare IT,Asia-Pacific,Growth,Annual Prepaid,API Data Hub,2026-05-01,2026-08-19,12,6,1129.95,6779.7,558.53,2,17.0,7,6.3,0
CUST-1370,Synergy Cloud #80,Healthcare IT,North America,Mid-Market,Month-to-Month,Cloud Infrastructure Pro,2026-01-21,2026-05-09,114,17,2951.52,50175.84,3831.97,2,14.9,4,13.5,0
CUST-1371,Beacon Capital #81,FinTech & Payments,Asia-Pacific,Mid-Market,Annual Prepaid,Security & Compliance Shield,2025-12-15,2026-08-27,4,20,2560.33,51206.6,3696.68,1,1.6,8,10.2,0
CUST-1372,Quantum Networks #82,FinTech & Payments,North America,Starter,Month-to-Month,Cloud Infrastructure Pro,2026-05-02,2026-08-20,11,3,697.36,2092.08,133.98,0,1.4,9,17.6,0
CUST-1373,Horizon Capital #83,E-Commerce & Retail,North America,Growth,Month-to-Month,AI Decision Platform,2026-01-14,2026-08-29,2,9,1124.7,10122.3,732.01,2,5.4,8,16.4,0
CUST-1374,Terra Health #84,Manufacturing & Logistics,North America,Enterprise,Multi-Year,Enterprise Analytics Suite,2026-04-07,2026-08-27,4,34,5788.27,196801.18,15951.61,2,6.1,10,10.3,0
CUST-1375,Starlight Ventures #85,Manufacturing & Logistics,Europe (EMEA),Mid-Market,Annual Prepaid,Cloud Infrastructure Pro,2025-01-11,2026-07-29,33,16,2140.13,34242.08,3020.0,6,26.1,5,10.9,1
CUST-1376,Stratum Media #86,Manufacturing & Logistics,Europe (EMEA),Mid-Market,Quarterly,AI Decision Platform,2025-08-03,2026-06-29,63,19,2377.23,45167.37,3405.68,4,6.1,5,14.5,0
CUST-1377,Beacon Technologies #87,Manufacturing & Logistics,North America,Mid-Market,Annual Prepaid,Cloud Infrastructure Pro,2026-01-21,2026-05-23,100,22,1941.09,42703.98,3051.73,3,7.9,3,5.7,1
CUST-1378,Solstice Health #88,E-Commerce & Retail,North America,Mid-Market,Month-to-Month,Enterprise Analytics Suite,2025-08-17,2026-08-09,22,26,2715.98,70615.48,6147.07,1,4.8,6,20.9,0
CUST-1379,Prism Dynamics #89,Manufacturing & Logistics,Europe (EMEA),Growth,Annual Prepaid,Cloud Infrastructure Pro,2025-04-28,2026-07-13,49,7,1115.43,7808.01,523.92,4,20.2,3,9.2,0
CUST-1380,Vertex Capital #90,E-Commerce & Retail,North America,Mid-Market,Annual Prepaid,AI Decision Platform,2025-11-28,2026-08-08,23,11,1329.7,14626.7,1126.2,2,9.7,6,3.2,0
CUST-1381,Pulse Networks #91,Manufacturing & Logistics,Europe (EMEA),Starter,Quarterly,Enterprise Analytics Suite,2026-05-02,2026-08-07,24,3,606.2,1818.6,141.6,1,10.9,8,20.1,0
CUST-1382,Aegis Dynamics #92,Manufacturing & Logistics,Asia-Pacific,Mid-Market,Annual Prepaid,Enterprise Analytics Suite,2026-02-04,2026-08-21,10,15,2095.85,31437.75,2329.26,1,6.9,6,14.1,0
CUST-1383,Synergy Ventures #93,SaaS & Cloud Software,Europe (EMEA),Starter,Month-to-Month,Cloud Infrastructure Pro,2024-11-14,2026-08-21,10,7,377.66,2643.62,203.52,2,10.9,7,6.5,0
CUST-1384,CoreLogic Health #94,SaaS & Cloud Software,Asia-Pacific,Mid-Market,Month-to-Month,Enterprise Analytics Suite,2025-09-06,2026-08-28,3,16,3068.81,49100.96,3916.57,7,13.6,5,32.7,0
CUST-1385,Apex Capital #95,SaaS & Cloud Software,Latin America,Mid-Market,Annual Prepaid,Enterprise Analytics Suite,2024-09-18,2026-08-03,28,15,2227.19,33407.85,2917.82,0,29.2,7,3.2,0
CUST-1386,Pulse Health #96,FinTech & Payments,North America,Mid-Market,Annual Prepaid,AI Decision Platform,2026-02-09,2026-08-26,5,18,2223.77,40027.86,3366.47,2,8.9,10,2.8,0
CUST-1387,Elevate Global #97,SaaS & Cloud Software,North America,Growth,Multi-Year,AI Decision Platform,2026-01-18,2026-08-24,7,11,1094.14,12035.54,1014.89,2,17.2,8,20.1,0
CUST-1388,Terra Systems #1,FinTech & Payments,Asia-Pacific,Enterprise,Annual Prepaid,Cloud Infrastructure Pro,2025-09-18,2026-08-26,5,38,3814.79,144962.02,11419.72,4,14.4,6,16.5,0
CUST-1389,Acro Technologies #2,E-Commerce & Retail,Europe (EMEA),Mid-Market,Month-to-Month,Enterprise Analytics Suite,2025-12-14,2026-08-22,9,17,2926.34,49747.78,4128.79,4,14.3,7,9.5,0
CUST-1390,Crestview Cloud #3,FinTech & Payments,Europe (EMEA),Growth,Multi-Year,API Data Hub,2024-06-04,2026-07-27,35,9,1440.39,12963.51,1124.96,7,18.7,4,15.8,0
CUST-1391,Omni Labs #4,FinTech & Payments,North America,Mid-Market,Annual Prepaid,Cloud Infrastructure Pro,2024-11-02,2026-08-25,6,24,2220.93,53302.32,4133.79,1,6.3,6,8.9,0
CUST-1392,Zenith Systems #5,SaaS & Cloud Software,Europe (EMEA),Enterprise,Quarterly,AI Decision Platform,2026-01-30,2026-08-07,24,30,4021.99,120659.7,11432.69,5,8.1,8,8.7,0
CUST-1393,Zenith Health #6,Healthcare IT,North America,Growth,Quarterly,Security & Compliance Shield,2025-11-06,2026-08-12,19,15,940.16,14102.4,1025.07,4,6.1,7,20.9,0
CUST-1394,Acro Dynamics #7,Manufacturing & Logistics,North America,Growth,Annual Prepaid,Enterprise Analytics Suite,2024-12-26,2026-08-29,2,8,1513.58,12108.64,982.01,2,5.6,5,14.9,0
CUST-1395,Pinnacle Labs #8,FinTech & Payments,Asia-Pacific,Mid-Market,Annual Prepaid,Cloud Infrastructure Pro,2025-12-02,2026-08-17,14,14,3484.35,48780.9,4425.3,7,10.9,5,12.9,0
CUST-1396,Novus Retail Group #9,SaaS & Cloud Software,Europe (EMEA),Enterprise,Annual Prepaid,AI Decision Platform,2025-10-12,2026-08-10,21,30,3551.58,106547.4,8052.64,3,11.6,5,8.9,0
CUST-1397,Aegis Ventures #10,SaaS & Cloud Software,Europe (EMEA),Growth,Month-to-Month,Cloud Infrastructure Pro,2025-07-23,2026-08-20,11,11,1512.5,16637.5,1322.13,2,7.0,7,14.2,1
CUST-1398,Elevate Retail Group #11,SaaS & Cloud Software,North America,Mid-Market,Multi-Year,Enterprise Analytics Suite,2025-08-31,2026-07-31,31,16,2208.12,35329.92,2662.75,2,17.8,8,33.7,0
CUST-1399,Elevate Health #12,Manufacturing & Logistics,North America,Enterprise,Quarterly,Enterprise Analytics Suite,2026-02-25,2026-08-29,2,28,4773.71,133663.88,10590.35,1,13.3,8,9.5,0
CUST-1400,Solstice Capital #13,Healthcare IT,Latin America,Mid-Market,Month-to-Month,Cloud Infrastructure Pro,2025-02-25,2026-08-08,23,20,2648.83,52976.6,4682.04,2,8.7,6,16.4,0
CUST-1401,Starlight Media #14,Healthcare IT,Europe (EMEA),Mid-Market,Annual Prepaid,Enterprise Analytics Suite,2026-01-05,2026-07-03,59,15,2734.3,41014.5,3486.12,3,6.3,6,15.2,0
CUST-1402,Vanguard Systems #15,SaaS & Cloud Software,Europe (EMEA),Starter,Annual Prepaid,AI Decision Platform,2025-12-17,2026-08-28,3,4,563.36,2253.44,168.75,1,1.5,8,20.4,0
CUST-1403,Zenith Cloud #16,Professional & Legal Services,Europe (EMEA),Starter,Quarterly,Cloud Infrastructure Pro,2026-03-04,2026-08-29,2,3,833.1,2499.3,170.65,2,26.8,7,5.6,0
CUST-1404,Acro Systems #17,Manufacturing & Logistics,Europe (EMEA),Starter,Quarterly,AI Decision Platform,2026-03-15,2026-08-05,26,3,895.95,2687.85,172.41,1,6.3,6,9.8,0
CUST-1405,Horizon Financial #18,Professional & Legal Services,North America,Enterprise,Annual Prepaid,Enterprise Analytics Suite,2026-02-02,2026-07-23,39,34,5678.03,193053.02,13904.72,6,26.3,4,5.2,0
CUST-1406,Starlight Solutions #19,SaaS & Cloud Software,Europe (EMEA),Enterprise,Annual Prepaid,AI Decision Platform,2025-11-06,2026-08-02,29,37,6414.13,237322.81,19168.49,4,17.6,6,43.2,0
CUST-1407,Aegis Logistics #20,FinTech & Payments,North America,Growth,Annual Prepaid,AI Decision Platform,2025-08-05,2026-08-29,2,10,1558.15,15581.5,1209.21,0,10.9,7,24.1,0
CUST-1408,Zenith Retail Group #21,FinTech & Payments,Europe (EMEA),Growth,Month-to-Month,Security & Compliance Shield,2026-01-13,2026-07-15,47,5,1787.87,8939.35,664.32,2,12.3,7,15.2,0
CUST-1409,Acro Solutions #22,FinTech & Payments,North America,Growth,Multi-Year,AI Decision Platform,2025-10-11,2026-07-07,55,10,1801.39,18013.9,1547.86,4,13.0,5,2.0,0
CUST-1410,Synergy Health #23,FinTech & Payments,Latin America,Growth,Multi-Year,AI Decision Platform,2026-01-30,2026-08-14,17,8,2101.01,16808.08,1221.16,2,7.2,5,15.3,0
CUST-1411,Kinetic Capital #24,Healthcare IT,Asia-Pacific,Enterprise,Quarterly,Enterprise Analytics Suite,2026-03-04,2026-08-27,4,31,5099.01,158069.31,12384.43,4,12.7,5,38.9,0
CUST-1412,Kinetic Cloud #25,FinTech & Payments,North America,Growth,Annual Prepaid,Enterprise Analytics Suite,2025-11-08,2026-07-23,39,14,1309.78,18336.92,1433.93,3,14.2,5,14.1,0
CUST-1413,Novus Technologies #26,Healthcare IT,Europe (EMEA),Enterprise,Month-to-Month,Cloud Infrastructure Pro,2025-11-23,2026-06-15,77,29,4321.27,125316.83,11532.67,9,14.7,1,25.0,0
CUST-1414,Solstice Networks #27,FinTech & Payments,North America,Mid-Market,Quarterly,API Data Hub,2026-04-22,2026-07-27,35,19,3364.79,63931.01,5271.71,1,16.2,5,32.3,0
CUST-1415,Aegis Media #28,SaaS & Cloud Software,Europe (EMEA),Enterprise,Annual Prepaid,Enterprise Analytics Suite,2026-03-20,2026-08-05,26,34,5233.87,177951.58,14617.69,2,5.3,8,10.4,0
CUST-1416,Vanguard Cloud #29,Healthcare IT,North America,Starter,Annual Prepaid,API Data Hub,2025-10-30,2026-08-30,1,2,555.64,1111.28,71.19,0,15.2,8,12.8,0
CUST-1417,Nexus Capital #30,SaaS & Cloud Software,Latin America,Growth,Month-to-Month,Cloud Infrastructure Pro,2025-09-30,2026-06-21,71,6,1280.13,7680.78,544.19,1,4.3,5,2.8,0
CUST-1418,Solstice Retail Group #31,Healthcare IT,Latin America,Growth,Multi-Year,AI Decision Platform,2026-03-04,2026-08-14,17,11,1118.62,12304.82,1024.52,1,15.1,7,39.3,0
CUST-1419,Kinetic Global #32,Professional & Legal Services,North America,Mid-Market,Month-to-Month,Enterprise Analytics Suite,2026-03-26,2026-08-23,8,16,3105.9,49694.4,3890.91,2,5.3,7,6.8,0
CUST-1420,Terra Systems #33,E-Commerce & Retail,North America,Growth,Month-to-Month,Enterprise Analytics Suite,2026-01-20,2026-05-20,103,5,1862.23,9311.15,730.71,2,8.9,3,23.3,0
CUST-1421,Zenith Health #34,Professional & Legal Services,Asia-Pacific,Mid-Market,Multi-Year,Enterprise Analytics Suite,2025-06-24,2026-08-22,9,23,1993.6,45852.8,3688.54,5,9.7,7,6.2,0
CUST-1422,Omni Logistics #35,E-Commerce & Retail,North America,Growth,Annual Prepaid,Cloud Infrastructure Pro,2026-06-11,2026-08-15,16,15,1595.67,23935.05,2028.48,2,2.7,5,14.5,0
CUST-1423,Apex Labs #36,FinTech & Payments,Latin America,Enterprise,Quarterly,Cloud Infrastructure Pro,2026-03-07,2026-08-17,14,28,5597.65,156734.2,11963.1,3,13.2,5,28.1,0
CUST-1424,Pinnacle Financial #37,Manufacturing & Logistics,North America,Mid-Market,Annual Prepaid,AI Decision Platform,2025-05-26,2026-08-23,8,24,2868.91,68853.84,5174.74,3,6.9,4,10.4,0
CUST-1425,Prism Technologies #38,SaaS & Cloud Software,Europe (EMEA),Mid-Market,Month-to-Month,Cloud Infrastructure Pro,2025-12-03,2026-08-23,8,16,2324.08,37185.28,3164.46,3,12.3,7,20.8,0
CUST-1426,Terra Ventures #39,E-Commerce & Retail,Asia-Pacific,Growth,Annual Prepaid,AI Decision Platform,2026-03-24,2026-08-19,12,15,1585.14,23777.1,1672.91,1,4.2,7,19.3,0
CUST-1427,Aegis Solutions #40,Healthcare IT,Europe (EMEA),Mid-Market,Multi-Year,Cloud Infrastructure Pro,2026-01-14,2026-08-23,8,15,2687.37,40310.55,3283.54,5,20.1,8,6.9,0
CUST-1428,Elevate Capital #41,Manufacturing & Logistics,North America,Starter,Quarterly,Enterprise Analytics Suite,2025-10-25,2026-08-30,1,6,343.6,2061.6,155.53,0,3.5,8,7.3,0
CUST-1429,Omni Labs #42,Manufacturing & Logistics,Latin America,Growth,Quarterly,Enterprise Analytics Suite,2025-09-04,2026-08-19,12,8,1067.51,8540.08,610.46,1,10.4,9,6.4,0
CUST-1430,Vertex Systems #43,SaaS & Cloud Software,Asia-Pacific,Enterprise,Annual Prepaid,Enterprise Analytics Suite,2026-04-11,2026-07-12,50,32,6017.59,192562.88,16961.54,6,10.0,6,29.6,0
CUST-1431,Horizon Media #44,FinTech & Payments,Europe (EMEA),Starter,Quarterly,Enterprise Analytics Suite,2025-12-26,2026-07-26,36,5,674.0,3370.0,240.16,1,6.5,10,3.0,0
CUST-1432,Aegis Dynamics #45,SaaS & Cloud Software,North America,Mid-Market,Annual Prepaid,Enterprise Analytics Suite,2026-05-01,2026-08-19,12,24,2675.33,64207.92,5874.37,3,9.4,7,11.7,0
CUST-1433,Starlight Dynamics #46,E-Commerce & Retail,North America,Growth,Annual Prepaid,Enterprise Analytics Suite,2025-03-09,2026-08-13,18,12,1378.48,16541.76,1186.65,1,17.9,7,20.3,0
CUST-1434,Vertex Capital #47,SaaS & Cloud Software,North America,Growth,Month-to-Month,Enterprise Analytics Suite,2026-04-29,2026-06-19,73,10,1733.81,17338.1,1234.05,2,10.9,7,19.0,1
CUST-1435,Vertex Technologies #48,SaaS & Cloud Software,North America,Starter,Month-to-Month,Enterprise Analytics Suite,2024-05-16,2026-08-17,14,5,799.29,3996.45,266.79,2,7.4,5,9.3,0
CUST-1436,Apex Dynamics #49,Manufacturing & Logistics,Europe (EMEA),Mid-Market,Annual Prepaid,API Data Hub,2026-04-23,2026-08-03,28,19,2302.3,43743.7,3226.92,6,10.8,5,44.7,0
CUST-1437,Prism Financial #50,SaaS & Cloud Software,North America,Growth,Annual Prepaid,Cloud Infrastructure Pro,2026-06-20,2026-08-22,9,14,1253.29,17546.06,1481.48,1,41.2,7,21.1,0
CUST-1438,Aegis Capital #51,FinTech & Payments,North America,Starter,Month-to-Month,API Data Hub,2025-04-13,2026-07-07,55,6,610.03,3660.18,235.29,2,4.8,4,13.0,0
CUST-1439,Solstice Systems #52,Professional & Legal Services,Asia-Pacific,Mid-Market,Annual Prepaid,API Data Hub,2025-12-17,2026-08-14,17,23,2463.28,56655.44,4113.03,3,7.6,7,11.5,0
CUST-1440,Vanguard Health #53,SaaS & Cloud Software,Europe (EMEA),Growth,Annual Prepaid,Enterprise Analytics Suite,2025-09-29,2026-08-08,23,8,718.67,5749.36,481.55,1,15.0,5,7.3,0
CUST-1441,Synergy Networks #54,SaaS & Cloud Software,Europe (EMEA),Growth,Quarterly,API Data Hub,2025-03-06,2026-08-07,24,7,676.13,4732.91,385.45,0,14.9,8,16.2,0
CUST-1442,Beacon Ventures #55,SaaS & Cloud Software,Latin America,Mid-Market,Month-to-Month,Enterprise Analytics Suite,2025-10-28,2026-08-19,12,16,2044.09,32705.44,2717.98,2,6.9,9,12.9,0
CUST-1443,Pulse Cloud #56,SaaS & Cloud Software,Europe (EMEA),Mid-Market,Annual Prepaid,AI Decision Platform,2025-09-22,2026-08-18,13,22,2663.89,58605.58,4776.48,1,4.2,7,18.1,0
CUST-1444,Horizon Technologies #57,SaaS & Cloud Software,North America,Mid-Market,Multi-Year,API Data Hub,2025-11-15,2026-07-12,50,23,2603.14,59872.22,4258.75,1,1.7,5,8.6,0
CUST-1445,Stratum Global #58,Professional & Legal Services,Europe (EMEA),Mid-Market,Quarterly,Enterprise Analytics Suite,2025-10-09,2026-08-30,1,15,2497.87,37468.05,3250.66,6,18.1,5,7.0,0
CUST-1446,CoreLogic Media #59,Healthcare IT,Asia-Pacific,Mid-Market,Quarterly,API Data Hub,2025-10-09,2026-08-27,4,10,2695.91,26959.1,1990.03,2,3.0,7,24.1,0
CUST-1447,Elevate Media #60,SaaS & Cloud Software,North America,Enterprise,Annual Prepaid,Enterprise Analytics Suite,2025-07-21,2026-08-29,2,32,4897.28,156712.96,12675.15,5,13.4,6,2.6,0
CUST-1448,CoreLogic Dynamics #61,FinTech & Payments,North America,Mid-Market,Annual Prepaid,API Data Hub,2026-03-07,2026-08-21,10,13,2009.03,26117.39,1892.14,2,8.5,6,15.5,0
CUST-1449,Apex Capital #62,SaaS & Cloud Software,Latin America,Growth,Month-to-Month,Security & Compliance Shield,2026-02-15,2026-07-15,47,13,2393.96,31121.48,2181.09,3,4.1,5,12.6,1
CUST-1450,Apex Labs #63,FinTech & Payments,Europe (EMEA),Growth,Month-to-Month,Enterprise Analytics Suite,2025-03-02,2026-08-20,11,9,1658.08,14922.72,1256.28,2,17.0,6,25.9,0
CUST-1451,Zenith Solutions #64,E-Commerce & Retail,North America,Mid-Market,Annual Prepaid,AI Decision Platform,2026-01-15,2026-08-11,20,22,2929.63,64451.86,4711.95,1,23.8,9,0.9,0
CUST-1452,Horizon Networks #65,FinTech & Payments,North America,Growth,Annual Prepaid,Cloud Infrastructure Pro,2025-06-20,2026-08-23,8,8,862.38,6899.04,527.1,1,8.3,7,9.9,0
CUST-1453,Kinetic Global #66,E-Commerce & Retail,North America,Mid-Market,Annual Prepaid,Enterprise Analytics Suite,2025-01-16,2026-07-18,44,22,2634.33,57955.26,4734.02,1,14.9,5,11.5,0
CUST-1454,Novus Technologies #67,SaaS & Cloud Software,North America,Growth,Annual Prepaid,Cloud Infrastructure Pro,2025-10-04,2026-08-23,8,12,1248.66,14983.92,1028.34,2,8.2,9,0.7,0
CUST-1455,Beacon Networks #68,SaaS & Cloud Software,Europe (EMEA),Growth,Multi-Year,Cloud Infrastructure Pro,2025-11-28,2026-08-01,30,11,1208.74,13296.14,919.4,0,15.8,3,9.0,1
CUST-1456,Horizon Systems #69,SaaS & Cloud Software,North America,Growth,Annual Prepaid,API Data Hub,2025-11-10,2026-07-29,33,11,733.89,8072.79,682.09,4,10.4,6,5.1,0
CUST-1457,CoreLogic Media #70,SaaS & Cloud Software,North America,Enterprise,Annual Prepaid,Enterprise Analytics Suite,2025-08-14,2026-07-30,32,34,6957.32,236548.88,20703.59,4,19.2,8,15.7,0
CUST-1458,CoreLogic Labs #71,SaaS & Cloud Software,North America,Mid-Market,Quarterly,Enterprise Analytics Suite,2026-01-28,2026-08-25,6,18,2264.95,40769.1,3259.86,3,20.0,4,45.0,0
CUST-1459,Solstice Systems #72,Professional & Legal Services,North America,Mid-Market,Annual Prepaid,Enterprise Analytics Suite,2026-03-24,2026-07-03,59,14,2305.52,32277.28,2373.12,2,4.6,7,16.3,0
CUST-1460,CoreLogic Dynamics #73,FinTech & Payments,Latin America,Growth,Month-to-Month,AI Decision Platform,2025-09-24,2026-08-05,26,11,1521.02,16731.22,1404.56,4,12.7,5,7.2,1
CUST-1461,Elevate Global #74,Healthcare IT,Asia-Pacific,Mid-Market,Multi-Year,API Data Hub,2025-02-23,2026-08-25,6,20,3040.66,60813.2,5535.57,4,23.3,7,15.1,0
CUST-1462,Elevate Retail Group #75,FinTech & Payments,North America,Mid-Market,Annual Prepaid,API Data Hub,2026-03-29,2026-08-17,14,25,1591.17,39779.25,3209.87,3,12.7,7,11.7,0
CUST-1463,CoreLogic Capital #76,Manufacturing & Logistics,Latin America,Enterprise,Month-to-Month,Cloud Infrastructure Pro,2025-12-29,2026-06-05,87,50,5094.62,254731.0,20666.53,2,10.0,4,12.4,1
CUST-1464,Nexus Health #77,FinTech & Payments,North America,Enterprise,Annual Prepaid,AI Decision Platform,2025-06-23,2026-08-29,2,31,4886.03,151466.93,11565.1,3,6.0,3,20.6,0
CUST-1465,Starlight Health #78,SaaS & Cloud Software,Europe (EMEA),Growth,Quarterly,AI Decision Platform,2026-01-03,2026-08-10,21,16,1313.94,21023.04,1595.39,1,11.1,5,26.0,0
CUST-1466,Beacon Health #79,SaaS & Cloud Software,North America,Mid-Market,Quarterly,API Data Hub,2026-03-21,2026-08-27,4,14,3371.8,47205.2,3472.13,1,11.1,6,6.5,0
CUST-1467,Stratum Cloud #80,Healthcare IT,North America,Enterprise,Multi-Year,Enterprise Analytics Suite,2025-10-30,2026-08-23,8,40,4716.03,188641.2,15769.95,4,4.5,6,7.2,0
CUST-1468,Aegis Networks #81,FinTech & Payments,North America,Enterprise,Month-to-Month,Enterprise Analytics Suite,2026-04-15,2026-07-23,39,34,6595.63,224251.42,18760.28,4,17.9,5,4.6,1
CUST-1469,Solstice Networks #82,FinTech & Payments,Asia-Pacific,Growth,Quarterly,Enterprise Analytics Suite,2025-12-04,2026-07-25,37,11,1128.58,12414.38,837.12,2,13.1,5,9.3,0
CUST-1470,Nexus Retail Group #83,E-Commerce & Retail,Latin America,Enterprise,Annual Prepaid,API Data Hub,2025-09-07,2026-08-24,7,27,6707.54,181103.58,15473.87,4,21.5,8,8.8,0
CUST-1471,Stratum Solutions #84,E-Commerce & Retail,North America,Starter,Annual Prepaid,Cloud Infrastructure Pro,2025-10-14,2026-08-24,7,3,887.92,2663.76,172.4,2,23.0,4,8.5,0
CUST-1472,Pinnacle Financial #85,SaaS & Cloud Software,Asia-Pacific,Starter,Month-to-Month,Security & Compliance Shield,2025-10-06,2026-08-07,24,4,708.29,2833.16,225.89,2,8.7,7,13.8,0
CUST-1473,Synergy Capital #86,Professional & Legal Services,North America,Growth,Month-to-Month,API Data Hub,2024-11-23,2026-07-15,47,16,1356.55,21704.8,1548.88,3,4.6,6,22.5,1
CUST-1474,CoreLogic Global #87,SaaS & Cloud Software,Europe (EMEA),Mid-Market,Annual Prepaid,AI Decision Platform,2026-05-24,2026-08-30,1,19,1407.11,26735.09,1894.47,2,9.9,9,4.9,0
CUST-1475,Stratum Dynamics #88,E-Commerce & Retail,North America,Mid-Market,Annual Prepaid,Cloud Infrastructure Pro,2025-03-31,2026-08-13,18,20,2908.17,58163.4,5027.83,3,16.0,6,22.5,0
CUST-1476,Crestview Solutions #89,E-Commerce & Retail,North America,Growth,Annual Prepaid,Cloud Infrastructure Pro,2026-01-24,2026-08-26,5,9,1198.84,10789.56,930.92,1,6.9,7,25.3,0
CUST-1477,Zenith Systems #90,FinTech & Payments,North America,Mid-Market,Annual Prepaid,AI Decision Platform,2026-05-09,2026-08-24,7,19,2002.89,38054.91,3443.02,4,12.0,5,30.6,0
CUST-1478,Nexus Ventures #91,SaaS & Cloud Software,North America,Mid-Market,Annual Prepaid,Cloud Infrastructure Pro,2025-07-06,2026-07-09,53,23,2700.37,62108.51,4860.13,3,14.7,8,25.0,0
CUST-1479,Starlight Systems #92,E-Commerce & Retail,Asia-Pacific,Growth,Quarterly,Cloud Infrastructure Pro,2026-01-28,2026-08-01,30,12,1834.67,22016.04,1561.87,3,21.6,7,5.6,0
CUST-1480,Pulse Technologies #93,E-Commerce & Retail,Europe (EMEA),Enterprise,Annual Prepaid,AI Decision Platform,2025-08-07,2026-08-17,14,37,4613.86,170712.82,14505.2,2,5.7,9,11.3,0
CUST-1481,Horizon Capital #94,SaaS & Cloud Software,Asia-Pacific,Enterprise,Quarterly,Enterprise Analytics Suite,2026-01-08,2026-08-17,14,31,6168.56,191225.36,18074.89,4,19.9,7,7.5,0
CUST-1482,Solstice Systems #95,Manufacturing & Logistics,Europe (EMEA),Enterprise,Month-to-Month,Cloud Infrastructure Pro,2026-03-30,2026-08-25,6,36,5046.49,181673.64,13557.14,2,9.6,6,15.8,0
CUST-1483,Pulse Health #96,SaaS & Cloud Software,North America,Enterprise,Annual Prepaid,AI Decision Platform,2026-06-16,2026-08-25,6,25,4741.39,118534.75,8796.98,4,24.8,6,0.8,0
CUST-1484,Solstice Media #97,SaaS & Cloud Software,Europe (EMEA),Enterprise,Multi-Year,Cloud Infrastructure Pro,2025-11-29,2026-08-29,2,33,5741.76,189478.08,15400.43,3,9.5,7,17.4,0
CUST-1485,Apex Global #1,E-Commerce & Retail,Europe (EMEA),Starter,Month-to-Month,Cloud Infrastructure Pro,2025-03-28,2026-08-17,14,4,722.1,2888.4,236.04,0,3.4,7,25.3,0
CUST-1486,Horizon Dynamics #2,FinTech & Payments,North America,Mid-Market,Month-to-Month,AI Decision Platform,2025-02-21,2026-07-15,47,17,3587.9,60994.3,4800.33,5,10.9,4,28.0,0
CUST-1487,Horizon Technologies #3,Healthcare IT,North America,Mid-Market,Annual Prepaid,Cloud Infrastructure Pro,2026-03-15,2026-08-21,10,15,2112.7,31690.5,2665.24,2,8.1,10,10.0,0
CUST-1488,Nexus Financial #4,FinTech & Payments,Asia-Pacific,Starter,Month-to-Month,Security & Compliance Shield,2026-01-14,2026-06-13,79,5,417.42,2087.1,150.35,1,7.2,5,10.1,1
CUST-1489,Kinetic Retail Group #5,SaaS & Cloud Software,North America,Mid-Market,Annual Prepaid,AI Decision Platform,2026-01-27,2026-07-10,52,23,2927.95,67342.85,5708.64,4,20.5,2,2.4,0
CUST-1490,Zenith Systems #6,Healthcare IT,North America,Mid-Market,Annual Prepaid,Enterprise Analytics Suite,2026-05-01,2026-08-15,16,18,3446.36,62034.48,5653.28,5,9.6,7,18.0,0
CUST-1491,Prism Solutions #7,SaaS & Cloud Software,Latin America,Growth,Annual Prepaid,Enterprise Analytics Suite,2026-04-07,2026-07-25,37,8,1222.66,9781.28,764.85,1,11.4,7,7.2,0
CUST-1492,Beacon Labs #8,FinTech & Payments,North America,Mid-Market,Annual Prepaid,Enterprise Analytics Suite,2025-11-29,2026-08-30,1,20,2568.01,51360.2,3722.29,4,15.1,6,1.6,0
CUST-1493,Novus Labs #9,SaaS & Cloud Software,Europe (EMEA),Growth,Annual Prepaid,API Data Hub,2026-03-13,2026-08-20,11,14,1422.26,19911.64,1459.9,1,32.1,6,15.8,0
CUST-1494,Pulse Financial #10,Healthcare IT,North America,Mid-Market,Month-to-Month,Enterprise Analytics Suite,2026-06-09,2026-08-29,2,20,2888.91,57778.2,4217.14,1,4.3,10,15.5,0
CUST-1495,Nexus Logistics #11,Manufacturing & Logistics,Europe (EMEA),Enterprise,Month-to-Month,Enterprise Analytics Suite,2025-09-23,2026-08-13,18,31,7493.2,232289.2,19824.5,3,8.8,5,40.2,0
CUST-1496,Nexus Logistics #12,SaaS & Cloud Software,Asia-Pacific,Mid-Market,Annual Prepaid,API Data Hub,2025-07-16,2026-08-03,28,24,2762.74,66305.76,5768.67,1,4.9,7,22.2,0
CUST-1497,Horizon Networks #13,SaaS & Cloud Software,North America,Growth,Multi-Year,Enterprise Analytics Suite,2025-06-11,2026-08-20,11,9,1478.63,13307.67,1070.94,4,10.2,5,14.9,0
CUST-1498,Horizon Labs #14,Professional & Legal Services,North America,Growth,Multi-Year,Enterprise Analytics Suite,2025-08-09,2026-08-16,15,10,1594.56,15945.6,1261.14,2,16.3,8,21.9,0
CUST-1499,Nexus Media #15,Professional & Legal Services,Asia-Pacific,Mid-Market,Annual Prepaid,API Data Hub,2026-01-31,2026-08-24,7,15,2065.64,30984.6,2487.27,4,8.7,6,36.5,0
CUST-1500,Aegis Systems #16,Professional & Legal Services,Europe (EMEA),Mid-Market,Annual Prepaid,Enterprise Analytics Suite,2026-02-10,2026-08-30,1,20,2696.64,53932.8,3962.96,4,11.5,9,9.3,0
CUST-1501,Quantum Solutions #17,FinTech & Payments,Europe (EMEA),Growth,Month-to-Month,Cloud Infrastructure Pro,2025-04-06,2026-06-27,65,15,1017.14,15257.1,1282.38,4,12.1,6,7.2,1
CUST-1502,Elevate Capital #18,SaaS & Cloud Software,North America,Starter,Annual Prepaid,Cloud Infrastructure Pro,2026-02-11,2026-08-21,10,4,503.8,2015.2,151.93,0,21.9,5,18.2,1
CUST-1503,Stratum Systems #19,Professional & Legal Services,Europe (EMEA),Growth,Annual Prepaid,Enterprise Analytics Suite,2026-01-30,2026-08-15,16,10,1916.76,19167.6,1306.92,3,10.6,7,18.1,1
CUST-1504,Kinetic Solutions #20,SaaS & Cloud Software,Asia-Pacific,Growth,Quarterly,Enterprise Analytics Suite,2025-11-06,2026-08-24,7,9,1629.44,14664.96,1161.06,1,4.1,10,5.8,0
CUST-1505,Kinetic Labs #21,FinTech & Payments,Europe (EMEA),Growth,Month-to-Month,Enterprise Analytics Suite,2025-04-25,2026-07-24,38,16,1452.12,23233.92,1716.87,0,10.0,9,19.1,0
CUST-1506,Horizon Health #22,E-Commerce & Retail,North America,Mid-Market,Month-to-Month,Cloud Infrastructure Pro,2025-10-05,2026-08-22,9,20,2508.03,50160.6,4280.53,4,8.3,4,3.3,0
CUST-1507,Apex Retail Group #23,SaaS & Cloud Software,North America,Mid-Market,Quarterly,API Data Hub,2025-06-01,2026-07-28,34,23,2189.71,50363.33,3745.34,5,15.8,8,30.2,0
CUST-1508,Horizon Retail Group #24,SaaS & Cloud Software,North America,Mid-Market,Multi-Year,Cloud Infrastructure Pro,2026-06-29,2026-08-20,11,14,2496.19,34946.66,2693.76,5,11.9,5,27.1,0
CUST-1509,Acro Labs #25,Healthcare IT,Asia-Pacific,Growth,Annual Prepaid,Enterprise Analytics Suite,2026-05-18,2026-08-22,9,12,1327.27,15927.24,1188.39,2,4.8,6,4.2,0
CUST-1510,Solstice Logistics #26,SaaS & Cloud Software,North America,Growth,Annual Prepaid,Enterprise Analytics Suite,2026-03-13,2026-08-11,20,9,1257.23,11315.07,987.49,0,8.1,4,0.8,0
CUST-1511,Beacon Financial #27,FinTech & Payments,North America,Enterprise,Annual Prepaid,Security & Compliance Shield,2025-05-13,2026-08-29,2,27,4420.65,119357.55,11276.86,2,6.4,7,13.1,0
CUST-1512,Apex Networks #28,FinTech & Payments,Europe (EMEA),Mid-Market,Multi-Year,Cloud Infrastructure Pro,2025-12-04,2026-08-24,7,17,2337.76,39741.92,3324.29,5,7.1,6,10.1,0
CUST-1513,Synergy Health #29,Manufacturing & Logistics,North America,Enterprise,Multi-Year,Enterprise Analytics Suite,2026-03-01,2026-08-25,6,33,2830.48,93405.84,6720.53,4,14.1,8,10.7,0
CUST-1514,CoreLogic Health #30,E-Commerce & Retail,North America,Starter,Multi-Year,Enterprise Analytics Suite,2025-12-23,2026-08-15,16,5,696.83,3484.15,282.76,0,6.4,6,21.0,0
CUST-1515,Apex Global #31,Manufacturing & Logistics,Europe (EMEA),Mid-Market,Month-to-Month,Cloud Infrastructure Pro,2025-01-19,2026-08-15,16,14,2519.11,35267.54,3004.0,1,8.7,6,13.1,0
CUST-1516,Stratum Ventures #32,SaaS & Cloud Software,Europe (EMEA),Mid-Market,Annual Prepaid,Security & Compliance Shield,2025-08-09,2026-07-21,41,16,2896.12,46337.92,3948.5,5,14.6,2,25.1,0
CUST-1517,Zenith Logistics #33,Manufacturing & Logistics,Asia-Pacific,Starter,Annual Prepaid,Enterprise Analytics Suite,2026-01-28,2026-07-26,36,5,512.62,2563.1,208.71,4,17.8,4,6.1,0
CUST-1518,Horizon Labs #34,FinTech & Payments,Asia-Pacific,Starter,Multi-Year,AI Decision Platform,2025-11-28,2026-08-13,18,3,442.24,1326.72,97.9,2,6.5,6,7.7,0
CUST-1519,Apex Systems #35,Professional & Legal Services,Latin America,Mid-Market,Multi-Year,Cloud Infrastructure Pro,2026-04-04,2026-07-13,49,18,2732.08,49177.44,3627.69,5,28.8,5,12.5,0
CUST-1520,Horizon Labs #36,Professional & Legal Services,North America,Mid-Market,Multi-Year,Cloud Infrastructure Pro,2025-10-04,2026-08-28,3,17,2230.0,37910.0,3431.93,2,9.9,9,3.5,0
CUST-1521,Omni Labs #37,FinTech & Payments,North America,Mid-Market,Multi-Year,Cloud Infrastructure Pro,2025-04-21,2026-08-22,9,18,3257.14,58628.52,4440.99,2,7.2,7,39.8,0
CUST-1522,Quantum Solutions #38,E-Commerce & Retail,Asia-Pacific,Growth,Month-to-Month,Enterprise Analytics Suite,2025-08-27,2026-08-04,27,12,1469.12,17629.44,1485.58,1,6.3,5,9.4,0
CUST-1523,Crestview Media #39,Healthcare IT,North America,Enterprise,Annual Prepaid,Cloud Infrastructure Pro,2025-07-28,2026-08-25,6,28,5645.32,158068.96,12894.61,8,16.2,5,13.6,0
CUST-1524,Starlight Global #40,SaaS & Cloud Software,North America,Growth,Multi-Year,Enterprise Analytics Suite,2025-10-25,2026-08-18,13,9,1474.81,13273.29,997.38,1,7.7,7,31.8,0
CUST-1525,Apex Ventures #41,FinTech & Payments,North America,Starter,Annual Prepaid,Cloud Infrastructure Pro,2025-12-11,2026-08-28,3,5,581.91,2909.55,196.71,2,4.2,7,10.2,1
CUST-1526,Terra Networks #42,FinTech & Payments,Asia-Pacific,Mid-Market,Annual Prepaid,Enterprise Analytics Suite,2026-03-06,2026-08-27,4,16,1641.76,26268.16,2137.45,7,24.7,4,8.9,0
CUST-1527,Elevate Labs #43,FinTech & Payments,Europe (EMEA),Mid-Market,Month-to-Month,AI Decision Platform,2026-01-20,2026-06-19,73,17,2477.57,42118.69,3043.47,2,7.5,6,30.7,1
CUST-1528,Novus Networks #44,E-Commerce & Retail,Europe (EMEA),Mid-Market,Annual Prepaid,API Data Hub,2025-07-06,2026-08-13,18,19,2248.78,42726.82,3100.13,2,22.4,8,21.2,0
CUST-1529,Terra Financial #45,FinTech & Payments,Europe (EMEA),Enterprise,Multi-Year,Enterprise Analytics Suite,2025-10-24,2026-08-23,8,35,4650.54,162768.9,12257.56,5,12.5,5,21.5,0
CUST-1530,Vertex Systems #46,SaaS & Cloud Software,Europe (EMEA),Mid-Market,Multi-Year,Enterprise Analytics Suite,2026-04-28,2026-08-23,8,16,2616.1,41857.6,3447.3,4,15.1,2,10.4,0
CUST-1531,Vertex Financial #47,E-Commerce & Retail,Europe (EMEA),Growth,Multi-Year,Security & Compliance Shield,2025-11-23,2026-08-27,4,11,1082.56,11908.16,983.21,5,7.2,7,6.2,0
CUST-1532,Pinnacle Ventures #48,E-Commerce & Retail,North America,Growth,Annual Prepaid,Enterprise Analytics Suite,2025-11-14,2026-08-21,10,12,1602.15,19225.8,1667.6,2,10.5,8,7.6,0
CUST-1533,Starlight Media #49,SaaS & Cloud Software,North America,Mid-Market,Multi-Year,Enterprise Analytics Suite,2025-12-09,2026-07-22,40,16,2216.39,35462.24,2528.14,3,4.9,9,13.5,0
CUST-1534,CoreLogic Networks #50,SaaS & Cloud Software,North America,Mid-Market,Month-to-Month,Security & Compliance Shield,2025-11-13,2026-07-28,34,14,4284.47,59982.58,4814.04,1,13.5,7,8.4,0
CUST-1535,Stratum Technologies #51,E-Commerce & Retail,Asia-Pacific,Mid-Market,Month-to-Month,Cloud Infrastructure Pro,2025-02-26,2026-07-13,49,22,2842.21,62528.62,5522.08,4,3.3,5,5.9,1
CUST-1536,Nexus Logistics #52,SaaS & Cloud Software,Europe (EMEA),Growth,Annual Prepaid,Security & Compliance Shield,2025-11-10,2026-08-03,28,13,1407.84,18301.92,1510.87,2,35.7,6,17.7,0
CUST-1537,Elevate Solutions #53,Healthcare IT,Asia-Pacific,Growth,Month-to-Month,Enterprise Analytics Suite,2025-11-17,2026-06-27,65,12,1634.2,19610.4,1332.79,2,10.7,6,1.6,0
CUST-1538,Omni Retail Group #54,Healthcare IT,Asia-Pacific,Mid-Market,Annual Prepaid,Cloud Infrastructure Pro,2025-06-30,2026-08-29,2,19,1532.88,29124.72,2435.01,3,19.7,6,3.0,0
CUST-1539,Kinetic Logistics #55,E-Commerce & Retail,Asia-Pacific,Starter,Multi-Year,Security & Compliance Shield,2026-01-03,2026-08-07,24,4,573.35,2293.4,159.2,0,19.6,6,15.7,1
CUST-1540,Terra Dynamics #56,Healthcare IT,Europe (EMEA),Enterprise,Multi-Year,API Data Hub,2026-02-23,2026-08-28,3,34,6002.28,204077.52,17687.22,6,17.9,4,13.1,0
CUST-1541,Vanguard Solutions #57,FinTech & Payments,Europe (EMEA),Growth,Annual Prepaid,Enterprise Analytics Suite,2025-04-17,2026-08-30,1,12,1685.43,20225.16,1575.63,3,14.4,8,2.5,0
CUST-1542,Aegis Media #58,FinTech & Payments,Europe (EMEA),Mid-Market,Month-to-Month,Enterprise Analytics Suite,2026-02-05,2026-06-18,74,20,2215.77,44315.4,3204.74,6,12.7,2,16.7,1
CUST-1543,Zenith Networks #59,FinTech & Payments,North America,Mid-Market,Quarterly,Enterprise Analytics Suite,2026-03-06,2026-08-19,12,28,2954.63,82729.64,7273.42,7,24.6,5,38.1,1
CUST-1544,Pinnacle Health #60,FinTech & Payments,Europe (EMEA),Mid-Market,Quarterly,AI Decision Platform,2025-11-19,2026-08-30,1,23,2007.88,46181.24,3604.68,3,14.3,6,4.6,0
CUST-1545,Vertex Ventures #61,SaaS & Cloud Software,Asia-Pacific,Growth,Month-to-Month,Cloud Infrastructure Pro,2026-01-06,2026-08-02,29,6,1394.6,8367.6,700.96,2,30.2,7,11.3,0
CUST-1546,CoreLogic Systems #62,FinTech & Payments,Europe (EMEA),Enterprise,Month-to-Month,Enterprise Analytics Suite,2025-09-29,2026-08-17,14,33,5846.69,192940.77,15301.24,4,11.6,5,12.9,0
CUST-1547,Horizon Global #63,SaaS & Cloud Software,Europe (EMEA),Enterprise,Annual Prepaid,Enterprise Analytics Suite,2024-11-30,2026-08-29,2,32,4970.02,159040.64,12156.84,4,12.5,7,6.5,0
CUST-1548,Synergy Networks #64,FinTech & Payments,Europe (EMEA),Starter,Multi-Year,AI Decision Platform,2025-03-01,2026-08-25,6,6,599.34,3596.04,289.29,2,8.5,9,21.9,0
CUST-1549,Prism Solutions #65,Manufacturing & Logistics,Europe (EMEA),Growth,Multi-Year,API Data Hub,2025-06-18,2026-08-20,11,8,1276.29,10210.32,802.76,1,21.2,7,15.2,0
CUST-1550,Starlight Ventures #66,Manufacturing & Logistics,Asia-Pacific,Enterprise,Multi-Year,Security & Compliance Shield,2026-01-19,2026-08-30,1,34,4561.47,155089.98,12453.76,3,6.5,7,26.5,0
CUST-1551,Vertex Retail Group #67,FinTech & Payments,Latin America,Mid-Market,Multi-Year,AI Decision Platform,2025-06-16,2026-08-11,20,21,1754.5,36844.5,3131.97,1,8.5,6,7.1,0
CUST-1552,Nexus Health #68,FinTech & Payments,North America,Mid-Market,Annual Prepaid,Enterprise Analytics Suite,2026-01-27,2026-08-11,20,29,2333.02,67657.58,5663.79,2,5.1,8,10.8,0
CUST-1553,Vanguard Global #69,Professional & Legal Services,North America,Growth,Month-to-Month,Cloud Infrastructure Pro,2026-02-27,2026-07-31,31,14,2095.3,29334.2,1961.59,4,12.1,6,36.8,1
CUST-1554,Pinnacle Retail Group #70,Healthcare IT,Asia-Pacific,Growth,Annual Prepaid,Cloud Infrastructure Pro,2025-05-06,2026-08-21,10,10,1392.31,13923.1,1003.54,2,12.0,4,14.2,0
CUST-1555,Pinnacle Technologies #71,SaaS & Cloud Software,North America,Mid-Market,Multi-Year,AI Decision Platform,2025-09-19,2026-08-23,8,17,3521.75,59869.75,5412.68,4,7.4,7,5.3,0
CUST-1556,Solstice Systems #72,Healthcare IT,Europe (EMEA),Mid-Market,Multi-Year,Enterprise Analytics Suite,2025-03-31,2026-08-24,7,22,2054.79,45205.38,3433.62,0,14.2,10,22.1,0
CUST-1557,Pinnacle Capital #73,SaaS & Cloud Software,Europe (EMEA),Mid-Market,Multi-Year,Cloud Infrastructure Pro,2026-05-17,2026-07-27,35,21,1399.65,29392.65,2167.57,1,8.2,7,13.2,0
CUST-1558,CoreLogic Media #74,Professional & Legal Services,North America,Growth,Quarterly,Enterprise Analytics Suite,2026-06-11,2026-08-11,20,17,1304.68,22179.56,1831.39,3,10.1,5,6.4,0
CUST-1559,Pulse Networks #75,Professional & Legal Services,North America,Mid-Market,Month-to-Month,Cloud Infrastructure Pro,2025-07-07,2026-08-25,6,8,1085.47,8683.76,724.76,5,9.2,6,0.8,0
CUST-1560,Solstice Global #76,Healthcare IT,Latin America,Mid-Market,Annual Prepaid,Cloud Infrastructure Pro,2026-01-14,2026-08-29,2,19,2275.54,43235.26,3442.48,0,4.8,7,18.9,0
CUST-1561,Terra Systems #77,SaaS & Cloud Software,Asia-Pacific,Mid-Market,Multi-Year,Cloud Infrastructure Pro,2026-03-26,2026-07-08,54,26,2666.64,69332.64,5604.28,4,4.4,4,19.4,0
CUST-1562,Pulse Global #78,FinTech & Payments,North America,Mid-Market,Quarterly,Security & Compliance Shield,2025-10-09,2026-08-17,14,20,3605.08,72101.6,5723.03,5,34.4,1,12.9,1
CUST-1563,Terra Technologies #79,SaaS & Cloud Software,North America,Mid-Market,Annual Prepaid,AI Decision Platform,2025-11-19,2026-08-21,10,18,2694.91,48508.38,3969.42,4,21.7,4,17.7,1
CUST-1564,Elevate Capital #80,SaaS & Cloud Software,Europe (EMEA),Starter,Multi-Year,Enterprise Analytics Suite,2025-10-26,2026-08-11,20,8,574.13,4593.04,343.99,1,18.1,5,7.1,0
CUST-1565,Apex Health #81,Professional & Legal Services,Europe (EMEA),Growth,Annual Prepaid,AI Decision Platform,2025-07-18,2026-08-30,1,13,1316.6,17115.8,1299.7,1,9.8,7,31.3,0
CUST-1566,Prism Capital #82,SaaS & Cloud Software,Latin America,Starter,Annual Prepaid,AI Decision Platform,2026-03-22,2026-07-25,37,3,440.16,1320.48,107.81,0,8.3,5,21.7,1
CUST-1567,Aegis Technologies #83,E-Commerce & Retail,North America,Growth,Multi-Year,AI Decision Platform,2025-08-23,2026-08-11,20,13,1467.85,19082.05,1415.19,0,6.8,7,17.7,0
CUST-1568,Vertex Ventures #84,FinTech & Payments,Latin America,Growth,Annual Prepaid,API Data Hub,2025-08-12,2026-08-24,7,13,1430.37,18594.81,1295.54,3,10.0,9,4.2,0
CUST-1569,Quantum Capital #85,Manufacturing & Logistics,North America,Enterprise,Month-to-Month,Enterprise Analytics Suite,2026-05-11,2026-08-14,17,37,3389.02,125393.74,9251.23,4,25.6,4,5.5,0
CUST-1570,Starlight Ventures #86,Manufacturing & Logistics,North America,Enterprise,Month-to-Month,AI Decision Platform,2025-04-03,2026-08-01,30,32,4546.97,145503.04,11164.84,3,14.2,6,8.7,1
CUST-1571,Prism Financial #87,Professional & Legal Services,Latin America,Mid-Market,Annual Prepaid,Security & Compliance Shield,2026-03-19,2026-08-26,5,22,2949.22,64882.84,4815.5,1,7.1,8,18.9,0
CUST-1572,Prism Logistics #88,FinTech & Payments,North America,Growth,Annual Prepaid,Enterprise Analytics Suite,2025-03-16,2026-08-26,5,6,894.0,5364.0,405.57,3,10.0,6,33.6,0
CUST-1573,CoreLogic Health #89,FinTech & Payments,North America,Starter,Multi-Year,AI Decision Platform,2025-08-05,2026-08-15,16,4,516.96,2067.84,151.39,1,6.4,3,10.9,0
CUST-1574,Zenith Systems #90,FinTech & Payments,Europe (EMEA),Enterprise,Multi-Year,Enterprise Analytics Suite,2025-02-13,2026-08-22,9,35,5555.88,194455.8,17078.28,4,17.1,7,11.7,0
CUST-1575,Vertex Media #91,Healthcare IT,Asia-Pacific,Enterprise,Annual Prepaid,Cloud Infrastructure Pro,2024-06-23,2026-08-24,7,40,5502.37,220094.8,19214.89,3,15.4,7,14.1,0
CUST-1576,Zenith Capital #92,Manufacturing & Logistics,Europe (EMEA),Mid-Market,Quarterly,AI Decision Platform,2026-05-06,2026-08-13,18,18,2078.7,37416.6,3243.52,1,15.6,6,10.5,0
CUST-1577,Starlight Financial #93,SaaS & Cloud Software,Europe (EMEA),Enterprise,Quarterly,Cloud Infrastructure Pro,2025-10-25,2026-08-15,16,27,5202.99,140480.73,10472.95,6,24.6,6,23.0,0
CUST-1578,Acro Media #94,E-Commerce & Retail,Asia-Pacific,Growth,Multi-Year,Cloud Infrastructure Pro,2025-08-09,2026-08-22,9,14,1419.93,19879.02,1522.39,5,15.9,7,10.7,0
CUST-1579,Zenith Technologies #95,E-Commerce & Retail,North America,Starter,Month-to-Month,API Data Hub,2026-01-03,2026-08-16,15,7,589.18,4124.26,316.57,0,2.3,9,10.6,0
CUST-1580,Nexus Technologies #96,Professional & Legal Services,Europe (EMEA),Mid-Market,Quarterly,API Data Hub,2026-01-11,2026-07-03,59,19,2234.81,42461.39,3257.83,3,9.1,5,14.0,0
CUST-1581,Zenith Labs #97,FinTech & Payments,Europe (EMEA),Mid-Market,Quarterly,Cloud Infrastructure Pro,2025-10-06,2026-07-28,34,17,2151.35,36572.95,2614.66,4,15.5,8,25.4,1
CUST-1582,Solstice Systems #1,FinTech & Payments,Europe (EMEA),Enterprise,Quarterly,API Data Hub,2025-03-17,2026-08-25,6,32,5848.5,187152.0,13452.81,3,6.6,10,7.6,0
CUST-1583,Zenith Media #2,Manufacturing & Logistics,North America,Enterprise,Month-to-Month,Enterprise Analytics Suite,2026-01-14,2026-06-17,75,36,6311.08,227198.88,16320.8,6,19.1,4,35.6,1
CUST-1584,Quantum Technologies #3,Manufacturing & Logistics,North America,Enterprise,Annual Prepaid,Enterprise Analytics Suite,2026-02-11,2026-08-21,10,36,5949.02,214164.72,16456.72,10,20.7,5,2.0,0
CUST-1585,Aegis Dynamics #4,Healthcare IT,North America,Enterprise,Quarterly,Cloud Infrastructure Pro,2026-02-08,2026-07-26,36,39,7311.96,285166.44,25717.12,5,11.3,6,3.3,0
CUST-1586,Vertex Media #5,SaaS & Cloud Software,North America,Growth,Annual Prepaid,AI Decision Platform,2025-12-27,2026-08-29,2,10,1189.67,11896.7,867.87,0,8.9,8,26.7,0
CUST-1587,CoreLogic Cloud #6,E-Commerce & Retail,Europe (EMEA),Enterprise,Annual Prepaid,Enterprise Analytics Suite,2026-03-31,2026-07-01,61,29,6671.08,193461.32,16373.15,3,10.0,4,1.0,0
CUST-1588,Zenith Cloud #7,Healthcare IT,Asia-Pacific,Mid-Market,Annual Prepaid,Enterprise Analytics Suite,2025-11-11,2026-08-16,15,22,2087.79,45931.38,3682.29,1,21.7,8,12.6,0
CUST-1589,Kinetic Global #8,FinTech & Payments,Europe (EMEA),Enterprise,Annual Prepaid,AI Decision Platform,2026-02-28,2026-08-17,14,31,5900.58,182917.98,16469.13,4,10.5,5,7.6,0
CUST-1590,Aegis Health #9,Professional & Legal Services,North America,Growth,Annual Prepaid,Cloud Infrastructure Pro,2026-02-26,2026-08-27,4,16,1209.66,19354.56,1378.21,4,7.4,6,25.6,0
CUST-1591,Pulse Global #10,E-Commerce & Retail,Europe (EMEA),Starter,Multi-Year,Enterprise Analytics Suite,2026-04-11,2026-07-19,43,10,623.94,6239.4,515.11,1,15.4,4,3.5,0
CUST-1592,Elevate Networks #11,E-Commerce & Retail,North America,Growth,Quarterly,Enterprise Analytics Suite,2025-03-28,2026-07-31,31,10,783.55,7835.5,595.82,1,6.4,5,11.6,0
CUST-1593,Acro Cloud #12,FinTech & Payments,Asia-Pacific,Growth,Annual Prepaid,Cloud Infrastructure Pro,2025-11-21,2026-08-16,15,17,1629.34,27698.78,2108.42,2,6.1,5,22.8,0
CUST-1594,Vertex Logistics #13,Healthcare IT,Europe (EMEA),Mid-Market,Multi-Year,Enterprise Analytics Suite,2025-05-02,2026-07-15,47,25,1246.69,31167.25,2451.37,3,9.3,5,6.5,0
CUST-1595,Apex Financial #14,SaaS & Cloud Software,North America,Mid-Market,Quarterly,Cloud Infrastructure Pro,2026-04-20,2026-07-17,45,16,4051.01,64816.16,5043.34,4,11.0,7,8.6,0
CUST-1596,Aegis Cloud #15,SaaS & Cloud Software,North America,Enterprise,Month-to-Month,AI Decision Platform,2025-07-25,2026-08-25,6,30,6757.17,202715.1,18032.76,4,6.0,7,3.3,0
CUST-1597,Prism Ventures #16,SaaS & Cloud Software,North America,Mid-Market,Month-to-Month,AI Decision Platform,2025-04-19,2026-08-28,3,16,2038.08,32609.28,2746.44,3,11.2,8,20.8,0
CUST-1598,Prism Logistics #17,Manufacturing & Logistics,North America,Mid-Market,Quarterly,AI Decision Platform,2026-02-08,2026-08-04,27,13,909.02,11817.26,1077.24,5,32.7,5,19.8,0
CUST-1599,Crestview Solutions #18,SaaS & Cloud Software,Europe (EMEA),Enterprise,Quarterly,Cloud Infrastructure Pro,2025-12-24,2026-06-29,63,35,6001.48,210051.8,19925.82,4,23.5,6,25.8,1
CUST-1600,Novus Cloud #19,FinTech & Payments,Latin America,Growth,Month-to-Month,Enterprise Analytics Suite,2025-06-16,2026-08-29,2,2,1018.56,2037.12,146.68,3,4.1,7,12.0,0
CUST-1601,Horizon Dynamics #20,FinTech & Payments,Asia-Pacific,Growth,Month-to-Month,API Data Hub,2026-02-17,2026-07-18,44,10,1259.16,12591.6,971.54,6,11.5,5,8.5,1
CUST-1602,Apex Solutions #21,FinTech & Payments,North America,Growth,Annual Prepaid,Enterprise Analytics Suite,2025-08-15,2026-08-30,1,17,790.01,13430.17,1113.44,3,12.2,7,9.3,0
CUST-1603,Pinnacle Logistics #22,Healthcare IT,Europe (EMEA),Starter,Month-to-Month,Security & Compliance Shield,2025-07-02,2026-06-29,63,6,611.15,3666.9,248.45,0,9.1,5,13.0,0
CUST-1604,Pulse Health #23,Healthcare IT,Europe (EMEA),Growth,Month-to-Month,AI Decision Platform,2025-11-08,2026-06-17,75,19,1615.06,30686.14,2134.58,3,3.9,4,7.1,1
CUST-1605,Novus Global #24,SaaS & Cloud Software,North America,Growth,Annual Prepaid,API Data Hub,2026-02-11,2026-08-28,3,6,831.29,4987.74,419.46,4,20.3,7,41.5,0
CUST-1606,Vertex Capital #25,FinTech & Payments,North America,Mid-Market,Month-to-Month,Cloud Infrastructure Pro,2025-11-26,2026-07-08,54,19,2429.52,46160.88,3717.0,5,11.8,4,25.4,0
CUST-1607,Vertex Solutions #26,SaaS & Cloud Software,Europe (EMEA),Mid-Market,Month-to-Month,Cloud Infrastructure Pro,2026-04-12,2026-08-22,9,22,3743.0,82346.0,5996.1,4,8.2,6,5.2,0
CUST-1608,Terra Technologies #27,FinTech & Payments,Asia-Pacific,Mid-Market,Month-to-Month,AI Decision Platform,2025-09-23,2026-08-12,19,14,2044.8,28627.2,2154.13,3,19.7,7,15.7,0
CUST-1609,Nexus Labs #28,Healthcare IT,North America,Starter,Annual Prepaid,Cloud Infrastructure Pro,2025-11-04,2026-08-30,1,11,533.5,5868.5,472.48,1,9.9,7,19.3,0
CUST-1610,Prism Solutions #29,SaaS & Cloud Software,Europe (EMEA),Starter,Annual Prepaid,Enterprise Analytics Suite,2023-09-14,2026-08-09,22,6,782.51,4695.06,365.99,1,11.5,5,18.5,0
CUST-1611,Beacon Financial #30,SaaS & Cloud Software,North America,Enterprise,Quarterly,Cloud Infrastructure Pro,2026-01-28,2026-06-22,70,35,6365.9,222806.5,17810.6,5,6.3,4,33.5,1
CUST-1612,Synergy Logistics #31,SaaS & Cloud Software,Asia-Pacific,Growth,Quarterly,Enterprise Analytics Suite,2026-01-11,2026-08-13,18,11,1402.18,15423.98,1120.49,1,9.3,8,33.1,0
CUST-1613,Quantum Global #32,Manufacturing & Logistics,North America,Enterprise,Annual Prepaid,Security & Compliance Shield,2025-12-29,2026-08-12,19,43,6152.25,264546.75,21239.71,4,5.5,5,16.1,0
CUST-1614,Stratum Logistics #33,Professional & Legal Services,Europe (EMEA),Growth,Annual Prepaid,Enterprise Analytics Suite,2026-03-12,2026-08-25,6,9,1099.12,9892.08,673.64,4,8.6,9,3.6,0
CUST-1615,Starlight Global #34,E-Commerce & Retail,Asia-Pacific,Growth,Annual Prepaid,AI Decision Platform,2025-12-28,2026-06-07,85,10,1575.95,15759.5,1064.91,6,10.4,3,2.5,1
CUST-1616,Elevate Media #35,SaaS & Cloud Software,Latin America,Growth,Month-to-Month,Enterprise Analytics Suite,2025-11-20,2026-08-24,7,14,895.68,12539.52,976.27,4,12.0,3,20.8,1
CUST-1617,Horizon Cloud #36,SaaS & Cloud Software,North America,Starter,Annual Prepaid,Enterprise Analytics Suite,2026-01-10,2026-07-19,43,3,545.46,1636.38,136.07,0,22.3,6,14.6,0
CUST-1618,Quantum Retail Group #37,Healthcare IT,Europe (EMEA),Growth,Quarterly,AI Decision Platform,2025-09-06,2026-08-03,28,18,1189.86,21417.48,1827.57,3,5.3,6,2.3,0
CUST-1619,Kinetic Media #38,SaaS & Cloud Software,Europe (EMEA),Enterprise,Annual Prepaid,Enterprise Analytics Suite,2025-12-02,2026-08-13,18,41,5411.25,221861.25,19257.8,7,16.7,4,14.7,0
CUST-1620,Solstice Solutions #39,SaaS & Cloud Software,Asia-Pacific,Growth,Quarterly,Cloud Infrastructure Pro,2025-10-09,2026-06-28,64,8,1398.34,11186.72,926.95,3,27.6,5,10.1,0
CUST-1621,Novus Logistics #40,Manufacturing & Logistics,Asia-Pacific,Enterprise,Quarterly,Security & Compliance Shield,2025-03-21,2026-08-22,9,31,5896.15,182780.65,15231.65,4,11.6,5,1.2,0
CUST-1622,Synergy Labs #41,SaaS & Cloud Software,Europe (EMEA),Starter,Multi-Year,API Data Hub,2025-05-17,2026-08-17,14,2,262.33,524.66,40.11,1,4.7,7,5.6,0
CUST-1623,CoreLogic Solutions #42,SaaS & Cloud Software,North America,Mid-Market,Month-to-Month,Cloud Infrastructure Pro,2026-02-07,2026-07-27,35,18,2115.57,38080.26,3145.37,1,7.6,7,4.8,0
CUST-1624,Horizon Ventures #43,SaaS & Cloud Software,Latin America,Enterprise,Annual Prepaid,Enterprise Analytics Suite,2025-06-19,2026-08-27,4,20,4983.77,99675.4,7368.57,5,18.4,5,13.3,0
CUST-1625,Nexus Retail Group #44,FinTech & Payments,Europe (EMEA),Mid-Market,Annual Prepaid,Enterprise Analytics Suite,2025-10-27,2026-08-05,26,20,2680.21,53604.2,4912.94,4,16.0,4,10.8,0
CUST-1626,Kinetic Ventures #45,Healthcare IT,Asia-Pacific,Mid-Market,Annual Prepaid,API Data Hub,2025-02-24,2026-08-16,15,19,2046.79,38889.01,3504.98,2,12.9,8,2.9,0
CUST-1627,Aegis Networks #46,E-Commerce & Retail,North America,Growth,Annual Prepaid,Cloud Infrastructure Pro,2025-05-31,2026-08-27,4,13,1387.1,18032.3,1230.19,1,3.3,8,30.0,0
CUST-1628,Omni Dynamics #47,E-Commerce & Retail,Europe (EMEA),Enterprise,Annual Prepaid,Enterprise Analytics Suite,2025-12-31,2026-08-19,12,37,3212.06,118846.22,9025.82,4,9.8,6,21.8,0
CUST-1629,Pinnacle Networks #48,E-Commerce & Retail,Europe (EMEA),Mid-Market,Annual Prepaid,API Data Hub,2026-04-02,2026-08-24,7,15,3250.04,48750.6,3875.27,2,20.8,5,2.9,0
CUST-1630,Synergy Solutions #49,FinTech & Payments,Europe (EMEA),Starter,Annual Prepaid,API Data Hub,2026-03-28,2026-08-17,14,8,586.5,4692.0,388.35,0,23.3,6,24.2,0
CUST-1631,Quantum Global #50,FinTech & Payments,Europe (EMEA),Mid-Market,Annual Prepaid,Security & Compliance Shield,2025-04-13,2026-08-24,7,13,1231.0,16003.0,1412.13,1,4.0,9,14.9,0
CUST-1632,Elevate Capital #51,Healthcare IT,North America,Growth,Multi-Year,Cloud Infrastructure Pro,2025-09-23,2026-08-12,19,15,912.47,13687.05,1158.85,2,8.5,6,2.7,0
CUST-1633,Apex Ventures #52,SaaS & Cloud Software,North America,Mid-Market,Annual Prepaid,Cloud Infrastructure Pro,2026-05-13,2026-08-28,3,13,2214.34,28786.42,2390.26,3,8.9,5,2.0,1
CUST-1634,Solstice Global #53,SaaS & Cloud Software,North America,Starter,Annual Prepaid,Cloud Infrastructure Pro,2026-01-10,2026-08-25,6,7,601.19,4208.33,323.43,0,27.7,7,25.2,0
CUST-1635,Beacon Ventures #54,SaaS & Cloud Software,Asia-Pacific,Mid-Market,Month-to-Month,Enterprise Analytics Suite,2025-08-12,2026-07-30,32,16,2532.64,40522.24,3383.92,4,11.4,5,29.3,1
CUST-1636,Apex Ventures #55,FinTech & Payments,Europe (EMEA),Mid-Market,Annual Prepaid,Security & Compliance Shield,2025-06-13,2026-08-15,16,31,2912.62,90291.22,6697.5,2,22.4,4,22.8,0
CUST-1637,Kinetic Labs #56,SaaS & Cloud Software,Asia-Pacific,Starter,Quarterly,AI Decision Platform,2026-02-20,2026-08-26,5,9,425.28,3827.52,260.0,0,1.2,9,9.0,0
CUST-1638,Elevate Retail Group #57,Manufacturing & Logistics,North America,Growth,Annual Prepaid,API Data Hub,2024-06-27,2026-07-17,45,9,774.94,6974.46,492.9,1,4.1,6,12.9,0
CUST-1639,Vanguard Logistics #58,SaaS & Cloud Software,Europe (EMEA),Mid-Market,Annual Prepaid,Security & Compliance Shield,2025-01-23,2026-08-20,11,15,1598.87,23983.05,1758.67,4,39.7,4,30.1,1
CUST-1640,Starlight Networks #59,SaaS & Cloud Software,North America,Growth,Annual Prepaid,AI Decision Platform,2026-03-13,2026-08-12,19,9,1316.36,11847.24,856.03,2,13.0,6,11.2,0
CUST-1641,Horizon Networks #60,E-Commerce & Retail,North America,Growth,Quarterly,AI Decision Platform,2025-12-05,2026-08-07,24,6,1494.86,8969.16,627.55,2,7.3,8,14.8,0
CUST-1642,Pulse Cloud #61,FinTech & Payments,North America,Starter,Quarterly,Security & Compliance Shield,2025-07-24,2026-08-25,6,5,403.38,2016.9,126.99,0,6.5,6,9.3,0
CUST-1643,Pulse Logistics #62,SaaS & Cloud Software,Europe (EMEA),Growth,Annual Prepaid,Enterprise Analytics Suite,2026-01-16,2026-08-16,15,12,1562.69,18752.28,1421.26,5,6.8,4,31.7,0
CUST-1644,Acro Logistics #63,E-Commerce & Retail,North America,Growth,Multi-Year,Enterprise Analytics Suite,2025-03-03,2026-08-29,2,12,1886.6,22639.2,1956.05,2,3.6,8,33.6,0
CUST-1645,Stratum Ventures #64,SaaS & Cloud Software,Europe (EMEA),Starter,Annual Prepaid,Cloud Infrastructure Pro,2025-11-21,2026-07-14,48,5,642.12,3210.6,241.86,3,9.6,7,0.7,1
CUST-1646,Elevate Financial #65,SaaS & Cloud Software,North America,Starter,Quarterly,Enterprise Analytics Suite,2025-10-04,2026-08-30,1,9,539.28,4853.52,356.49,1,3.0,7,9.9,1
CUST-1647,Acro Dynamics #66,Manufacturing & Logistics,Europe (EMEA),Mid-Market,Multi-Year,API Data Hub,2024-12-21,2026-07-22,40,17,2754.04,46818.68,4034.19,1,7.5,6,17.0,0
CUST-1648,Crestview Cloud #67,Healthcare IT,Europe (EMEA),Growth,Annual Prepaid,API Data Hub,2024-06-30,2026-08-23,8,10,1530.0,15300.0,1312.5,0,7.1,8,24.8,0
CUST-1649,Novus Financial #68,SaaS & Cloud Software,North America,Starter,Month-to-Month,Enterprise Analytics Suite,2026-01-23,2026-07-06,56,6,487.39,2924.34,233.56,2,19.7,7,6.9,0
CUST-1650,Horizon Retail Group #69,Professional & Legal Services,North America,Enterprise,Multi-Year,Cloud Infrastructure Pro,2026-06-01,2026-07-27,35,38,4941.53,187778.14,14541.91,2,11.6,5,9.5,0
CUST-1651,Starlight Health #70,Healthcare IT,North America,Mid-Market,Quarterly,API Data Hub,2026-05-03,2026-08-23,8,16,2781.61,44505.76,3908.38,7,13.4,4,5.9,0
CUST-1652,Quantum Health #71,FinTech & Payments,Europe (EMEA),Growth,Multi-Year,Enterprise Analytics Suite,2026-06-11,2026-08-23,8,8,1400.7,11205.6,936.88,2,12.9,6,8.1,0
CUST-1653,CoreLogic Financial #72,Manufacturing & Logistics,North America,Growth,Multi-Year,Enterprise Analytics Suite,2026-02-20,2026-07-05,57,11,2004.96,22054.56,1784.5,0,2.0,7,7.5,0
CUST-1654,Stratum Ventures #73,Healthcare IT,Europe (EMEA),Mid-Market,Annual Prepaid,Enterprise Analytics Suite,2025-12-03,2026-08-17,14,22,2524.56,55540.32,5036.46,3,22.4,4,2.7,0
CUST-1655,Pulse Health #74,FinTech & Payments,North America,Mid-Market,Month-to-Month,Enterprise Analytics Suite,2025-10-01,2026-08-02,29,18,2534.05,45612.9,4052.71,2,19.2,6,2.5,1
CUST-1656,Acro Financial #75,Healthcare IT,North America,Growth,Annual Prepaid,Enterprise Analytics Suite,2025-07-08,2026-06-22,70,12,1305.51,15666.12,1065.12,2,9.5,5,24.4,0
CUST-1657,Beacon Health #76,SaaS & Cloud Software,North America,Growth,Annual Prepaid,API Data Hub,2025-12-28,2026-07-25,37,9,1800.57,16205.13,1404.74,1,13.9,2,18.1,0
CUST-1658,Elevate Health #77,SaaS & Cloud Software,North America,Mid-Market,Annual Prepaid,AI Decision Platform,2026-04-26,2026-07-13,49,16,3635.6,58169.6,4280.87,6,16.0,3,1.1,1
CUST-1659,CoreLogic Technologies #78,SaaS & Cloud Software,Europe (EMEA),Growth,Month-to-Month,Enterprise Analytics Suite,2025-04-01,2026-06-04,88,10,1317.52,13175.2,1096.28,3,7.3,5,32.5,1
CUST-1660,Nexus Solutions #79,Healthcare IT,Europe (EMEA),Growth,Month-to-Month,Enterprise Analytics Suite,2026-04-01,2026-06-16,76,12,1082.81,12993.72,1000.2,6,14.2,3,7.5,1
CUST-1661,Synergy Financial #80,FinTech & Payments,Europe (EMEA),Mid-Market,Month-to-Month,AI Decision Platform,2025-12-26,2026-08-13,18,27,3124.92,84372.84,7032.03,3,13.7,6,14.0,0
CUST-1662,Vertex Dynamics #81,FinTech & Payments,Europe (EMEA),Mid-Market,Multi-Year,API Data Hub,2025-07-26,2026-08-30,1,15,3005.61,45084.15,3323.82,4,8.3,5,13.0,0
CUST-1663,Synergy Health #82,SaaS & Cloud Software,Europe (EMEA),Mid-Market,Quarterly,Security & Compliance Shield,2025-12-19,2026-08-13,18,24,2298.79,55170.96,4750.86,4,6.8,4,9.3,0
CUST-1664,Solstice Dynamics #83,SaaS & Cloud Software,North America,Mid-Market,Multi-Year,Enterprise Analytics Suite,2025-08-16,2026-08-23,8,19,2633.68,50039.92,3545.92,4,6.1,5,30.1,1
CUST-1665,Prism Logistics #84,FinTech & Payments,Europe (EMEA),Mid-Market,Annual Prepaid,Enterprise Analytics Suite,2025-12-05,2026-08-06,25,25,2804.37,70109.25,4995.65,3,13.0,5,10.2,0
CUST-1666,Omni Cloud #85,SaaS & Cloud Software,Latin America,Growth,Multi-Year,Cloud Infrastructure Pro,2026-04-17,2026-08-20,11,6,1668.83,10012.98,790.02,2,11.3,7,1.4,0
CUST-1667,Prism Dynamics #86,SaaS & Cloud Software,Europe (EMEA),Mid-Market,Annual Prepaid,API Data Hub,2025-09-12,2026-08-15,16,17,3134.07,53279.19,3913.6,4,15.4,7,23.1,0
CUST-1668,Omni Logistics #87,Manufacturing & Logistics,Europe (EMEA),Growth,Annual Prepaid,Security & Compliance Shield,2025-08-08,2026-07-19,43,11,785.81,8643.91,734.27,5,5.6,6,16.0,0
CUST-1669,Elevate Networks #88,FinTech & Payments,North America,Starter,Annual Prepaid,Enterprise Analytics Suite,2025-12-04,2026-07-16,46,5,524.58,2622.9,181.69,3,10.7,6,22.0,0
CUST-1670,Crestview Capital #89,SaaS & Cloud Software,North America,Enterprise,Annual Prepaid,Enterprise Analytics Suite,2025-06-17,2026-08-15,16,44,6016.58,264729.52,19638.64,6,16.5,5,8.7,0
CUST-1671,Pulse Networks #90,Healthcare IT,North America,Mid-Market,Annual Prepaid,Cloud Infrastructure Pro,2025-05-26,2026-07-12,50,21,1855.87,38973.27,3431.12,3,11.4,3,7.9,0
CUST-1672,Pinnacle Labs #91,SaaS & Cloud Software,North America,Growth,Annual Prepaid,AI Decision Platform,2025-10-19,2026-08-20,11,12,1033.6,12403.2,863.41,4,27.6,6,13.3,0
CUST-1673,Aegis Ventures #92,SaaS & Cloud Software,Asia-Pacific,Mid-Market,Multi-Year,Cloud Infrastructure Pro,2025-12-06,2026-08-29,2,15,3530.83,52962.45,4796.51,1,11.9,5,3.4,0
CUST-1674,Beacon Health #93,Manufacturing & Logistics,Asia-Pacific,Mid-Market,Multi-Year,Enterprise Analytics Suite,2026-03-14,2026-08-23,8,24,2622.32,62935.68,4725.03,7,7.3,8,15.8,0
CUST-1675,Crestview Retail Group #94,Healthcare IT,Asia-Pacific,Mid-Market,Multi-Year,Cloud Infrastructure Pro,2026-02-26,2026-08-13,18,21,1726.72,36261.12,2807.09,2,15.3,6,3.1,0
CUST-1676,Aegis Solutions #95,SaaS & Cloud Software,North America,Mid-Market,Month-to-Month,Enterprise Analytics Suite,2025-05-17,2026-08-28,3,19,2373.28,45092.32,3587.29,1,10.1,6,7.8,1
CUST-1677,Starlight Ventures #96,FinTech & Payments,Asia-Pacific,Mid-Market,Quarterly,Cloud Infrastructure Pro,2025-11-09,2026-07-26,36,24,1648.2,39556.8,3455.83,3,29.5,5,6.2,0
CUST-1678,Horizon Global #97,E-Commerce & Retail,Latin America,Mid-Market,Quarterly,Security & Compliance Shield,2025-03-17,2026-08-08,23,15,3667.8,55017.0,5039.58,0,12.3,6,16.3,0
CUST-1679,Vanguard Solutions #1,Healthcare IT,Latin America,Growth,Annual Prepaid,Enterprise Analytics Suite,2025-11-09,2026-08-23,8,7,1239.5,8676.5,670.29,0,11.1,6,4.5,0
CUST-1680,Vertex Networks #2,SaaS & Cloud Software,North America,Growth,Month-to-Month,AI Decision Platform,2025-12-23,2026-08-27,4,11,1636.36,17999.96,1519.16,3,6.4,8,21.4,0
CUST-1681,Elevate Solutions #3,E-Commerce & Retail,North America,Mid-Market,Annual Prepaid,API Data Hub,2025-11-23,2026-07-05,57,15,1274.75,19121.25,1419.51,1,9.8,5,9.1,0
CUST-1682,Synergy Labs #4,E-Commerce & Retail,North America,Growth,Month-to-Month,Cloud Infrastructure Pro,2025-12-16,2026-08-23,8,9,1606.1,14454.9,1146.23,4,6.4,5,8.2,0
CUST-1683,Beacon Health #5,FinTech & Payments,North America,Enterprise,Quarterly,Enterprise Analytics Suite,2026-01-05,2026-07-13,49,33,5533.3,182598.9,16158.83,7,33.4,4,8.2,1
CUST-1684,Pulse Media #6,SaaS & Cloud Software,North America,Mid-Market,Annual Prepaid,AI Decision Platform,2025-12-19,2026-08-13,18,16,2723.25,43572.0,3261.94,3,20.3,3,4.3,0
CUST-1685,Solstice Capital #7,FinTech & Payments,North America,Mid-Market,Quarterly,AI Decision Platform,2025-10-13,2026-08-29,2,12,1485.61,17827.32,1500.14,4,9.6,6,10.0,0
CUST-1686,Pinnacle Capital #8,Manufacturing & Logistics,Asia-Pacific,Growth,Annual Prepaid,AI Decision Platform,2025-11-06,2026-07-24,38,17,1761.85,29951.45,2122.35,2,11.2,3,7.2,0
CUST-1687,Prism Retail Group #9,Healthcare IT,Asia-Pacific,Mid-Market,Annual Prepaid,Cloud Infrastructure Pro,2025-10-24,2026-08-17,14,17,2357.07,40070.19,3446.67,3,12.8,8,3.7,0
CUST-1688,Starlight Retail Group #10,SaaS & Cloud Software,Europe (EMEA),Mid-Market,Quarterly,API Data Hub,2025-09-05,2026-08-22,9,24,1838.29,44118.96,4038.73,3,12.4,8,29.6,0
CUST-1689,Aegis Technologies #11,E-Commerce & Retail,North America,Starter,Annual Prepaid,API Data Hub,2026-02-24,2026-08-30,1,7,495.24,3466.68,276.62,0,19.3,6,1.7,0
CUST-1690,Solstice Financial #12,FinTech & Payments,North America,Enterprise,Month-to-Month,Enterprise Analytics Suite,2025-10-05,2026-08-03,28,33,5922.69,195448.77,17840.67,5,17.8,7,8.9,0
CUST-1691,Horizon Global #13,SaaS & Cloud Software,Europe (EMEA),Growth,Annual Prepaid,Cloud Infrastructure Pro,2025-12-20,2026-08-09,22,11,1374.29,15117.19,1184.99,1,21.5,6,30.4,0
CUST-1692,Prism Capital #14,Professional & Legal Services,Latin America,Growth,Month-to-Month,API Data Hub,2025-08-01,2026-08-28,3,10,1408.05,14080.5,1031.26,1,11.9,10,5.8,0
CUST-1693,Beacon Media #15,Healthcare IT,Asia-Pacific,Growth,Quarterly,AI Decision Platform,2026-01-01,2026-08-30,1,12,1132.67,13592.04,1174.52,1,18.5,6,26.8,0
CUST-1694,CoreLogic Retail Group #16,SaaS & Cloud Software,Asia-Pacific,Starter,Quarterly,Enterprise Analytics Suite,2026-03-16,2026-08-18,13,6,763.18,4579.08,292.0,3,9.4,7,5.6,0
CUST-1695,Crestview Networks #17,FinTech & Payments,North America,Growth,Annual Prepaid,AI Decision Platform,2026-03-01,2026-08-29,2,10,1209.11,12091.1,923.51,4,29.8,4,6.3,0
CUST-1696,Beacon Logistics #18,Healthcare IT,North America,Mid-Market,Quarterly,AI Decision Platform,2025-11-29,2026-08-07,24,18,3140.44,56527.92,5012.87,1,8.3,4,3.8,0
CUST-1697,Apex Labs #19,Manufacturing & Logistics,Europe (EMEA),Enterprise,Annual Prepaid,Security & Compliance Shield,2025-08-22,2026-08-12,19,38,2778.02,105564.76,8782.37,4,13.6,5,13.4,0
CUST-1698,Nexus Health #20,E-Commerce & Retail,North America,Growth,Annual Prepaid,Enterprise Analytics Suite,2025-01-04,2026-07-15,47,11,1030.57,11336.27,807.71,0,6.0,7,12.1,0
CUST-1699,Nexus Solutions #21,SaaS & Cloud Software,Asia-Pacific,Mid-Market,Annual Prepaid,Enterprise Analytics Suite,2025-10-13,2026-08-03,28,16,1396.52,22344.32,1726.28,6,10.6,4,28.6,0
CUST-1700,Synergy Retail Group #22,Healthcare IT,North America,Growth,Month-to-Month,Enterprise Analytics Suite,2025-11-04,2026-07-25,37,14,1870.72,26190.08,2001.71,0,16.6,8,8.9,0
CUST-1701,Horizon Retail Group #23,FinTech & Payments,North America,Mid-Market,Annual Prepaid,Cloud Infrastructure Pro,2025-09-27,2026-08-22,9,22,800.0,17600.0,1334.18,3,14.0,3,20.0,0
CUST-1702,Apex Networks #24,SaaS & Cloud Software,Asia-Pacific,Mid-Market,Month-to-Month,Security & Compliance Shield,2025-12-14,2026-04-23,130,15,2667.03,40005.45,3135.72,4,36.6,1,16.2,1
CUST-1703,Quantum Systems #25,Professional & Legal Services,North America,Enterprise,Multi-Year,AI Decision Platform,2025-12-20,2026-08-24,7,36,5012.43,180447.48,15250.14,6,10.7,6,6.3,0
CUST-1704,Stratum Cloud #26,FinTech & Payments,Asia-Pacific,Starter,Multi-Year,AI Decision Platform,2025-11-07,2026-08-17,14,7,312.65,2188.55,175.02,0,3.0,8,29.1,0
CUST-1705,Synergy Health #27,Healthcare IT,North America,Enterprise,Multi-Year,AI Decision Platform,2026-04-07,2026-08-02,29,34,3611.44,122788.96,10374.01,5,8.7,6,22.2,0
CUST-1706,Starlight Labs #28,E-Commerce & Retail,Asia-Pacific,Mid-Market,Quarterly,Cloud Infrastructure Pro,2025-07-24,2026-08-22,9,15,2140.53,32107.95,2581.16,2,9.3,6,13.3,0
CUST-1707,Vertex Solutions #29,SaaS & Cloud Software,Asia-Pacific,Mid-Market,Multi-Year,Cloud Infrastructure Pro,2025-10-20,2026-08-22,9,25,1390.22,34755.5,2638.31,5,14.0,8,2.6,0
CUST-1708,Terra Logistics #30,SaaS & Cloud Software,Asia-Pacific,Enterprise,Quarterly,Enterprise Analytics Suite,2026-02-05,2026-08-09,22,27,5213.35,140760.45,13244.06,9,13.9,4,35.9,1
CUST-1709,Beacon Solutions #31,FinTech & Payments,North America,Enterprise,Quarterly,API Data Hub,2026-02-28,2026-08-23,8,27,5333.03,143991.81,11246.78,8,15.2,4,3.2,0
CUST-1710,Pinnacle Retail Group #32,SaaS & Cloud Software,Europe (EMEA),Starter,Multi-Year,Cloud Infrastructure Pro,2025-11-24,2026-08-17,14,6,351.62,2109.72,169.01,2,8.1,4,39.6,0
CUST-1711,Omni Labs #33,Healthcare IT,North America,Mid-Market,Quarterly,Enterprise Analytics Suite,2026-04-17,2026-08-18,13,28,2100.55,58815.4,5120.99,4,19.5,4,11.3,0
CUST-1712,Crestview Systems #34,FinTech & Payments,North America,Mid-Market,Quarterly,Enterprise Analytics Suite,2025-06-11,2026-08-27,4,15,3077.88,46168.2,3531.87,6,35.4,4,14.6,1
CUST-1713,Solstice Technologies #35,E-Commerce & Retail,Asia-Pacific,Growth,Annual Prepaid,Enterprise Analytics Suite,2025-09-12,2026-07-28,34,17,1883.17,32013.89,2683.52,5,11.9,4,22.2,0
CUST-1714,Novus Systems #36,FinTech & Payments,Europe (EMEA),Mid-Market,Annual Prepaid,API Data Hub,2026-01-12,2026-06-18,74,21,2058.42,43226.82,3524.83,4,13.2,7,17.1,0
CUST-1715,Terra Health #37,SaaS & Cloud Software,Asia-Pacific,Growth,Annual Prepaid,Cloud Infrastructure Pro,2025-12-31,2026-08-18,13,7,1590.8,11135.6,919.73,0,9.9,5,12.5,0
CUST-1716,Prism Global #38,Healthcare IT,North America,Starter,Multi-Year,Enterprise Analytics Suite,2025-10-20,2026-08-17,14,5,231.9,1159.5,76.7,1,2.6,7,2.8,0
CUST-1717,Crestview Cloud #39,FinTech & Payments,North America,Starter,Annual Prepaid,Security & Compliance Shield,2026-03-22,2026-08-15,16,3,601.76,1805.28,137.28,1,21.6,7,11.6,1
CUST-1718,Vanguard Networks #40,Healthcare IT,North America,Enterprise,Annual Prepaid,AI Decision Platform,2024-03-06,2026-08-17,14,30,4965.62,148968.6,11603.92,4,11.3,6,2.1,0
CUST-1719,Synergy Media #41,Professional & Legal Services,Europe (EMEA),Mid-Market,Multi-Year,Cloud Infrastructure Pro,2025-09-18,2026-08-24,7,27,2925.91,78999.57,7193.04,5,22.0,7,2.8,0
CUST-1720,Novus Dynamics #42,SaaS & Cloud Software,Europe (EMEA),Mid-Market,Month-to-Month,Enterprise Analytics Suite,2026-02-20,2026-07-25,37,27,1883.77,50861.79,4524.34,7,21.0,5,20.1,1
CUST-1721,Zenith Financial #43,FinTech & Payments,Latin America,Growth,Multi-Year,API Data Hub,2025-05-01,2026-08-01,30,10,1101.64,11016.4,909.01,1,10.1,5,12.7,0
CUST-1722,Kinetic Media #44,Manufacturing & Logistics,Latin America,Mid-Market,Quarterly,Cloud Infrastructure Pro,2026-04-28,2026-08-19,12,22,2951.87,64941.14,4627.7,6,18.1,6,16.8,0
CUST-1723,Omni Retail Group #45,SaaS & Cloud Software,Europe (EMEA),Mid-Market,Multi-Year,Enterprise Analytics Suite,2026-03-22,2026-08-08,23,13,3235.6,42062.8,3462.7,3,15.5,5,20.7,0
CUST-1724,Aegis Labs #46,SaaS & Cloud Software,North America,Mid-Market,Multi-Year,AI Decision Platform,2025-08-09,2026-07-21,41,18,3686.38,66354.84,5570.12,2,10.6,4,6.3,0
CUST-1725,Synergy Labs #47,Healthcare IT,North America,Growth,Multi-Year,Cloud Infrastructure Pro,2026-03-24,2026-07-05,57,11,1529.13,16820.43,1148.01,3,4.8,7,16.7,0
CUST-1726,Pulse Retail Group #48,FinTech & Payments,Europe (EMEA),Mid-Market,Annual Prepaid,API Data Hub,2026-02-22,2026-08-07,24,23,3339.29,76803.67,6305.79,3,21.6,5,13.5,0
CUST-1727,Omni Retail Group #49,Healthcare IT,Europe (EMEA),Enterprise,Annual Prepaid,API Data Hub,2025-03-08,2026-08-06,25,34,4590.15,156065.1,14546.3,3,10.6,8,35.3,0
CUST-1728,Nexus Media #50,Healthcare IT,Europe (EMEA),Mid-Market,Annual Prepaid,API Data Hub,2026-01-15,2026-08-29,2,18,3451.18,62121.24,4729.41,5,34.4,2,12.6,0
CUST-1729,Synergy Capital #51,Healthcare IT,Europe (EMEA),Mid-Market,Quarterly,Security & Compliance Shield,2025-05-14,2026-08-28,3,23,2838.66,65289.18,5248.96,3,11.7,5,36.9,0
CUST-1730,Kinetic Networks #52,Manufacturing & Logistics,North America,Enterprise,Quarterly,AI Decision Platform,2026-03-09,2026-07-31,31,32,5271.27,168680.64,14371.87,4,6.5,6,6.8,0
CUST-1731,Elevate Networks #53,SaaS & Cloud Software,Asia-Pacific,Mid-Market,Multi-Year,Cloud Infrastructure Pro,2025-11-09,2026-08-28,3,20,2713.83,54276.6,4168.96,1,5.9,7,18.1,0
CUST-1732,Pinnacle Ventures #54,E-Commerce & Retail,Europe (EMEA),Enterprise,Multi-Year,Enterprise Analytics Suite,2026-05-20,2026-08-26,5,30,6403.51,192105.3,14441.94,3,5.8,6,5.5,0
CUST-1733,Starlight Technologies #55,Manufacturing & Logistics,Europe (EMEA),Growth,Annual Prepaid,Cloud Infrastructure Pro,2025-03-20,2026-08-30,1,12,981.04,11772.48,1002.3,3,16.5,6,18.6,0
CUST-1734,Quantum Logistics #56,Healthcare IT,Europe (EMEA),Growth,Month-to-Month,Enterprise Analytics Suite,2025-08-04,2026-08-16,15,9,943.79,8494.11,586.71,2,7.4,8,19.1,0
CUST-1735,Omni Media #57,Manufacturing & Logistics,North America,Starter,Annual Prepaid,API Data Hub,2025-07-19,2026-08-25,6,5,515.01,2575.05,207.33,1,11.8,8,4.5,0
CUST-1736,Starlight Logistics #58,SaaS & Cloud Software,Europe (EMEA),Mid-Market,Month-to-Month,Enterprise Analytics Suite,2025-05-10,2026-08-21,10,20,2399.78,47995.6,3832.83,2,8.9,6,5.7,0
CUST-1737,Starlight Systems #59,Manufacturing & Logistics,Europe (EMEA),Mid-Market,Multi-Year,Enterprise Analytics Suite,2025-09-07,2026-08-16,15,22,2857.24,62859.28,5014.5,5,10.7,5,5.8,0
CUST-1738,Stratum Logistics #60,FinTech & Payments,Europe (EMEA),Growth,Quarterly,Enterprise Analytics Suite,2026-01-11,2026-08-27,4,11,1139.78,12537.58,1055.75,2,11.9,8,29.7,0
CUST-1739,Prism Networks #61,Healthcare IT,North America,Mid-Market,Month-to-Month,Enterprise Analytics Suite,2025-05-20,2026-04-11,142,17,2656.54,45161.18,3346.97,5,6.4,1,18.4,1
CUST-1740,Vanguard Labs #62,Healthcare IT,North America,Growth,Annual Prepaid,Enterprise Analytics Suite,2025-10-20,2026-08-15,16,11,1293.68,14230.48,1165.5,1,7.3,10,20.0,0
CUST-1741,Elevate Ventures #63,SaaS & Cloud Software,North America,Mid-Market,Quarterly,Enterprise Analytics Suite,2025-12-14,2026-08-30,1,21,2781.33,58407.93,5267.41,3,8.4,9,10.0,0
CUST-1742,Starlight Systems #64,Healthcare IT,North America,Growth,Month-to-Month,Cloud Infrastructure Pro,2026-05-08,2026-08-16,15,18,928.4,16711.2,1371.38,3,19.0,6,19.4,0
CUST-1743,Vertex Retail Group #65,SaaS & Cloud Software,North America,Mid-Market,Annual Prepaid,Cloud Infrastructure Pro,2025-07-27,2026-08-10,21,19,3488.12,66274.28,5093.87,5,9.5,5,22.8,0
CUST-1744,Beacon Labs #66,FinTech & Payments,North America,Mid-Market,Annual Prepaid,Security & Compliance Shield,2025-11-22,2026-08-30,1,14,1844.26,25819.64,2097.07,3,12.9,7,29.4,0
CUST-1745,Horizon Capital #67,SaaS & Cloud Software,Latin America,Growth,Month-to-Month,Enterprise Analytics Suite,2025-09-08,2026-08-18,13,10,880.6,8806.0,749.26,3,11.2,7,8.8,0
CUST-1746,Crestview Technologies #68,Professional & Legal Services,Latin America,Mid-Market,Annual Prepaid,AI Decision Platform,2024-12-13,2026-08-12,19,12,3165.85,37990.2,3300.13,3,18.6,8,2.3,0
CUST-1747,Quantum Health #69,SaaS & Cloud Software,Europe (EMEA),Mid-Market,Annual Prepaid,Cloud Infrastructure Pro,2025-05-24,2026-08-30,1,25,1545.74,38643.5,3174.2,4,13.5,6,9.6,0
CUST-1748,Aegis Systems #70,FinTech & Payments,Europe (EMEA),Mid-Market,Multi-Year,AI Decision Platform,2025-08-08,2026-08-20,11,12,3322.92,39875.04,3630.57,2,2.3,10,8.7,0
CUST-1749,Kinetic Ventures #71,SaaS & Cloud Software,North America,Growth,Annual Prepaid,Security & Compliance Shield,2026-01-05,2026-08-06,25,9,786.2,7075.8,585.18,4,10.7,10,32.3,0
CUST-1750,Pulse Solutions #72,SaaS & Cloud Software,Europe (EMEA),Growth,Annual Prepaid,AI Decision Platform,2026-01-15,2026-07-13,49,14,1004.1,14057.4,1091.54,0,8.6,5,13.5,0
CUST-1751,Novus Labs #73,Professional & Legal Services,Europe (EMEA),Mid-Market,Annual Prepaid,Enterprise Analytics Suite,2026-03-01,2026-08-01,30,21,2425.46,50934.66,3890.1,2,3.1,8,7.7,0
CUST-1752,Prism Media #74,SaaS & Cloud Software,Europe (EMEA),Mid-Market,Month-to-Month,Enterprise Analytics Suite,2024-09-15,2026-08-04,27,17,2176.27,36996.59,2859.72,1,24.8,4,32.2,0
CUST-1753,Nexus Technologies #75,FinTech & Payments,Latin America,Mid-Market,Quarterly,Cloud Infrastructure Pro,2025-03-27,2026-08-18,13,11,1393.11,15324.21,1099.64,2,16.9,6,35.8,0
CUST-1754,Horizon Dynamics #76,SaaS & Cloud Software,Europe (EMEA),Growth,Multi-Year,Cloud Infrastructure Pro,2026-02-24,2026-08-30,1,17,1056.17,17954.89,1442.7,2,7.9,7,22.4,0
CUST-1755,Zenith Retail Group #77,Professional & Legal Services,North America,Starter,Month-to-Month,Enterprise Analytics Suite,2025-05-28,2026-07-25,37,5,444.68,2223.4,161.91,3,11.9,5,9.3,0
CUST-1756,Acro Cloud #78,SaaS & Cloud Software,Asia-Pacific,Enterprise,Multi-Year,Security & Compliance Shield,2025-03-01,2026-08-30,1,35,6312.06,220922.1,16258.55,5,15.7,4,12.9,0
CUST-1757,Starlight Health #79,Professional & Legal Services,Latin America,Growth,Annual Prepaid,Enterprise Analytics Suite,2025-09-01,2026-07-26,36,18,1849.3,33287.4,2292.02,4,6.7,4,19.2,0
CUST-1758,Crestview Ventures #80,Healthcare IT,North America,Growth,Multi-Year,Cloud Infrastructure Pro,2026-01-17,2026-08-02,29,13,1442.55,18753.15,1450.14,1,8.7,7,20.0,0
CUST-1759,Kinetic Dynamics #81,Professional & Legal Services,Europe (EMEA),Starter,Month-to-Month,Cloud Infrastructure Pro,2025-11-30,2026-08-23,8,4,433.84,1735.36,124.0,0,6.6,8,1.6,0
CUST-1760,Kinetic Labs #82,Healthcare IT,North America,Mid-Market,Quarterly,API Data Hub,2025-07-28,2026-08-15,16,21,2471.21,51895.41,3912.74,2,5.1,8,40.1,0
CUST-1761,Novus Retail Group #83,E-Commerce & Retail,North America,Enterprise,Quarterly,Cloud Infrastructure Pro,2025-10-10,2026-08-13,18,37,6805.68,251810.16,20118.14,8,15.4,6,13.9,0
CUST-1762,Horizon Ventures #84,SaaS & Cloud Software,North America,Mid-Market,Annual Prepaid,Cloud Infrastructure Pro,2025-01-12,2026-07-03,59,17,2626.18,44645.06,3799.65,5,15.4,5,19.5,0
CUST-1763,Solstice Logistics #85,SaaS & Cloud Software,Europe (EMEA),Mid-Market,Multi-Year,AI Decision Platform,2025-11-29,2026-08-27,4,11,2114.52,23259.72,1930.73,2,14.2,7,10.8,0
CUST-1764,Omni Health #86,E-Commerce & Retail,Asia-Pacific,Mid-Market,Multi-Year,API Data Hub,2025-10-30,2026-08-21,10,18,2228.18,40107.24,2897.65,2,7.4,7,4.7,0
CUST-1765,Starlight Cloud #87,FinTech & Payments,Europe (EMEA),Growth,Annual Prepaid,Security & Compliance Shield,2026-03-28,2026-08-24,7,9,1374.73,12372.57,869.42,0,6.0,8,10.3,0
CUST-1766,Quantum Technologies #88,SaaS & Cloud Software,Asia-Pacific,Mid-Market,Multi-Year,AI Decision Platform,2025-06-11,2026-08-25,6,11,3074.75,33822.25,2998.27,1,8.1,7,33.1,0
CUST-1767,Beacon Global #89,FinTech & Payments,North America,Enterprise,Annual Prepaid,AI Decision Platform,2025-10-08,2026-08-19,12,31,7522.32,233191.92,20797.69,8,8.9,2,24.9,0
CUST-1768,Starlight Media #90,Manufacturing & Logistics,Europe (EMEA),Enterprise,Annual Prepaid,Cloud Infrastructure Pro,2025-11-05,2026-07-16,46,28,4894.89,137056.92,12653.36,2,14.0,7,16.4,0
CUST-1769,Vertex Cloud #91,FinTech & Payments,Europe (EMEA),Mid-Market,Quarterly,AI Decision Platform,2025-09-19,2026-08-30,1,21,2998.14,62960.94,4576.76,1,5.9,5,32.4,0
CUST-1770,Horizon Global #92,Professional & Legal Services,North America,Enterprise,Multi-Year,Enterprise Analytics Suite,2026-02-06,2026-08-17,14,46,5645.8,259706.8,20710.41,4,3.0,3,18.2,0
CUST-1771,Stratum Global #93,E-Commerce & Retail,Europe (EMEA),Growth,Quarterly,Enterprise Analytics Suite,2025-11-11,2026-08-28,3,10,1124.2,11242.0,924.83,2,6.0,6,16.1,0
CUST-1772,Beacon Capital #94,FinTech & Payments,North America,Mid-Market,Quarterly,AI Decision Platform,2025-07-15,2026-08-25,6,20,2617.32,52346.4,3758.62,5,22.9,4,25.3,0
CUST-1773,Quantum Ventures #95,Healthcare IT,Europe (EMEA),Enterprise,Quarterly,Cloud Infrastructure Pro,2025-08-28,2026-08-15,16,48,4790.36,229937.28,17859.83,7,15.5,5,34.5,0
CUST-1774,Quantum Ventures #96,Healthcare IT,Europe (EMEA),Mid-Market,Multi-Year,Enterprise Analytics Suite,2025-12-17,2026-06-15,77,23,2903.82,66787.86,5487.01,4,33.2,4,32.9,0
CUST-1775,Solstice Global #97,SaaS & Cloud Software,North America,Starter,Annual Prepaid,AI Decision Platform,2025-10-12,2026-08-10,21,4,539.45,2157.8,164.77,1,12.7,10,7.7,0
CUST-1776,Beacon Retail Group #1,SaaS & Cloud Software,Europe (EMEA),Growth,Month-to-Month,AI Decision Platform,2025-09-09,2026-07-29,33,14,1202.72,16838.08,1192.64,1,6.7,6,3.2,0
CUST-1777,Prism Health #2,FinTech & Payments,Europe (EMEA),Mid-Market,Quarterly,Cloud Infrastructure Pro,2026-06-21,2026-08-13,18,29,3441.53,99804.37,7245.49,3,20.8,4,19.6,1
CUST-1778,Vanguard Logistics #3,FinTech & Payments,North America,Mid-Market,Quarterly,Cloud Infrastructure Pro,2026-01-25,2026-08-29,2,20,2191.45,43829.0,3161.31,3,5.8,10,1.4,0
CUST-1779,Omni Dynamics #4,E-Commerce & Retail,Latin America,Growth,Month-to-Month,Enterprise Analytics Suite,2024-12-28,2026-08-22,9,11,1034.97,11384.67,780.95,3,12.6,5,14.7,0
CUST-1780,Synergy Media #5,E-Commerce & Retail,Europe (EMEA),Growth,Quarterly,Enterprise Analytics Suite,2024-09-26,2026-07-30,32,12,1026.29,12315.48,1026.07,1,12.9,7,1.8,0
CUST-1781,Quantum Ventures #6,E-Commerce & Retail,North America,Starter,Annual Prepaid,Cloud Infrastructure Pro,2025-11-04,2026-08-20,11,6,514.7,3088.2,209.87,0,20.9,8,5.6,0
CUST-1782,Novus Media #7,FinTech & Payments,Europe (EMEA),Mid-Market,Month-to-Month,Security & Compliance Shield,2026-03-21,2026-07-10,52,14,1487.09,20819.26,1739.29,5,9.4,4,15.5,1
CUST-1783,Vertex Networks #8,Manufacturing & Logistics,Europe (EMEA),Mid-Market,Quarterly,Cloud Infrastructure Pro,2026-02-18,2026-08-15,16,16,4047.43,64758.88,4650.37,2,5.5,8,12.1,0
CUST-1784,Horizon Labs #9,FinTech & Payments,Europe (EMEA),Enterprise,Quarterly,Cloud Infrastructure Pro,2025-06-29,2026-08-15,16,31,6973.19,216168.89,18465.76,3,25.9,5,6.7,0
CUST-1785,Kinetic Global #10,Manufacturing & Logistics,North America,Starter,Multi-Year,Enterprise Analytics Suite,2026-04-16,2026-08-27,4,6,591.56,3549.36,271.22,2,8.6,5,14.9,0
CUST-1786,Aegis Technologies #11,Healthcare IT,North America,Growth,Annual Prepaid,AI Decision Platform,2025-11-12,2026-08-25,6,15,1224.05,18360.75,1286.92,5,14.1,7,20.6,0
CUST-1787,Kinetic Media #12,Manufacturing & Logistics,Asia-Pacific,Growth,Multi-Year,Enterprise Analytics Suite,2025-02-15,2026-07-03,59,8,942.6,7540.8,606.77,4,11.8,5,14.9,0
CUST-1788,Pinnacle Systems #13,E-Commerce & Retail,Asia-Pacific,Starter,Multi-Year,Enterprise Analytics Suite,2025-09-11,2026-08-28,3,3,628.57,1885.71,130.87,1,7.8,7,21.8,0
CUST-1789,Elevate Capital #14,Manufacturing & Logistics,Europe (EMEA),Starter,Annual Prepaid,AI Decision Platform,2025-12-15,2026-07-11,51,9,463.74,4173.66,265.51,2,8.1,6,23.3,0
CUST-1790,Solstice Retail Group #15,Healthcare IT,North America,Mid-Market,Annual Prepaid,Enterprise Analytics Suite,2025-05-13,2026-05-30,93,18,3813.03,68634.54,5034.01,6,8.0,1,23.8,1
CUST-1791,Pulse Labs #16,E-Commerce & Retail,Europe (EMEA),Mid-Market,Month-to-Month,API Data Hub,2026-05-10,2026-08-23,8,17,2847.62,48409.54,4287.52,2,13.4,6,5.1,0
CUST-1792,Beacon Capital #17,Manufacturing & Logistics,Europe (EMEA),Growth,Multi-Year,AI Decision Platform,2025-07-09,2026-08-19,12,6,1746.54,10479.24,782.19,2,2.8,8,7.7,0
CUST-1793,Elevate Systems #18,SaaS & Cloud Software,Asia-Pacific,Enterprise,Multi-Year,Cloud Infrastructure Pro,2026-04-15,2026-08-09,22,29,5798.4,168153.6,14814.71,3,7.7,7,1.3,0
CUST-1794,Novus Labs #19,SaaS & Cloud Software,North America,Mid-Market,Quarterly,API Data Hub,2025-06-27,2026-08-23,8,16,1166.66,18666.56,1622.1,3,14.1,8,7.7,0
CUST-1795,Terra Retail Group #20,SaaS & Cloud Software,North America,Growth,Multi-Year,AI Decision Platform,2026-01-28,2026-07-17,45,17,1588.51,27004.67,2280.67,2,8.3,4,7.5,0
CUST-1796,Acro Ventures #21,Professional & Legal Services,Europe (EMEA),Enterprise,Multi-Year,API Data Hub,2025-07-23,2026-08-09,22,37,6505.62,240707.94,22422.44,4,18.4,5,8.0,0
CUST-1797,Zenith Labs #22,E-Commerce & Retail,North America,Mid-Market,Quarterly,Enterprise Analytics Suite,2025-06-07,2026-08-13,18,22,2948.53,64867.66,5923.4,4,4.4,6,14.5,0
CUST-1798,Solstice Technologies #23,SaaS & Cloud Software,North America,Growth,Annual Prepaid,Enterprise Analytics Suite,2025-01-25,2026-08-27,4,8,1512.85,12102.8,1008.12,1,8.6,7,1.6,0
CUST-1799,Vertex Health #24,Professional & Legal Services,North America,Enterprise,Month-to-Month,Enterprise Analytics Suite,2025-10-09,2026-08-18,13,33,5773.46,190524.18,17096.66,5,5.5,6,22.8,0
CUST-1800,Omni Financial #25,E-Commerce & Retail,Asia-Pacific,Mid-Market,Quarterly,API Data Hub,2025-11-01,2026-08-17,14,9,3034.87,27313.83,2007.69,1,10.3,7,30.4,0
CUST-1801,Kinetic Systems #26,Healthcare IT,North America,Growth,Quarterly,Cloud Infrastructure Pro,2025-08-09,2026-07-11,51,12,1347.22,16166.64,1403.17,1,5.8,9,11.7,1
CUST-1802,Kinetic Labs #27,Healthcare IT,Asia-Pacific,Mid-Market,Month-to-Month,API Data Hub,2026-02-17,2026-08-12,19,18,3781.32,68063.76,4967.89,5,5.8,9,12.8,0
CUST-1803,Terra Financial #28,E-Commerce & Retail,North America,Growth,Annual Prepaid,Security & Compliance Shield,2026-02-04,2026-07-30,32,12,1248.5,14982.0,1105.96,2,8.0,5,11.6,0
CUST-1804,Solstice Financial #29,Healthcare IT,Asia-Pacific,Enterprise,Multi-Year,Enterprise Analytics Suite,2026-02-04,2026-07-10,52,37,6304.47,233265.39,20993.43,2,18.8,6,15.5,0
CUST-1805,Synergy Financial #30,Healthcare IT,Latin America,Starter,Annual Prepaid,Enterprise Analytics Suite,2025-11-24,2026-08-27,4,5,701.06,3505.3,275.57,0,8.3,8,32.0,0
CUST-1806,Horizon Solutions #31,SaaS & Cloud Software,Asia-Pacific,Mid-Market,Quarterly,AI Decision Platform,2026-01-26,2026-07-24,38,28,2042.65,57194.2,4471.35,3,28.4,4,7.4,0
CUST-1807,Apex Global #32,Professional & Legal Services,Latin America,Enterprise,Annual Prepaid,Enterprise Analytics Suite,2025-12-14,2026-08-03,28,34,5160.34,175451.56,13777.3,8,12.9,5,4.6,0
CUST-1808,Nexus Networks #33,SaaS & Cloud Software,Europe (EMEA),Growth,Quarterly,AI Decision Platform,2026-01-18,2026-07-11,51,11,979.48,10774.28,774.07,4,6.5,3,3.7,0
CUST-1809,Nexus Cloud #34,Healthcare IT,North America,Growth,Annual Prepaid,API Data Hub,2025-12-27,2026-08-08,23,8,1612.61,12900.88,1096.27,2,2.7,5,1.7,0
CUST-1810,Apex Labs #35,SaaS & Cloud Software,Europe (EMEA),Starter,Month-to-Month,API Data Hub,2026-02-15,2026-06-14,78,5,420.84,2104.2,160.52,2,7.1,4,13.9,1
CUST-1811,Acro Logistics #36,Healthcare IT,Europe (EMEA),Enterprise,Multi-Year,API Data Hub,2025-12-10,2026-08-28,3,29,5896.96,171011.84,13370.36,4,5.9,6,6.7,0
CUST-1812,Zenith Logistics #37,SaaS & Cloud Software,North America,Enterprise,Multi-Year,Enterprise Analytics Suite,2026-03-01,2026-08-17,14,32,6199.9,198396.8,17590.29,7,8.3,5,15.6,0
CUST-1813,Zenith Systems #38,Healthcare IT,North America,Mid-Market,Multi-Year,AI Decision Platform,2025-04-07,2026-07-29,33,22,3171.55,69774.1,5784.74,3,13.1,4,15.0,0
CUST-1814,Quantum Media #39,Healthcare IT,Europe (EMEA),Growth,Month-to-Month,Enterprise Analytics Suite,2026-02-16,2026-08-15,16,13,696.51,9054.63,776.26,2,20.1,4,11.8,0
CUST-1815,Beacon Systems #40,Manufacturing & Logistics,North America,Starter,Annual Prepaid,Enterprise Analytics Suite,2025-10-31,2026-08-22,9,3,180.0,540.0,42.26,1,4.0,5,34.8,0
CUST-1816,Beacon Health #41,SaaS & Cloud Software,Latin America,Growth,Quarterly,Cloud Infrastructure Pro,2026-05-07,2026-07-25,37,12,1415.39,16984.68,1401.85,2,7.4,6,23.2,0
CUST-1817,Zenith Labs #42,FinTech & Payments,North America,Growth,Multi-Year,Enterprise Analytics Suite,2025-08-03,2026-08-19,12,13,688.93,8956.09,710.43,2,5.8,6,0.9,0
CUST-1818,Acro Capital #43,SaaS & Cloud Software,North America,Starter,Annual Prepaid,AI Decision Platform,2025-09-06,2026-08-28,3,9,365.61,3290.49,245.89,0,4.9,8,13.5,0
CUST-1819,Vertex Systems #44,E-Commerce & Retail,Europe (EMEA),Growth,Annual Prepaid,Enterprise Analytics Suite,2025-12-22,2026-08-22,9,11,1200.9,13209.9,898.68,2,7.0,6,21.8,0
CUST-1820,Vertex Systems #45,Manufacturing & Logistics,Asia-Pacific,Growth,Multi-Year,API Data Hub,2026-04-02,2026-08-24,7,12,1246.27,14955.24,1077.34,2,8.4,6,0.6,0
CUST-1821,Nexus Health #46,Healthcare IT,Europe (EMEA),Growth,Multi-Year,Enterprise Analytics Suite,2024-04-10,2026-08-23,8,12,1933.46,23201.52,1711.01,5,4.7,5,33.1,0
CUST-1822,CoreLogic Ventures #47,SaaS & Cloud Software,Europe (EMEA),Mid-Market,Month-to-Month,API Data Hub,2025-07-05,2026-07-11,51,16,2261.02,36176.32,3204.97,3,5.6,2,9.6,1
CUST-1823,CoreLogic Global #48,Healthcare IT,Europe (EMEA),Growth,Annual Prepaid,Enterprise Analytics Suite,2025-11-18,2026-08-25,6,15,1326.33,19894.95,1341.77,1,4.4,7,1.2,0
CUST-1824,Starlight Global #49,SaaS & Cloud Software,Europe (EMEA),Growth,Annual Prepaid,Enterprise Analytics Suite,2026-05-04,2026-08-25,6,4,1048.8,4195.2,303.4,2,4.4,8,7.4,0
CUST-1825,Elevate Global #50,E-Commerce & Retail,North America,Mid-Market,Multi-Year,AI Decision Platform,2025-08-27,2026-08-08,23,19,3005.52,57104.88,4488.64,4,10.9,5,0.9,0
CUST-1826,CoreLogic Health #51,Healthcare IT,North America,Growth,Annual Prepaid,Cloud Infrastructure Pro,2025-07-17,2026-08-25,6,11,1646.24,18108.64,1579.71,0,3.1,9,15.8,0
CUST-1827,Pinnacle Logistics #52,Manufacturing & Logistics,North America,Enterprise,Quarterly,Cloud Infrastructure Pro,2026-01-25,2026-07-23,39,39,4028.82,157123.98,12031.26,5,3.7,5,15.2,0
CUST-1828,Stratum Systems #53,Professional & Legal Services,Asia-Pacific,Enterprise,Annual Prepaid,API Data Hub,2025-12-04,2026-08-04,27,31,7286.17,225871.27,17655.93,4,8.6,5,14.1,0
CUST-1829,Novus Ventures #54,SaaS & Cloud Software,Asia-Pacific,Mid-Market,Month-to-Month,Cloud Infrastructure Pro,2025-07-27,2026-07-05,57,17,1594.91,27113.47,2185.52,1,11.4,4,14.4,1
CUST-1830,Terra Networks #55,SaaS & Cloud Software,Europe (EMEA),Growth,Multi-Year,Enterprise Analytics Suite,2025-07-27,2026-08-20,11,14,2012.61,28176.54,2064.97,1,18.5,8,14.7,0
CUST-1831,Novus Retail Group #56,FinTech & Payments,Asia-Pacific,Mid-Market,Annual Prepaid,AI Decision Platform,2025-12-11,2026-08-16,15,23,1869.65,43001.95,3909.54,5,9.4,6,12.3,0
CUST-1832,Omni Media #57,FinTech & Payments,Latin America,Mid-Market,Annual Prepaid,AI Decision Platform,2025-02-06,2026-08-06,25,11,2125.47,23380.17,1840.48,4,13.2,6,8.2,0
CUST-1833,Vertex Logistics #58,FinTech & Payments,Asia-Pacific,Growth,Month-to-Month,Cloud Infrastructure Pro,2026-03-15,2026-08-09,22,8,1562.4,12499.2,933.78,3,5.3,5,14.7,1
CUST-1834,Apex Ventures #59,Professional & Legal Services,North America,Mid-Market,Quarterly,AI Decision Platform,2025-08-21,2026-08-11,20,33,1796.97,59300.01,4743.17,3,13.2,6,18.3,1
CUST-1835,Zenith Networks #60,SaaS & Cloud Software,North America,Growth,Annual Prepaid,Cloud Infrastructure Pro,2025-08-31,2026-08-20,11,12,1606.34,19276.08,1438.65,0,9.4,7,20.8,0
CUST-1836,Crestview Technologies #61,Healthcare IT,Asia-Pacific,Growth,Multi-Year,Enterprise Analytics Suite,2026-01-18,2026-08-29,2,13,1246.76,16207.88,1112.33,3,20.5,7,26.7,0
CUST-1837,Acro Solutions #62,SaaS & Cloud Software,Asia-Pacific,Growth,Month-to-Month,Enterprise Analytics Suite,2025-12-13,2026-04-07,146,19,1618.13,30744.47,2292.65,2,17.3,2,12.2,1
CUST-1838,Apex Solutions #63,SaaS & Cloud Software,North America,Starter,Quarterly,Enterprise Analytics Suite,2026-03-22,2026-08-04,27,6,331.95,1991.7,148.38,2,4.1,7,2.2,1
CUST-1839,Beacon Capital #64,SaaS & Cloud Software,Asia-Pacific,Mid-Market,Quarterly,Enterprise Analytics Suite,2025-05-26,2026-08-28,3,18,2299.17,41385.06,3512.13,4,10.6,4,18.0,0
CUST-1840,CoreLogic Global #65,E-Commerce & Retail,North America,Enterprise,Annual Prepaid,Enterprise Analytics Suite,2026-03-13,2026-08-20,11,37,5225.95,193360.15,15988.58,5,16.5,8,4.6,0
CUST-1841,Starlight Health #66,Healthcare IT,Europe (EMEA),Mid-Market,Month-to-Month,Enterprise Analytics Suite,2026-01-28,2026-08-19,12,21,2392.93,50251.53,4189.56,5,18.8,4,26.3,0
CUST-1842,Elevate Labs #67,Professional & Legal Services,North America,Growth,Annual Prepaid,Cloud Infrastructure Pro,2026-03-08,2026-08-25,6,6,1446.13,8676.78,728.73,1,19.2,9,15.2,0
CUST-1843,Pinnacle Cloud #68,Healthcare IT,Europe (EMEA),Growth,Month-to-Month,Enterprise Analytics Suite,2025-07-11,2026-08-13,18,11,1477.23,16249.53,1321.64,1,2.0,7,18.2,0
CUST-1844,Horizon Media #69,Healthcare IT,North America,Enterprise,Quarterly,Cloud Infrastructure Pro,2026-03-06,2026-08-15,16,34,5982.05,203389.7,16383.6,1,10.2,6,14.0,0
CUST-1845,Crestview Media #70,Manufacturing & Logistics,Asia-Pacific,Mid-Market,Annual Prepaid,AI Decision Platform,2026-04-25,2026-08-25,6,16,2274.32,36389.12,2900.87,3,8.0,7,29.2,0
CUST-1846,Synergy Cloud #71,SaaS & Cloud Software,Europe (EMEA),Enterprise,Month-to-Month,Enterprise Analytics Suite,2025-10-21,2026-07-30,32,31,5306.53,164502.43,14586.41,4,12.6,3,4.1,0
CUST-1847,Horizon Solutions #72,SaaS & Cloud Software,Europe (EMEA),Starter,Multi-Year,AI Decision Platform,2025-12-26,2026-08-24,7,7,494.03,3458.21,259.11,3,23.2,6,13.9,0
CUST-1848,Aegis Logistics #73,Healthcare IT,North America,Growth,Quarterly,Security & Compliance Shield,2025-11-12,2026-08-24,7,6,1560.96,9365.76,801.26,1,10.2,7,30.7,0
CUST-1849,Apex Labs #74,FinTech & Payments,Europe (EMEA),Growth,Month-to-Month,Cloud Infrastructure Pro,2025-03-26,2026-06-29,63,6,960.57,5763.42,488.46,1,21.8,7,17.7,0
CUST-1850,Zenith Ventures #75,Healthcare IT,Europe (EMEA),Enterprise,Month-to-Month,AI Decision Platform,2025-05-09,2026-07-15,47,27,4573.94,123496.38,9055.96,5,11.3,5,16.0,0
CUST-1851,Zenith Dynamics #76,Manufacturing & Logistics,North America,Growth,Annual Prepaid,Enterprise Analytics Suite,2025-03-03,2026-08-15,16,10,1549.71,15497.1,1302.17,0,2.7,7,13.0,0
CUST-1852,Acro Systems #77,SaaS & Cloud Software,North America,Mid-Market,Multi-Year,AI Decision Platform,2025-10-27,2026-07-18,44,13,2825.82,36735.66,2812.86,3,13.1,5,4.4,0
CUST-1853,Vertex Global #78,Healthcare IT,Europe (EMEA),Mid-Market,Multi-Year,API Data Hub,2025-11-28,2026-08-30,1,17,3933.7,66872.9,5528.22,5,23.7,4,12.0,0
CUST-1854,Vanguard Solutions #79,FinTech & Payments,North America,Mid-Market,Multi-Year,AI Decision Platform,2026-03-03,2026-07-06,56,19,3010.45,57198.55,4219.32,5,8.0,5,8.5,0
CUST-1855,Solstice Media #80,SaaS & Cloud Software,North America,Enterprise,Quarterly,Cloud Infrastructure Pro,2025-10-23,2026-08-19,12,36,5469.72,196909.92,16734.19,5,21.6,5,8.1,0
CUST-1856,Solstice Cloud #81,Manufacturing & Logistics,North America,Enterprise,Month-to-Month,Cloud Infrastructure Pro,2026-05-11,2026-08-19,12,23,5367.31,123448.13,8972.16,5,22.3,8,9.6,0
CUST-1857,Terra Ventures #82,FinTech & Payments,North America,Mid-Market,Quarterly,API Data Hub,2025-02-13,2026-08-15,16,20,1714.05,34281.0,2863.13,2,17.9,4,5.3,0
CUST-1858,Synergy Systems #83,SaaS & Cloud Software,North America,Starter,Annual Prepaid,API Data Hub,2026-03-18,2026-08-14,17,9,590.13,5311.17,433.97,3,15.6,7,35.3,0
CUST-1859,Quantum Ventures #84,SaaS & Cloud Software,Europe (EMEA),Growth,Multi-Year,AI Decision Platform,2026-01-27,2026-08-26,5,12,1237.34,14848.08,1058.47,1,6.4,3,13.1,0
CUST-1860,Solstice Media #85,Manufacturing & Logistics,North America,Growth,Quarterly,AI Decision Platform,2025-08-23,2026-08-07,24,10,1672.98,16729.8,1295.71,3,12.2,6,18.1,0
CUST-1861,Prism Capital #86,SaaS & Cloud Software,Europe (EMEA),Enterprise,Annual Prepaid,AI Decision Platform,2025-07-15,2026-07-22,40,27,6049.5,163336.5,12118.9,4,5.2,5,8.3,0
CUST-1862,CoreLogic Dynamics #87,SaaS & Cloud Software,Asia-Pacific,Starter,Annual Prepaid,Cloud Infrastructure Pro,2025-10-24,2026-08-26,5,9,536.42,4827.78,367.23,0,8.1,7,10.8,0
CUST-1863,Elevate Cloud #88,FinTech & Payments,North America,Mid-Market,Month-to-Month,Enterprise Analytics Suite,2025-11-09,2026-06-10,82,21,1434.79,30130.59,2327.76,6,11.2,4,17.4,1
CUST-1864,Acro Labs #89,FinTech & Payments,North America,Mid-Market,Month-to-Month,Enterprise Analytics Suite,2026-03-22,2026-08-04,27,21,3415.73,71730.33,6433.09,1,6.3,5,15.4,0
CUST-1865,Terra Ventures #90,Healthcare IT,North America,Enterprise,Multi-Year,Security & Compliance Shield,2025-06-20,2026-08-03,28,39,6377.44,248720.16,21054.64,3,7.6,6,17.3,0
CUST-1866,Stratum Health #91,E-Commerce & Retail,North America,Mid-Market,Multi-Year,Enterprise Analytics Suite,2025-06-16,2026-08-18,13,11,2831.32,31144.52,2626.16,8,12.4,4,25.7,1
CUST-1867,Elevate Capital #92,SaaS & Cloud Software,Europe (EMEA),Growth,Quarterly,Security & Compliance Shield,2025-05-08,2026-07-26,36,12,1503.64,18043.68,1405.28,6,14.1,5,3.1,0
CUST-1868,Novus Systems #93,E-Commerce & Retail,Latin America,Growth,Multi-Year,Cloud Infrastructure Pro,2026-03-24,2026-08-18,13,13,738.76,9603.88,823.34,3,12.6,6,26.7,0
CUST-1869,Solstice Financial #94,SaaS & Cloud Software,Europe (EMEA),Mid-Market,Annual Prepaid,Enterprise Analytics Suite,2025-11-14,2026-08-01,30,15,3244.18,48662.7,4022.86,1,8.6,7,25.8,0
CUST-1870,Terra Retail Group #95,Healthcare IT,Asia-Pacific,Starter,Annual Prepaid,AI Decision Platform,2025-07-26,2026-08-29,2,8,476.32,3810.56,291.39,1,9.1,9,34.2,0
CUST-1871,Starlight Retail Group #96,FinTech & Payments,Europe (EMEA),Mid-Market,Multi-Year,Enterprise Analytics Suite,2026-03-23,2026-08-28,3,20,2518.33,50366.6,4122.17,7,11.3,4,1.8,0
CUST-1872,Aegis Dynamics #97,Healthcare IT,Europe (EMEA),Mid-Market,Annual Prepaid,AI Decision Platform,2025-10-06,2026-08-18,13,16,3135.59,50169.44,3955.01,3,4.9,4,15.5,0
CUST-1873,Pulse Dynamics #1,Healthcare IT,Latin America,Growth,Quarterly,Enterprise Analytics Suite,2026-02-07,2026-08-23,8,12,895.83,10749.96,840.2,6,14.0,7,15.5,0
CUST-1874,Omni Labs #2,FinTech & Payments,Asia-Pacific,Mid-Market,Month-to-Month,AI Decision Platform,2025-07-16,2026-08-21,10,26,3180.02,82680.52,6616.24,5,25.0,3,12.4,0
CUST-1875,Crestview Labs #3,Healthcare IT,North America,Enterprise,Annual Prepaid,AI Decision Platform,2025-11-04,2026-07-31,31,33,4871.35,160754.55,15266.52,3,6.2,6,15.5,0
CUST-1876,Pinnacle Retail Group #4,FinTech & Payments,Asia-Pacific,Growth,Quarterly,API Data Hub,2025-09-25,2026-08-16,15,9,1195.79,10762.11,902.64,1,5.5,6,36.5,0
CUST-1877,Pinnacle Networks #5,Healthcare IT,North America,Enterprise,Quarterly,AI Decision Platform,2025-05-28,2026-08-26,5,34,4957.0,168538.0,14942.53,4,10.6,8,4.6,0
CUST-1878,Synergy Systems #6,SaaS & Cloud Software,North America,Enterprise,Month-to-Month,Cloud Infrastructure Pro,2025-08-16,2026-04-13,140,42,5628.84,236411.28,17385.41,6,4.7,4,20.1,1
CUST-1879,Acro Labs #7,SaaS & Cloud Software,Latin America,Growth,Quarterly,Cloud Infrastructure Pro,2026-03-31,2026-06-30,62,13,1099.87,14298.31,1043.87,2,17.8,4,21.1,1
CUST-1880,Solstice Health #8,Healthcare IT,Asia-Pacific,Mid-Market,Annual Prepaid,Cloud Infrastructure Pro,2026-02-05,2026-08-20,11,24,3703.0,88872.0,6701.97,3,8.0,8,6.2,0
CUST-1881,Elevate Logistics #9,E-Commerce & Retail,Europe (EMEA),Starter,Multi-Year,Cloud Infrastructure Pro,2025-08-27,2026-08-25,6,7,628.3,4398.1,303.72,0,13.2,8,19.4,0
CUST-1882,Prism Health #10,Healthcare IT,North America,Growth,Annual Prepaid,AI Decision Platform,2026-02-08,2026-07-06,56,11,1251.07,13761.77,1106.12,1,13.0,4,46.7,1
CUST-1883,CoreLogic Dynamics #11,E-Commerce & Retail,North America,Enterprise,Annual Prepaid,Enterprise Analytics Suite,2025-11-02,2026-08-06,25,31,6157.07,190869.17,14651.91,2,6.6,8,5.5,0
CUST-1884,Beacon Ventures #12,SaaS & Cloud Software,Europe (EMEA),Starter,Annual Prepaid,Enterprise Analytics Suite,2026-04-06,2026-08-24,7,6,446.18,2677.08,219.37,1,7.0,7,17.8,0
CUST-1885,Omni Cloud #13,Healthcare IT,North America,Growth,Quarterly,Enterprise Analytics Suite,2025-05-31,2026-07-23,39,6,728.04,4368.24,327.96,2,6.5,8,4.7,0
CUST-1886,Crestview Cloud #14,SaaS & Cloud Software,Europe (EMEA),Mid-Market,Month-to-Month,AI Decision Platform,2024-12-08,2026-07-16,46,19,1745.79,33170.01,2352.98,2,7.5,6,16.8,0
CUST-1887,Zenith Networks #15,E-Commerce & Retail,Latin America,Mid-Market,Multi-Year,Cloud Infrastructure Pro,2026-03-03,2026-08-13,18,20,2844.41,56888.2,4857.68,2,16.7,5,6.6,0
CUST-1888,Pinnacle Solutions #16,SaaS & Cloud Software,Europe (EMEA),Enterprise,Annual Prepaid,Cloud Infrastructure Pro,2024-12-09,2026-08-23,8,27,5375.68,145143.36,13069.88,5,9.7,6,20.8,0
CUST-1889,Apex Systems #17,FinTech & Payments,North America,Enterprise,Annual Prepaid,Enterprise Analytics Suite,2025-06-25,2026-08-05,26,36,5302.28,190882.08,17343.65,5,15.1,5,3.0,0
CUST-1890,Zenith Solutions #18,SaaS & Cloud Software,Latin America,Starter,Month-to-Month,AI Decision Platform,2025-06-07,2026-06-17,75,3,442.36,1327.08,104.46,0,10.4,8,6.7,1
CUST-1891,Aegis Global #19,Healthcare IT,Asia-Pacific,Mid-Market,Annual Prepaid,AI Decision Platform,2026-04-13,2026-07-27,35,21,2655.18,55758.78,5085.63,1,8.1,9,21.3,0
CUST-1892,Quantum Systems #20,SaaS & Cloud Software,Europe (EMEA),Growth,Quarterly,AI Decision Platform,2026-05-09,2026-08-14,17,12,1366.46,16397.52,1301.01,5,4.5,6,19.9,0
CUST-1893,Solstice Technologies #21,FinTech & Payments,North America,Growth,Multi-Year,AI Decision Platform,2025-10-19,2026-08-15,16,15,2023.02,30345.3,2545.05,3,23.5,6,25.7,0
CUST-1894,Elevate Financial #22,SaaS & Cloud Software,North America,Mid-Market,Multi-Year,API Data Hub,2026-04-13,2026-08-28,3,25,2274.22,56855.5,4754.35,1,7.3,6,20.9,0
CUST-1895,Vertex Global #23,E-Commerce & Retail,Europe (EMEA),Enterprise,Quarterly,Cloud Infrastructure Pro,2025-07-06,2026-08-12,19,33,7176.2,236814.6,20771.91,0,4.9,5,10.9,0
CUST-1896,Vertex Technologies #24,FinTech & Payments,Europe (EMEA),Growth,Annual Prepaid,AI Decision Platform,2026-02-24,2026-08-25,6,11,1184.08,13024.88,1074.7,1,5.9,8,19.2,0
CUST-1897,Aegis Networks #25,Manufacturing & Logistics,Europe (EMEA),Enterprise,Annual Prepaid,API Data Hub,2026-02-11,2026-08-27,4,34,5829.91,198216.94,15886.64,4,5.1,6,1.9,0
CUST-1898,Crestview Labs #26,SaaS & Cloud Software,Asia-Pacific,Growth,Quarterly,API Data Hub,2025-12-19,2026-08-16,15,9,708.77,6378.93,529.59,4,23.5,6,3.6,1
CUST-1899,Novus Cloud #27,E-Commerce & Retail,Asia-Pacific,Growth,Month-to-Month,Cloud Infrastructure Pro,2026-03-05,2026-08-14,17,6,979.67,5878.02,393.65,3,6.6,6,9.4,0
CUST-1900,Apex Ventures #28,Manufacturing & Logistics,Latin America,Enterprise,Quarterly,Cloud Infrastructure Pro,2025-08-20,2026-08-22,9,27,6195.68,167283.36,12917.79,7,11.5,5,1.2,0
CUST-1901,Vanguard Technologies #29,Manufacturing & Logistics,North America,Starter,Multi-Year,Enterprise Analytics Suite,2026-04-14,2026-08-28,3,3,479.86,1439.58,90.94,3,15.8,6,36.2,0
CUST-1902,Pulse Technologies #30,Manufacturing & Logistics,Asia-Pacific,Mid-Market,Month-to-Month,Cloud Infrastructure Pro,2025-10-12,2026-06-11,81,16,1962.85,31405.6,2300.05,3,10.5,5,14.0,0
CUST-1903,Solstice Systems #31,Healthcare IT,North America,Mid-Market,Annual Prepaid,Enterprise Analytics Suite,2026-04-12,2026-08-17,14,20,2508.14,50162.8,3792.47,9,9.6,4,19.4,0
CUST-1904,Omni Capital #32,E-Commerce & Retail,Asia-Pacific,Enterprise,Multi-Year,AI Decision Platform,2025-03-15,2026-08-08,23,33,4662.93,153876.69,13232.76,5,7.6,5,17.5,0
CUST-1905,CoreLogic Logistics #33,FinTech & Payments,North America,Growth,Multi-Year,API Data Hub,2024-04-12,2026-08-20,11,9,1155.96,10403.64,747.38,1,12.6,2,21.5,0
CUST-1906,Synergy Logistics #34,FinTech & Payments,North America,Mid-Market,Annual Prepaid,Cloud Infrastructure Pro,2025-11-03,2026-05-28,95,17,3026.2,51445.4,4671.95,3,5.2,5,8.5,0
CUST-1907,Novus Global #35,SaaS & Cloud Software,North America,Growth,Annual Prepaid,Enterprise Analytics Suite,2026-03-03,2026-08-23,8,11,1045.11,11496.21,836.15,3,8.0,9,21.1,0
CUST-1908,Elevate Capital #36,Healthcare IT,North America,Starter,Quarterly,Enterprise Analytics Suite,2026-04-08,2026-05-05,118,5,550.84,2754.2,192.03,2,2.9,5,29.2,1
CUST-1909,Acro Systems #37,FinTech & Payments,North America,Mid-Market,Multi-Year,Enterprise Analytics Suite,2025-10-29,2026-08-26,5,17,2816.03,47872.51,3831.89,3,13.4,8,19.9,0
CUST-1910,Acro Capital #38,FinTech & Payments,Europe (EMEA),Enterprise,Annual Prepaid,API Data Hub,2025-12-24,2026-08-01,30,29,6991.17,202743.93,16418.11,5,15.3,6,2.3,0
CUST-1911,Zenith Solutions #39,E-Commerce & Retail,North America,Enterprise,Multi-Year,Enterprise Analytics Suite,2026-06-03,2026-08-16,15,30,8532.11,255963.3,22580.03,5,14.6,6,16.5,0
CUST-1912,Beacon Financial #40,SaaS & Cloud Software,Asia-Pacific,Growth,Annual Prepaid,AI Decision Platform,2025-10-31,2026-08-21,10,11,1090.98,12000.78,878.03,2,8.0,9,15.2,0
CUST-1913,Starlight Technologies #41,Manufacturing & Logistics,North America,Growth,Annual Prepaid,AI Decision Platform,2025-12-29,2026-07-04,58,9,686.94,6182.46,471.72,4,26.1,4,20.2,0
CUST-1914,Quantum Capital #42,SaaS & Cloud Software,Latin America,Enterprise,Month-to-Month,Cloud Infrastructure Pro,2025-07-14,2026-07-28,34,35,6502.57,227589.95,17525.97,6,6.0,4,30.7,1
CUST-1915,Solstice Capital #43,Professional & Legal Services,North America,Growth,Month-to-Month,Cloud Infrastructure Pro,2025-12-03,2026-08-14,17,10,1296.44,12964.4,1051.24,4,11.0,3,33.1,0
CUST-1916,Horizon Logistics #44,FinTech & Payments,Europe (EMEA),Growth,Annual Prepaid,Cloud Infrastructure Pro,2026-03-25,2026-07-18,44,13,1235.9,16066.7,1333.76,1,3.4,8,11.9,0
CUST-1917,Omni Logistics #45,Manufacturing & Logistics,Europe (EMEA),Starter,Quarterly,Enterprise Analytics Suite,2026-01-21,2026-08-30,1,5,504.73,2523.65,209.61,2,4.5,6,24.9,1
CUST-1918,Horizon Ventures #46,SaaS & Cloud Software,Latin America,Growth,Multi-Year,API Data Hub,2025-12-17,2026-08-29,2,14,1580.46,22126.44,1645.89,3,5.5,5,28.3,0
CUST-1919,Aegis Global #47,Manufacturing & Logistics,North America,Enterprise,Annual Prepaid,AI Decision Platform,2025-12-12,2026-08-12,19,27,3819.02,103113.54,8393.8,4,13.4,4,4.2,0
CUST-1920,Crestview Logistics #48,SaaS & Cloud Software,Europe (EMEA),Enterprise,Annual Prepaid,Enterprise Analytics Suite,2026-01-08,2026-08-01,30,26,4897.7,127340.2,11702.72,2,13.9,6,15.8,0
CUST-1921,Solstice Financial #49,Professional & Legal Services,Europe (EMEA),Growth,Quarterly,API Data Hub,2025-02-05,2026-07-17,45,9,1210.83,10897.47,806.86,3,19.6,7,13.6,1
CUST-1922,Crestview Financial #50,E-Commerce & Retail,North America,Enterprise,Annual Prepaid,Enterprise Analytics Suite,2026-02-20,2026-07-19,43,34,5902.16,200673.44,16961.92,1,22.7,6,17.1,0
CUST-1923,Crestview Health #51,SaaS & Cloud Software,North America,Growth,Annual Prepaid,Cloud Infrastructure Pro,2026-01-16,2026-08-24,7,13,1216.09,15809.17,1256.16,0,3.2,9,2.4,0
CUST-1924,Solstice Retail Group #52,Healthcare IT,Europe (EMEA),Mid-Market,Annual Prepaid,API Data Hub,2025-01-20,2026-08-02,29,20,3088.21,61764.2,5520.3,1,10.7,7,10.0,0
CUST-1925,Vanguard Ventures #53,SaaS & Cloud Software,Europe (EMEA),Growth,Month-to-Month,Enterprise Analytics Suite,2025-11-14,2026-08-28,3,8,1501.31,12010.48,1050.4,1,13.0,8,17.4,0
CUST-1926,Zenith Ventures #54,SaaS & Cloud Software,Asia-Pacific,Mid-Market,Annual Prepaid,Cloud Infrastructure Pro,2025-11-04,2026-08-17,14,21,1782.65,37435.65,2673.47,3,5.2,6,21.0,0
CUST-1927,Crestview Systems #55,SaaS & Cloud Software,Asia-Pacific,Growth,Annual Prepaid,Cloud Infrastructure Pro,2026-02-25,2026-08-26,5,14,1106.06,15484.84,1106.06,1,3.9,8,32.6,0
CUST-1928,Beacon Labs #56,E-Commerce & Retail,Europe (EMEA),Growth,Multi-Year,Cloud Infrastructure Pro,2026-01-11,2026-08-04,27,15,997.07,14956.05,1030.67,1,8.4,7,22.4,0
CUST-1929,Nexus Logistics #57,SaaS & Cloud Software,Asia-Pacific,Growth,Quarterly,AI Decision Platform,2025-08-30,2026-08-22,9,8,937.17,7497.36,627.29,2,21.5,7,14.7,0
CUST-1930,Vanguard Capital #58,SaaS & Cloud Software,North America,Growth,Multi-Year,Enterprise Analytics Suite,2025-12-30,2026-07-30,32,15,1677.57,25163.55,1746.88,2,7.3,6,13.4,0
CUST-1931,Novus Solutions #59,E-Commerce & Retail,North America,Mid-Market,Multi-Year,API Data Hub,2026-06-02,2026-08-19,12,16,2121.7,33947.2,2976.9,2,4.0,9,17.0,0
CUST-1932,Aegis Global #60,SaaS & Cloud Software,North America,Enterprise,Annual Prepaid,Security & Compliance Shield,2026-02-01,2026-08-22,9,30,4252.08,127562.4,9705.88,5,22.8,2,12.9,0
CUST-1933,Beacon Systems #61,FinTech & Payments,Europe (EMEA),Enterprise,Annual Prepaid,Cloud Infrastructure Pro,2025-09-14,2026-08-18,13,35,4928.59,172500.65,14388.53,6,10.1,4,24.6,0
CUST-1934,Horizon Cloud #62,E-Commerce & Retail,North America,Growth,Month-to-Month,Enterprise Analytics Suite,2026-02-09,2026-07-07,55,8,1601.95,12815.6,1034.38,2,14.4,6,5.9,1
CUST-1935,Apex Dynamics #63,E-Commerce & Retail,Latin America,Enterprise,Quarterly,Cloud Infrastructure Pro,2024-10-18,2026-08-11,20,26,4547.39,118232.14,9831.09,5,6.1,5,11.8,0
CUST-1936,Starlight Health #64,Healthcare IT,Europe (EMEA),Growth,Annual Prepaid,Security & Compliance Shield,2026-05-08,2026-08-13,18,14,1704.04,23856.56,2041.13,0,16.6,8,35.4,0
CUST-1937,Stratum Systems #65,Healthcare IT,Latin America,Mid-Market,Multi-Year,Cloud Infrastructure Pro,2025-11-05,2026-08-27,4,24,2364.21,56741.04,4090.38,3,10.6,7,13.0,0
CUST-1938,Elevate Health #66,Healthcare IT,Asia-Pacific,Mid-Market,Annual Prepaid,Enterprise Analytics Suite,2026-06-14,2026-08-20,11,19,1765.53,33545.07,2732.43,6,12.1,7,11.2,1
CUST-1939,Novus Media #67,Healthcare IT,Asia-Pacific,Mid-Market,Multi-Year,Cloud Infrastructure Pro,2026-02-04,2026-08-29,2,18,2719.69,48954.42,3583.07,3,14.4,6,20.1,0
CUST-1940,Aegis Technologies #68,FinTech & Payments,North America,Enterprise,Month-to-Month,AI Decision Platform,2026-02-01,2026-08-15,16,27,3897.79,105240.33,9358.24,3,29.1,4,6.4,1
CUST-1941,Vanguard Global #69,SaaS & Cloud Software,Asia-Pacific,Starter,Annual Prepaid,Cloud Infrastructure Pro,2025-05-28,2026-07-02,60,4,524.47,2097.88,149.46,1,2.3,6,13.9,1
CUST-1942,Kinetic Cloud #70,FinTech & Payments,Asia-Pacific,Starter,Quarterly,API Data Hub,2025-11-08,2026-08-16,15,8,629.53,5036.24,363.74,5,19.7,7,4.5,0
CUST-1943,Kinetic Dynamics #71,FinTech & Payments,North America,Mid-Market,Annual Prepaid,Cloud Infrastructure Pro,2025-11-30,2026-07-27,35,15,3378.9,50683.5,4401.7,3,9.4,8,5.7,0
CUST-1944,Omni Logistics #72,Professional & Legal Services,Europe (EMEA),Enterprise,Multi-Year,Security & Compliance Shield,2025-03-06,2026-08-27,4,40,3528.38,141135.2,11074.82,4,6.9,5,11.9,0
CUST-1945,Stratum Ventures #73,Manufacturing & Logistics,North America,Starter,Multi-Year,Cloud Infrastructure Pro,2025-12-20,2026-08-22,9,6,713.51,4281.06,355.56,2,13.1,6,6.3,0
CUST-1946,Acro Capital #74,SaaS & Cloud Software,North America,Mid-Market,Quarterly,Enterprise Analytics Suite,2025-12-10,2026-08-30,1,13,3483.55,45286.15,3373.2,3,11.2,8,16.6,0
CUST-1947,Synergy Cloud #75,FinTech & Payments,Latin America,Mid-Market,Multi-Year,Enterprise Analytics Suite,2025-11-10,2026-08-10,21,20,3140.57,62811.4,5512.03,3,4.6,2,22.6,0
CUST-1948,Terra Systems #76,E-Commerce & Retail,North America,Mid-Market,Multi-Year,Cloud Infrastructure Pro,2025-11-17,2026-07-15,47,17,2691.88,45761.96,3712.79,6,10.0,4,5.3,0
CUST-1949,Vanguard Dynamics #77,Healthcare IT,Europe (EMEA),Growth,Multi-Year,AI Decision Platform,2025-07-26,2026-07-03,59,12,958.49,11501.88,866.16,2,5.7,6,17.7,1
CUST-1950,Pulse Media #78,Manufacturing & Logistics,Europe (EMEA),Starter,Multi-Year,Enterprise Analytics Suite,2026-06-28,2026-07-29,33,7,396.79,2777.53,200.07,2,1.5,6,14.5,0
CUST-1951,Pulse Retail Group #79,FinTech & Payments,Europe (EMEA),Growth,Multi-Year,Security & Compliance Shield,2026-03-02,2026-07-11,51,11,1146.58,12612.38,860.46,2,5.8,5,17.9,0
CUST-1952,Omni Networks #80,Manufacturing & Logistics,Europe (EMEA),Mid-Market,Annual Prepaid,Cloud Infrastructure Pro,2024-11-28,2026-08-29,2,13,2097.89,27272.57,2108.85,2,21.8,5,6.8,0
CUST-1953,Vanguard Logistics #81,FinTech & Payments,North America,Enterprise,Annual Prepaid,Enterprise Analytics Suite,2026-04-23,2026-08-06,25,26,6144.24,159750.24,13840.36,5,13.2,3,13.2,0
CUST-1954,Horizon Global #82,E-Commerce & Retail,North America,Growth,Annual Prepaid,Enterprise Analytics Suite,2025-12-28,2026-07-15,47,11,1031.12,11342.32,913.93,3,7.4,6,1.5,0
CUST-1955,Omni Technologies #83,SaaS & Cloud Software,Asia-Pacific,Mid-Market,Month-to-Month,Cloud Infrastructure Pro,2025-07-13,2026-08-23,8,18,2484.53,44721.54,3706.18,4,7.4,7,10.1,1
CUST-1956,Solstice Media #84,SaaS & Cloud Software,Europe (EMEA),Growth,Annual Prepaid,Enterprise Analytics Suite,2026-04-10,2026-08-28,3,11,892.57,9818.27,733.89,2,14.0,9,6.1,0
CUST-1957,Synergy Technologies #85,SaaS & Cloud Software,Latin America,Growth,Annual Prepaid,Cloud Infrastructure Pro,2025-07-21,2026-06-25,67,15,875.44,13131.6,903.55,3,27.4,3,5.3,1
CUST-1958,CoreLogic Media #86,Healthcare IT,Latin America,Mid-Market,Month-to-Month,Enterprise Analytics Suite,2026-03-28,2026-08-29,2,19,1366.58,25965.02,2020.74,3,11.4,8,16.7,0
CUST-1959,Omni Capital #87,E-Commerce & Retail,North America,Growth,Annual Prepaid,Enterprise Analytics Suite,2025-07-08,2026-08-28,3,11,856.76,9424.36,809.76,3,14.6,8,22.6,0
CUST-1960,Starlight Capital #88,Professional & Legal Services,Europe (EMEA),Enterprise,Annual Prepaid,Enterprise Analytics Suite,2025-10-19,2026-08-17,14,35,7232.91,253151.85,22818.88,3,19.7,5,30.9,0
CUST-1961,Prism Cloud #89,FinTech & Payments,Asia-Pacific,Enterprise,Annual Prepaid,Enterprise Analytics Suite,2025-12-14,2026-08-24,7,41,5813.18,238340.38,22386.18,6,11.7,4,20.7,0
CUST-1962,Quantum Labs #90,SaaS & Cloud Software,North America,Mid-Market,Annual Prepaid,Cloud Infrastructure Pro,2026-01-28,2026-08-27,4,23,1267.26,29146.98,2316.11,2,9.4,7,5.9,0
CUST-1963,Kinetic Labs #91,FinTech & Payments,Europe (EMEA),Growth,Annual Prepaid,Enterprise Analytics Suite,2025-07-03,2026-07-28,34,16,1392.16,22274.56,1618.59,3,6.2,6,16.8,1
CUST-1964,Kinetic Financial #92,Healthcare IT,Asia-Pacific,Mid-Market,Multi-Year,Enterprise Analytics Suite,2025-09-21,2026-08-24,7,29,2411.98,69947.42,5175.34,2,13.9,4,22.7,0
CUST-1965,Terra Ventures #93,FinTech & Payments,Europe (EMEA),Mid-Market,Annual Prepaid,Enterprise Analytics Suite,2026-02-17,2026-08-16,15,16,1881.09,30097.44,2198.26,5,5.4,4,28.4,0
CUST-1966,Pulse Labs #94,SaaS & Cloud Software,Asia-Pacific,Starter,Month-to-Month,Cloud Infrastructure Pro,2025-11-25,2026-08-12,19,4,694.81,2779.24,195.28,2,6.3,7,21.9,0
CUST-1967,Pulse Systems #95,FinTech & Payments,Asia-Pacific,Growth,Month-to-Month,AI Decision Platform,2025-10-14,2026-08-25,6,9,1533.65,13802.85,1123.94,3,16.3,3,12.5,0
CUST-1968,Pulse Dynamics #96,Healthcare IT,Europe (EMEA),Starter,Multi-Year,Enterprise Analytics Suite,2025-07-28,2026-08-26,5,3,495.84,1487.52,96.27,0,3.4,8,16.3,0
CUST-1969,Terra Media #97,SaaS & Cloud Software,Asia-Pacific,Mid-Market,Annual Prepaid,Enterprise Analytics Suite,2026-03-15,2026-08-26,5,26,2173.53,56511.78,5059.13,9,11.2,3,10.7,0
CUST-1970,Vertex Technologies #1,E-Commerce & Retail,Asia-Pacific,Growth,Annual Prepaid,AI Decision Platform,2026-03-10,2026-08-06,25,16,1295.11,20721.76,1781.91,0,14.6,9,15.7,0
CUST-1971,Synergy Global #2,SaaS & Cloud Software,North America,Starter,Multi-Year,API Data Hub,2025-08-29,2026-08-29,2,5,562.5,2812.5,204.04,2,5.1,10,19.6,0
CUST-1972,Acro Global #3,E-Commerce & Retail,North America,Mid-Market,Month-to-Month,Security & Compliance Shield,2025-10-15,2026-08-26,5,16,2914.32,46629.12,4128.3,4,16.6,6,27.6,0
CUST-1973,Kinetic Cloud #4,Healthcare IT,Europe (EMEA),Mid-Market,Multi-Year,AI Decision Platform,2026-01-01,2026-08-22,9,23,2344.03,53912.69,3865.59,5,45.4,5,3.8,0
CUST-1974,Horizon Logistics #5,Manufacturing & Logistics,North America,Starter,Multi-Year,Security & Compliance Shield,2025-01-26,2026-08-02,29,1,791.58,791.58,62.38,0,8.3,6,6.2,0
CUST-1975,Elevate Retail Group #6,Healthcare IT,Europe (EMEA),Growth,Quarterly,AI Decision Platform,2025-11-13,2026-08-29,2,15,1076.57,16148.55,1155.21,3,20.5,6,11.8,0
CUST-1976,Acro Technologies #7,Healthcare IT,North America,Enterprise,Month-to-Month,Enterprise Analytics Suite,2025-12-16,2026-07-02,60,35,4168.06,145882.1,13556.71,4,13.0,6,34.7,0
CUST-1977,Kinetic Cloud #8,SaaS & Cloud Software,North America,Mid-Market,Month-to-Month,Enterprise Analytics Suite,2025-06-02,2026-08-22,9,15,3562.02,53430.3,3891.35,1,2.0,5,29.8,0
CUST-1978,Omni Health #9,Healthcare IT,Asia-Pacific,Mid-Market,Multi-Year,Enterprise Analytics Suite,2025-09-25,2026-08-30,1,25,3070.53,76763.25,5729.94,2,7.9,7,13.7,0
CUST-1979,Vanguard Capital #10,E-Commerce & Retail,Europe (EMEA),Growth,Month-to-Month,API Data Hub,2025-06-18,2026-06-28,64,9,1233.35,11100.15,957.28,3,9.9,6,21.4,1
CUST-1980,Terra Logistics #11,SaaS & Cloud Software,Europe (EMEA),Growth,Quarterly,Enterprise Analytics Suite,2025-08-31,2026-08-02,29,12,1129.94,13559.28,1057.57,0,4.5,6,22.0,0
CUST-1981,CoreLogic Ventures #12,SaaS & Cloud Software,North America,Mid-Market,Annual Prepaid,AI Decision Platform,2026-03-08,2026-08-26,5,21,2624.53,55115.13,4717.37,2,3.8,6,8.8,0
CUST-1982,Apex Ventures #13,FinTech & Payments,Latin America,Enterprise,Annual Prepaid,API Data Hub,2025-12-29,2026-07-30,32,45,4401.72,198077.4,18212.55,5,6.4,3,6.6,0
CUST-1983,Aegis Ventures #14,Healthcare IT,North America,Starter,Annual Prepaid,Security & Compliance Shield,2026-01-02,2026-08-14,17,4,618.66,2474.64,170.87,1,3.1,8,14.5,0
CUST-1984,Nexus Solutions #15,SaaS & Cloud Software,North America,Growth,Annual Prepaid,AI Decision Platform,2025-08-26,2026-08-24,7,4,774.79,3099.16,263.99,0,7.4,10,23.0,0
CUST-1985,Vanguard Health #16,SaaS & Cloud Software,Europe (EMEA),Mid-Market,Quarterly,Enterprise Analytics Suite,2026-03-25,2026-08-30,1,16,2041.27,32660.32,2718.05,3,8.2,7,7.4,0
CUST-1986,Omni Technologies #17,E-Commerce & Retail,North America,Growth,Multi-Year,Enterprise Analytics Suite,2025-12-27,2026-08-14,17,13,764.03,9932.39,698.6,2,5.8,8,8.7,0
CUST-1987,Beacon Technologies #18,FinTech & Payments,Europe (EMEA),Enterprise,Month-to-Month,Enterprise Analytics Suite,2025-03-16,2026-07-01,61,29,5954.13,172669.77,15606.26,1,13.0,5,16.2,0
CUST-1988,Kinetic Systems #19,Healthcare IT,Europe (EMEA),Growth,Month-to-Month,AI Decision Platform,2026-01-08,2026-07-03,59,9,1348.61,12137.49,980.59,3,19.2,4,24.1,1
CUST-1989,Zenith Financial #20,SaaS & Cloud Software,Latin America,Growth,Month-to-Month,Security & Compliance Shield,2026-03-17,2026-07-07,55,10,860.62,8606.2,735.7,0,13.1,4,11.8,0
CUST-1990,Starlight Labs #21,FinTech & Payments,Europe (EMEA),Starter,Month-to-Month,API Data Hub,2025-10-18,2026-06-07,85,6,572.49,3434.94,271.41,2,10.2,7,6.1,1
CUST-1991,Stratum Global #22,Professional & Legal Services,North America,Mid-Market,Multi-Year,Enterprise Analytics Suite,2025-12-13,2026-08-05,26,14,2033.27,28465.78,2401.18,3,15.0,8,26.9,0
CUST-1992,Apex Capital #23,SaaS & Cloud Software,Asia-Pacific,Growth,Month-to-Month,Cloud Infrastructure Pro,2025-06-05,2026-07-15,47,11,1780.14,19581.54,1433.11,2,16.1,6,14.4,1
CUST-1993,Aegis Solutions #24,FinTech & Payments,North America,Mid-Market,Quarterly,API Data Hub,2025-07-26,2026-07-22,40,23,2025.98,46597.54,4090.29,3,14.6,4,25.8,0
CUST-1994,Stratum Solutions #25,FinTech & Payments,Europe (EMEA),Growth,Month-to-Month,Enterprise Analytics Suite,2026-03-23,2026-06-28,64,14,1344.8,18827.2,1382.2,1,9.7,7,7.1,0
CUST-1995,Horizon Financial #26,E-Commerce & Retail,Asia-Pacific,Starter,Annual Prepaid,Cloud Infrastructure Pro,2025-05-30,2026-08-06,25,6,580.26,3481.56,229.87,3,6.2,8,19.0,0
CUST-1996,Solstice Solutions #27,SaaS & Cloud Software,North America,Growth,Quarterly,API Data Hub,2026-05-08,2026-08-02,29,12,825.92,9911.04,692.63,1,16.8,7,6.4,0
CUST-1997,Aegis Financial #28,SaaS & Cloud Software,Asia-Pacific,Growth,Quarterly,Enterprise Analytics Suite,2025-12-04,2026-08-09,22,11,1189.96,13089.56,929.88,2,14.1,8,10.5,0
CUST-1998,Zenith Cloud #29,Manufacturing & Logistics,Latin America,Mid-Market,Quarterly,Enterprise Analytics Suite,2025-02-23,2026-08-26,5,24,3135.09,75242.16,5668.82,4,9.8,7,5.5,0
CUST-1999,Horizon Financial #30,Healthcare IT,Europe (EMEA),Growth,Month-to-Month,Cloud Infrastructure Pro,2026-05-18,2026-05-21,102,8,930.11,7440.88,628.53,2,8.3,5,19.8,1
CUST-2000,Apex Labs #31,FinTech & Payments,Asia-Pacific,Mid-Market,Month-to-Month,Enterprise Analytics Suite,2025-10-16,2026-08-17,14,14,2292.92,32100.88,2461.38,7,21.6,5,14.8,0
CUST-2001,Quantum Retail Group #32,SaaS & Cloud Software,North America,Mid-Market,Month-to-Month,Enterprise Analytics Suite,2025-11-23,2026-08-28,3,19,3143.65,59729.35,5235.53,2,13.6,5,12.9,0
CUST-2002,Nexus Technologies #33,E-Commerce & Retail,North America,Enterprise,Annual Prepaid,Security & Compliance Shield,2026-01-02,2026-08-17,14,39,5395.22,210413.58,15439.28,4,4.7,6,1.8,0
CUST-2003,Solstice Capital #34,FinTech & Payments,Asia-Pacific,Mid-Market,Annual Prepaid,Cloud Infrastructure Pro,2024-10-26,2026-08-30,1,19,1147.87,21809.53,1606.39,4,8.4,5,8.6,0
CUST-2004,Terra Systems #35,FinTech & Payments,Europe (EMEA),Mid-Market,Quarterly,Cloud Infrastructure Pro,2026-03-14,2026-08-30,1,18,2212.64,39827.52,3548.8,3,18.3,7,26.2,0
CUST-2005,Omni Systems #36,FinTech & Payments,North America,Mid-Market,Annual Prepaid,API Data Hub,2025-03-17,2026-07-26,36,29,3442.27,99825.83,8686.1,4,7.9,3,8.6,0
CUST-2006,Omni Ventures #37,FinTech & Payments,North America,Enterprise,Quarterly,AI Decision Platform,2025-04-05,2026-07-22,40,32,6133.11,196259.52,15431.82,10,7.8,5,11.3,1
CUST-2007,Beacon Networks #38,Professional & Legal Services,North America,Starter,Quarterly,Cloud Infrastructure Pro,2026-04-13,2026-08-29,2,4,599.71,2398.84,155.11,3,16.9,4,0.8,0
CUST-2008,CoreLogic Financial #39,E-Commerce & Retail,North America,Mid-Market,Quarterly,Cloud Infrastructure Pro,2026-02-19,2026-08-04,27,24,2898.68,69568.32,5744.73,3,16.7,4,8.1,0
CUST-2009,Kinetic Networks #40,FinTech & Payments,Europe (EMEA),Growth,Month-to-Month,AI Decision Platform,2025-12-16,2026-07-05,57,9,1374.24,12368.16,969.5,2,14.0,5,10.7,0
CUST-2010,Pinnacle Capital #41,SaaS & Cloud Software,North America,Enterprise,Quarterly,API Data Hub,2025-09-25,2026-08-16,15,45,5390.36,242566.2,17319.51,6,21.7,6,4.9,0
CUST-2011,Starlight Retail Group #42,SaaS & Cloud Software,North America,Mid-Market,Quarterly,Enterprise Analytics Suite,2026-06-05,2026-08-29,2,23,2435.19,56009.37,4070.69,1,11.1,6,24.5,0
CUST-2012,CoreLogic Global #43,FinTech & Payments,North America,Enterprise,Annual Prepaid,API Data Hub,2025-07-09,2026-08-03,28,32,7417.4,237356.8,19025.02,7,29.8,2,21.3,0
CUST-2013,Vertex Systems #44,FinTech & Payments,North America,Mid-Market,Month-to-Month,Enterprise Analytics Suite,2025-07-25,2026-08-16,15,28,2012.64,56353.92,5063.06,3,18.5,6,31.2,0
CUST-2014,Synergy Technologies #45,Professional & Legal Services,Asia-Pacific,Growth,Annual Prepaid,AI Decision Platform,2025-10-10,2026-08-29,2,15,1371.62,20574.3,1502.29,0,1.6,10,11.8,0
CUST-2015,Stratum Financial #46,Healthcare IT,Asia-Pacific,Enterprise,Month-to-Month,AI Decision Platform,2026-01-29,2026-08-26,5,30,4579.08,137372.4,13126.55,2,2.6,7,14.0,0
CUST-2016,Synergy Logistics #47,SaaS & Cloud Software,Asia-Pacific,Mid-Market,Month-to-Month,Enterprise Analytics Suite,2025-11-23,2026-08-30,1,16,1965.86,31453.76,2399.27,2,3.3,4,7.6,0
CUST-2017,Quantum Ventures #48,SaaS & Cloud Software,Europe (EMEA),Enterprise,Month-to-Month,API Data Hub,2026-01-29,2026-08-14,17,33,5602.8,184892.4,15765.98,6,14.6,6,20.3,0
CUST-2018,Acro Solutions #49,Manufacturing & Logistics,Asia-Pacific,Mid-Market,Annual Prepaid,Cloud Infrastructure Pro,2025-08-02,2026-08-27,4,18,1916.06,34489.08,2937.9,1,7.2,6,12.9,0
CUST-2019,Synergy Capital #50,E-Commerce & Retail,Asia-Pacific,Starter,Quarterly,AI Decision Platform,2025-08-09,2026-08-28,3,6,326.7,1960.2,140.49,2,18.9,7,12.2,0
CUST-2020,Aegis Global #51,Manufacturing & Logistics,Asia-Pacific,Mid-Market,Month-to-Month,Enterprise Analytics Suite,2025-12-20,2026-08-03,28,21,2055.57,43166.97,3599.14,9,14.3,6,12.7,0
CUST-2021,Pinnacle Retail Group #52,SaaS & Cloud Software,North America,Enterprise,Annual Prepaid,Enterprise Analytics Suite,2025-04-26,2026-06-30,62,42,3165.26,132940.92,10241.43,3,9.6,4,27.1,0
CUST-2022,Novus Logistics #53,Healthcare IT,North America,Growth,Annual Prepaid,Enterprise Analytics Suite,2026-01-23,2026-08-21,10,14,888.09,12433.26,941.49,1,14.9,7,20.2,0
CUST-2023,Crestview Cloud #54,FinTech & Payments,Europe (EMEA),Enterprise,Annual Prepaid,Cloud Infrastructure Pro,2026-01-02,2026-08-14,17,36,3449.44,124179.84,10669.99,9,9.7,3,3.8,1
CUST-2024,Horizon Retail Group #55,Manufacturing & Logistics,North America,Mid-Market,Month-to-Month,Enterprise Analytics Suite,2026-04-27,2026-08-27,4,13,1603.93,20851.09,1491.3,2,12.8,7,33.2,0
CUST-2025,Vertex Networks #56,SaaS & Cloud Software,Europe (EMEA),Mid-Market,Quarterly,AI Decision Platform,2025-11-30,2026-08-09,22,20,2914.8,58296.0,5160.94,1,8.4,7,6.3,0
CUST-2026,Kinetic Logistics #57,FinTech & Payments,Asia-Pacific,Mid-Market,Annual Prepaid,Enterprise Analytics Suite,2025-08-10,2026-08-09,22,26,3234.68,84101.68,7037.24,4,4.5,4,26.5,0
CUST-2027,Aegis Capital #58,E-Commerce & Retail,North America,Starter,Annual Prepaid,AI Decision Platform,2025-06-27,2026-08-05,26,5,703.23,3516.15,228.72,1,8.4,7,7.6,0
CUST-2028,Apex Global #59,Healthcare IT,North America,Enterprise,Annual Prepaid,AI Decision Platform,2026-01-02,2026-08-29,2,35,3733.9,130686.5,12414.39,5,14.1,5,18.2,0
CUST-2029,Vanguard Retail Group #60,FinTech & Payments,Europe (EMEA),Growth,Annual Prepaid,Enterprise Analytics Suite,2026-03-09,2026-07-29,33,7,1095.78,7670.46,610.6,3,9.3,6,5.6,0
CUST-2030,Starlight Retail Group #61,E-Commerce & Retail,Europe (EMEA),Mid-Market,Multi-Year,Cloud Infrastructure Pro,2025-06-10,2026-07-15,47,20,2106.94,42138.8,3611.65,5,17.5,4,39.8,0
CUST-2031,Kinetic Logistics #62,FinTech & Payments,Europe (EMEA),Mid-Market,Quarterly,Enterprise Analytics Suite,2026-03-17,2026-08-27,4,17,2165.23,36808.91,3256.25,10,16.6,3,3.5,1
CUST-2032,Omni Logistics #63,Healthcare IT,Asia-Pacific,Enterprise,Multi-Year,Cloud Infrastructure Pro,2025-10-21,2026-08-06,25,34,6001.24,204042.16,18458.58,1,7.5,8,21.1,0
CUST-2033,Beacon Health #64,Healthcare IT,Europe (EMEA),Mid-Market,Quarterly,Enterprise Analytics Suite,2026-02-21,2026-08-18,13,21,2314.17,48597.57,4274.7,3,28.6,8,30.9,0
CUST-2034,Crestview Cloud #65,Professional & Legal Services,Europe (EMEA),Mid-Market,Month-to-Month,Security & Compliance Shield,2025-10-20,2026-08-04,27,18,1981.84,35673.12,2727.6,7,22.7,3,37.9,1
CUST-2035,Omni Global #66,SaaS & Cloud Software,Asia-Pacific,Enterprise,Annual Prepaid,AI Decision Platform,2026-03-21,2026-08-29,2,44,4035.58,177565.52,16418.97,1,7.9,6,16.4,0
CUST-2036,Starlight Ventures #67,FinTech & Payments,Europe (EMEA),Mid-Market,Annual Prepaid,Enterprise Analytics Suite,2026-03-18,2026-08-15,16,19,2322.11,44120.09,3280.39,2,13.9,7,35.2,0
CUST-2037,Crestview Solutions #68,FinTech & Payments,Asia-Pacific,Mid-Market,Annual Prepaid,Cloud Infrastructure Pro,2026-01-06,2026-08-22,9,21,1843.67,38717.07,2846.47,3,14.2,5,1.0,0
CUST-2038,CoreLogic Systems #69,Healthcare IT,North America,Growth,Annual Prepaid,Enterprise Analytics Suite,2025-12-06,2026-08-21,10,13,1127.47,14657.11,1106.34,0,9.2,7,9.5,0
CUST-2039,Stratum Logistics #70,Professional & Legal Services,Asia-Pacific,Mid-Market,Annual Prepaid,AI Decision Platform,2025-10-17,2026-08-29,2,25,3030.04,75751.0,6005.87,2,12.9,7,24.2,0
CUST-2040,Pinnacle Financial #71,FinTech & Payments,Europe (EMEA),Mid-Market,Annual Prepaid,Cloud Infrastructure Pro,2025-10-28,2026-08-26,5,19,4292.78,81562.82,7174.33,3,5.9,5,16.2,0
CUST-2041,Solstice Global #72,SaaS & Cloud Software,Latin America,Growth,Annual Prepaid,Enterprise Analytics Suite,2025-07-20,2026-08-22,9,11,1204.86,13253.46,1067.05,0,11.3,8,2.3,0
CUST-2042,Crestview Systems #73,FinTech & Payments,Asia-Pacific,Mid-Market,Multi-Year,Security & Compliance Shield,2025-05-01,2026-08-21,10,17,2612.4,44410.8,3415.23,2,6.7,9,13.1,0
CUST-2043,Vertex Systems #74,SaaS & Cloud Software,Europe (EMEA),Growth,Quarterly,API Data Hub,2026-04-01,2026-08-21,10,11,1363.04,14993.44,1131.77,1,15.4,10,6.6,0
CUST-2044,Synergy Cloud #75,FinTech & Payments,Latin America,Mid-Market,Annual Prepaid,API Data Hub,2026-02-16,2026-07-21,41,12,1958.88,23506.56,1768.1,4,19.1,5,4.2,0
CUST-2045,CoreLogic Global #76,E-Commerce & Retail,North America,Starter,Annual Prepaid,AI Decision Platform,2025-05-16,2026-07-30,32,7,472.98,3310.86,248.97,0,4.5,7,14.3,0
CUST-2046,Starlight Capital #77,Professional & Legal Services,Europe (EMEA),Growth,Annual Prepaid,AI Decision Platform,2025-07-10,2026-08-23,8,6,1759.7,10558.2,906.95,5,8.5,5,0.3,0
CUST-2047,Vertex Networks #78,Manufacturing & Logistics,Asia-Pacific,Mid-Market,Annual Prepaid,Enterprise Analytics Suite,2025-12-17,2026-08-08,23,9,1722.42,15501.78,1357.59,3,10.1,6,3.4,0
CUST-2048,Omni Dynamics #79,SaaS & Cloud Software,Europe (EMEA),Enterprise,Annual Prepaid,AI Decision Platform,2025-07-14,2026-08-15,16,36,5709.42,205539.12,14748.69,4,5.0,1,8.1,0
CUST-2049,Quantum Technologies #80,SaaS & Cloud Software,Latin America,Enterprise,Month-to-Month,Cloud Infrastructure Pro,2026-04-14,2026-08-23,8,35,4455.92,155957.2,11478.37,5,9.2,5,3.5,0
CUST-2050,Beacon Financial #81,Professional & Legal Services,North America,Mid-Market,Multi-Year,Cloud Infrastructure Pro,2025-08-12,2026-08-09,22,18,1921.64,34589.52,2931.32,3,7.5,6,9.9,0
CUST-2051,Acro Financial #82,SaaS & Cloud Software,Europe (EMEA),Starter,Quarterly,Cloud Infrastructure Pro,2024-11-07,2026-07-27,35,11,670.04,7370.44,568.2,1,14.2,6,28.6,0
CUST-2052,Elevate Labs #83,E-Commerce & Retail,Europe (EMEA),Mid-Market,Month-to-Month,AI Decision Platform,2025-08-01,2026-07-03,59,20,2675.64,53512.8,4156.95,3,11.2,3,14.9,1
CUST-2053,Pinnacle Dynamics #84,Professional & Legal Services,Europe (EMEA),Enterprise,Quarterly,API Data Hub,2024-05-16,2026-08-30,1,31,5742.15,178006.65,14191.89,7,36.1,5,2.6,0
CUST-2054,Novus Logistics #85,Healthcare IT,North America,Enterprise,Multi-Year,Cloud Infrastructure Pro,2025-11-01,2026-06-29,63,25,6006.77,150169.25,12530.3,4,11.3,5,14.3,0
CUST-2055,Vertex Capital #86,Professional & Legal Services,North America,Mid-Market,Annual Prepaid,API Data Hub,2026-02-02,2026-08-28,3,19,2663.21,50600.99,3740.79,8,22.6,4,15.3,0
CUST-2056,Nexus Technologies #87,Manufacturing & Logistics,Europe (EMEA),Mid-Market,Quarterly,AI Decision Platform,2025-04-28,2026-08-24,7,13,2718.17,35336.21,2508.51,2,9.5,8,30.0,0
CUST-2057,Solstice Capital #88,SaaS & Cloud Software,North America,Mid-Market,Month-to-Month,Enterprise Analytics Suite,2026-04-25,2026-08-26,5,17,2223.26,37795.42,3427.94,3,26.9,5,11.3,1
CUST-2058,Crestview Logistics #89,Healthcare IT,Europe (EMEA),Mid-Market,Month-to-Month,Enterprise Analytics Suite,2024-06-28,2026-08-20,11,24,2941.98,70607.52,6288.17,5,23.4,6,15.0,0
CUST-2059,Acro Ventures #90,FinTech & Payments,North America,Mid-Market,Annual Prepaid,AI Decision Platform,2025-10-28,2026-08-20,11,17,1883.81,32024.77,2696.19,7,20.5,3,1.3,0
CUST-2060,Elevate Cloud #91,Manufacturing & Logistics,North America,Enterprise,Annual Prepaid,Cloud Infrastructure Pro,2026-04-03,2026-08-24,7,43,4720.82,202995.26,15899.59,1,10.3,8,0.9,0
CUST-2061,Aegis Capital #92,Healthcare IT,North America,Mid-Market,Annual Prepaid,AI Decision Platform,2025-03-26,2026-08-24,7,13,2818.4,36639.2,2922.05,4,6.9,5,3.5,0
CUST-2062,Nexus Capital #93,Manufacturing & Logistics,North America,Enterprise,Multi-Year,Enterprise Analytics Suite,2026-02-28,2026-08-02,29,39,5598.19,218329.41,20574.32,5,13.9,5,4.7,0
CUST-2063,Elevate Cloud #94,Professional & Legal Services,Europe (EMEA),Mid-Market,Annual Prepaid,Security & Compliance Shield,2026-03-14,2026-08-24,7,25,2321.82,58045.5,4876.35,5,18.7,5,30.3,0
CUST-2064,Acro Financial #95,SaaS & Cloud Software,Europe (EMEA),Starter,Month-to-Month,Cloud Infrastructure Pro,2025-10-31,2026-08-02,29,4,666.52,2666.08,193.72,0,8.1,6,5.8,0
CUST-2065,Horizon Financial #96,Healthcare IT,Europe (EMEA),Enterprise,Month-to-Month,API Data Hub,2025-10-30,2026-08-30,1,34,4693.97,159594.98,14000.38,1,12.0,8,25.9,0
CUST-2066,Aegis Solutions #97,SaaS & Cloud Software,North America,Enterprise,Month-to-Month,AI Decision Platform,2025-07-28,2026-06-25,67,38,6871.87,261131.06,23169.9,5,18.5,1,6.8,1
CUST-2067,Pulse Financial #1,Professional & Legal Services,Asia-Pacific,Starter,Month-to-Month,AI Decision Platform,2025-12-31,2026-03-09,175,6,456.43,2738.58,186.92,3,7.1,3,9.7,1
CUST-2068,Pinnacle Financial #2,SaaS & Cloud Software,Asia-Pacific,Growth,Month-to-Month,Enterprise Analytics Suite,2024-12-08,2026-07-11,51,11,1171.09,12881.99,1012.49,3,7.4,5,16.6,1
CUST-2069,Stratum Financial #3,Manufacturing & Logistics,Europe (EMEA),Enterprise,Annual Prepaid,Enterprise Analytics Suite,2025-12-15,2026-08-23,8,31,3199.24,99176.44,7047.23,3,16.1,7,7.8,0
CUST-2070,Synergy Health #4,Healthcare IT,North America,Mid-Market,Annual Prepaid,Cloud Infrastructure Pro,2025-07-07,2026-08-28,3,17,2792.65,47475.05,3467.06,5,16.6,5,29.7,0
CUST-2071,Pulse Media #5,SaaS & Cloud Software,North America,Mid-Market,Multi-Year,AI Decision Platform,2025-05-23,2026-08-02,29,12,3921.33,47055.96,4057.97,2,10.4,6,19.8,0
CUST-2072,Horizon Cloud #6,Manufacturing & Logistics,Europe (EMEA),Growth,Annual Prepaid,API Data Hub,2025-09-27,2026-08-08,23,11,1101.53,12116.83,1048.36,1,9.7,6,5.1,0
CUST-2073,Synergy Technologies #7,Manufacturing & Logistics,Asia-Pacific,Mid-Market,Annual Prepaid,Cloud Infrastructure Pro,2026-03-23,2026-07-23,39,15,2153.08,32296.2,2593.25,4,30.7,2,8.7,0
CUST-2074,Pinnacle Logistics #8,SaaS & Cloud Software,Asia-Pacific,Enterprise,Annual Prepaid,Enterprise Analytics Suite,2025-09-09,2026-08-08,23,33,5957.51,196597.83,14203.0,3,18.6,7,17.4,0
CUST-2075,Horizon Ventures #9,E-Commerce & Retail,Europe (EMEA),Mid-Market,Quarterly,Cloud Infrastructure Pro,2025-12-23,2026-08-22,9,20,2519.85,50397.0,3948.27,4,17.8,4,24.5,1
CUST-2076,Elevate Logistics #10,E-Commerce & Retail,Asia-Pacific,Enterprise,Annual Prepaid,API Data Hub,2025-07-01,2026-07-22,40,33,6083.17,200744.61,17078.4,4,11.2,5,14.8,0
CUST-2077,Nexus Logistics #11,FinTech & Payments,Europe (EMEA),Growth,Annual Prepaid,Enterprise Analytics Suite,2025-08-20,2026-08-27,4,7,1681.61,11771.27,795.82,0,3.1,8,20.9,0
CUST-2078,Vertex Capital #12,E-Commerce & Retail,North America,Mid-Market,Annual Prepaid,API Data Hub,2026-03-16,2026-08-20,11,17,1958.9,33301.3,2652.46,1,5.3,7,5.4,0
CUST-2079,Aegis Systems #13,SaaS & Cloud Software,North America,Growth,Quarterly,Enterprise Analytics Suite,2025-10-26,2026-08-17,14,9,1313.84,11824.56,909.8,0,6.2,7,22.8,0
CUST-2080,Prism Media #14,Healthcare IT,Europe (EMEA),Mid-Market,Quarterly,Cloud Infrastructure Pro,2026-02-25,2026-08-04,27,19,2674.43,50814.17,3671.8,4,21.8,7,6.2,0
CUST-2081,Kinetic Retail Group #15,FinTech & Payments,North America,Growth,Annual Prepaid,AI Decision Platform,2025-06-11,2026-07-29,33,12,1733.81,20805.72,1622.47,0,10.3,6,13.0,1
CUST-2082,Vertex Media #16,FinTech & Payments,Europe (EMEA),Mid-Market,Month-to-Month,AI Decision Platform,2025-12-01,2026-08-22,9,14,1678.07,23492.98,2114.19,8,12.5,4,22.9,0
CUST-2083,Crestview Health #17,E-Commerce & Retail,North America,Mid-Market,Month-to-Month,AI Decision Platform,2025-01-26,2026-08-11,20,19,1877.04,35663.76,2872.29,5,10.8,6,9.3,1
CUST-2084,Vertex Financial #18,Healthcare IT,Europe (EMEA),Growth,Multi-Year,Cloud Infrastructure Pro,2025-08-08,2026-08-29,2,10,1418.7,14187.0,1028.65,2,8.3,8,11.2,0
CUST-2085,Novus Health #19,FinTech & Payments,Asia-Pacific,Growth,Month-to-Month,API Data Hub,2025-08-29,2026-08-25,6,7,514.86,3604.02,247.02,3,10.8,8,0.6,0
CUST-2086,Aegis Labs #20,SaaS & Cloud Software,North America,Starter,Annual Prepaid,Enterprise Analytics Suite,2025-10-24,2026-08-28,3,2,411.86,823.72,54.64,3,12.1,7,10.6,0
CUST-2087,Terra Cloud #21,Manufacturing & Logistics,North America,Mid-Market,Annual Prepaid,API Data Hub,2025-09-05,2026-08-20,11,22,2238.83,49254.26,3810.96,3,16.1,8,21.9,0
CUST-2088,Acro Solutions #22,E-Commerce & Retail,Asia-Pacific,Growth,Month-to-Month,Enterprise Analytics Suite,2025-09-11,2026-06-19,73,8,1071.55,8572.4,616.03,4,22.0,4,9.2,1
CUST-2089,CoreLogic Networks #23,SaaS & Cloud Software,Europe (EMEA),Mid-Market,Annual Prepaid,Enterprise Analytics Suite,2026-04-24,2026-08-30,1,24,2573.78,61770.72,5562.13,1,21.7,6,33.7,0
CUST-2090,Solstice Global #24,Healthcare IT,North America,Mid-Market,Quarterly,AI Decision Platform,2025-11-12,2026-08-01,30,14,2698.85,37783.9,2908.89,6,26.7,3,15.8,1
CUST-2091,Nexus Media #25,SaaS & Cloud Software,Europe (EMEA),Mid-Market,Multi-Year,Enterprise Analytics Suite,2026-01-24,2026-08-27,4,13,2562.79,33316.27,2770.7,2,10.0,10,3.3,0
CUST-2092,Novus Technologies #26,Professional & Legal Services,North America,Growth,Annual Prepaid,AI Decision Platform,2025-07-16,2026-07-24,38,13,1166.36,15162.68,1127.84,2,9.1,5,24.6,0
CUST-2093,Pulse Ventures #27,SaaS & Cloud Software,North America,Mid-Market,Annual Prepaid,Cloud Infrastructure Pro,2026-03-09,2026-07-31,31,26,2617.48,68054.48,5974.65,3,7.6,4,2.7,0
CUST-2094,Pinnacle Dynamics #28,Professional & Legal Services,North America,Mid-Market,Multi-Year,Enterprise Analytics Suite,2025-09-11,2026-07-27,35,16,3808.36,60933.76,5413.94,2,3.1,6,17.3,0
CUST-2095,Vanguard Media #29,SaaS & Cloud Software,North America,Mid-Market,Month-to-Month,Enterprise Analytics Suite,2025-09-24,2026-07-17,45,21,2175.82,45692.22,3576.71,3,9.2,7,16.0,1
CUST-2096,Prism Systems #30,Healthcare IT,Europe (EMEA),Growth,Annual Prepaid,Enterprise Analytics Suite,2025-04-06,2026-08-17,14,11,2154.71,23701.81,1617.41,1,5.9,7,4.6,0
CUST-2097,Zenith Dynamics #31,Healthcare IT,Europe (EMEA),Starter,Annual Prepaid,AI Decision Platform,2026-04-28,2026-07-13,49,4,544.35,2177.4,159.36,2,5.2,7,8.9,0
CUST-2098,Starlight Financial #32,E-Commerce & Retail,North America,Mid-Market,Multi-Year,API Data Hub,2026-04-02,2026-08-21,10,18,3600.15,64802.7,4671.52,1,2.3,8,3.0,0
CUST-2099,Nexus Cloud #33,Manufacturing & Logistics,Europe (EMEA),Growth,Annual Prepaid,Enterprise Analytics Suite,2025-03-13,2026-08-18,13,9,1288.66,11597.94,997.5,0,25.4,7,12.5,0
CUST-2100,Elevate Global #34,FinTech & Payments,Europe (EMEA),Growth,Quarterly,Enterprise Analytics Suite,2025-09-04,2026-08-17,14,7,1645.3,11517.1,973.69,2,8.4,6,22.2,0
CUST-2101,Starlight Technologies #35,SaaS & Cloud Software,Europe (EMEA),Enterprise,Annual Prepaid,AI Decision Platform,2026-01-14,2026-08-03,28,25,5911.52,147788.0,12782.26,8,12.4,2,10.8,1
CUST-2102,Zenith Networks #36,Healthcare IT,Europe (EMEA),Mid-Market,Annual Prepaid,AI Decision Platform,2025-11-30,2026-08-18,13,13,1870.53,24316.89,2210.87,4,6.3,8,5.6,0
CUST-2103,Pinnacle Networks #37,Professional & Legal Services,Europe (EMEA),Mid-Market,Month-to-Month,Enterprise Analytics Suite,2025-08-05,2026-06-26,66,22,2416.66,53166.52,4468.03,2,15.7,3,11.0,0
CUST-2104,Vanguard Health #38,SaaS & Cloud Software,Europe (EMEA),Growth,Month-to-Month,Cloud Infrastructure Pro,2026-04-29,2026-05-15,108,6,1323.95,7943.7,645.0,2,5.5,5,13.5,0
CUST-2105,CoreLogic Solutions #39,Healthcare IT,Asia-Pacific,Growth,Annual Prepaid,Enterprise Analytics Suite,2025-06-27,2026-08-12,19,8,1338.73,10709.84,743.14,7,15.5,5,23.5,0
CUST-2106,Starlight Solutions #40,Healthcare IT,North America,Growth,Multi-Year,API Data Hub,2025-11-21,2026-08-18,13,14,1307.59,18306.26,1599.03,4,10.8,7,9.4,0
CUST-2107,Stratum Financial #41,SaaS & Cloud Software,North America,Growth,Annual Prepaid,Enterprise Analytics Suite,2025-04-17,2026-07-25,37,9,1365.04,12285.36,909.86,3,10.8,8,36.3,1
CUST-2108,Crestview Solutions #42,Healthcare IT,North America,Growth,Annual Prepaid,Enterprise Analytics Suite,2026-05-29,2026-08-22,9,8,1402.0,11216.0,935.75,1,4.7,7,17.4,0
CUST-2109,Synergy Media #43,E-Commerce & Retail,Europe (EMEA),Growth,Annual Prepaid,Enterprise Analytics Suite,2025-12-22,2026-08-21,10,12,760.27,9123.24,758.84,2,2.8,10,31.6,0
CUST-2110,Vertex Networks #44,Healthcare IT,Europe (EMEA),Mid-Market,Month-to-Month,Cloud Infrastructure Pro,2025-08-23,2026-07-24,38,19,2870.85,54546.15,4309.4,3,12.7,7,13.7,1
CUST-2111,Beacon Ventures #45,FinTech & Payments,North America,Starter,Annual Prepaid,AI Decision Platform,2025-09-21,2026-07-15,47,2,508.73,1017.46,74.55,1,14.5,6,3.4,0
CUST-2112,Starlight Dynamics #46,SaaS & Cloud Software,Europe (EMEA),Mid-Market,Quarterly,Security & Compliance Shield,2025-11-13,2026-08-29,2,18,1270.33,22865.94,1760.15,6,8.9,7,5.8,0
CUST-2113,Terra Networks #47,Manufacturing & Logistics,Europe (EMEA),Starter,Annual Prepaid,Enterprise Analytics Suite,2025-09-10,2026-07-24,38,5,714.45,3572.25,239.02,0,11.7,7,9.4,0
CUST-2114,Prism Cloud #48,SaaS & Cloud Software,North America,Starter,Annual Prepaid,AI Decision Platform,2026-02-07,2026-08-21,10,3,472.54,1417.62,117.13,2,6.3,7,0.7,0
CUST-2115,Horizon Media #49,Healthcare IT,Europe (EMEA),Mid-Market,Annual Prepaid,API Data Hub,2026-04-04,2026-08-06,25,17,1836.03,31212.51,2483.32,4,12.3,7,1.5,0
CUST-2116,Omni Networks #50,Manufacturing & Logistics,Europe (EMEA),Growth,Multi-Year,Cloud Infrastructure Pro,2026-01-01,2026-06-19,73,8,1866.7,14933.6,1152.63,2,4.0,6,12.2,0
CUST-2117,Crestview Global #51,Healthcare IT,Latin America,Starter,Month-to-Month,AI Decision Platform,2025-07-05,2026-05-16,107,7,661.67,4631.69,324.54,2,5.6,3,17.0,0
CUST-2118,Novus Networks #52,FinTech & Payments,North America,Mid-Market,Multi-Year,Cloud Infrastructure Pro,2025-12-15,2026-07-14,48,20,2134.77,42695.4,3656.1,5,13.3,4,9.0,0
CUST-2119,Stratum Systems #53,SaaS & Cloud Software,Europe (EMEA),Mid-Market,Multi-Year,Enterprise Analytics Suite,2025-08-25,2026-07-31,31,15,2063.12,30946.8,2607.19,4,6.8,5,4.8,0
CUST-2120,Vanguard Labs #54,SaaS & Cloud Software,North America,Mid-Market,Month-to-Month,API Data Hub,2025-07-18,2026-06-02,90,21,2837.0,59577.0,5319.08,1,6.1,3,1.9,0
CUST-2121,Kinetic Ventures #55,Manufacturing & Logistics,North America,Growth,Annual Prepaid,Enterprise Analytics Suite,2025-05-28,2026-07-28,34,10,886.29,8862.9,621.88,2,3.1,6,15.8,0
CUST-2122,Aegis Global #56,SaaS & Cloud Software,North America,Starter,Multi-Year,Enterprise Analytics Suite,2025-03-07,2026-08-24,7,5,530.3,2651.5,175.52,0,4.6,6,10.4,0
CUST-2123,Pinnacle Logistics #57,E-Commerce & Retail,North America,Starter,Annual Prepaid,Security & Compliance Shield,2025-11-04,2026-08-01,30,4,677.15,2708.6,220.39,2,11.9,6,6.8,0
CUST-2124,Synergy Retail Group #58,FinTech & Payments,North America,Mid-Market,Multi-Year,API Data Hub,2026-04-18,2026-08-30,1,22,2674.57,58840.54,4569.4,3,16.8,8,23.7,0
CUST-2125,Kinetic Cloud #59,Professional & Legal Services,North America,Mid-Market,Quarterly,AI Decision Platform,2025-01-25,2026-08-24,7,13,2524.56,32819.28,3003.94,3,29.5,6,15.2,0
CUST-2126,Synergy Cloud #60,Healthcare IT,North America,Starter,Quarterly,Security & Compliance Shield,2024-08-31,2026-07-03,59,6,605.18,3631.08,233.38,0,7.0,10,10.7,0
CUST-2127,Horizon Solutions #61,SaaS & Cloud Software,North America,Mid-Market,Annual Prepaid,Enterprise Analytics Suite,2026-05-04,2026-08-15,16,15,3395.87,50938.05,4237.8,5,13.3,5,37.9,0
CUST-2128,Kinetic Networks #62,SaaS & Cloud Software,Asia-Pacific,Mid-Market,Month-to-Month,API Data Hub,2026-05-02,2026-08-14,17,14,3070.21,42982.94,3231.08,3,10.5,5,5.8,0
CUST-2129,Kinetic Solutions #63,FinTech & Payments,North America,Enterprise,Month-to-Month,AI Decision Platform,2026-01-08,2026-08-26,5,40,5705.56,228222.4,19835.29,4,10.4,6,11.6,0
CUST-2130,CoreLogic Ventures #64,Manufacturing & Logistics,North America,Mid-Market,Month-to-Month,AI Decision Platform,2025-09-14,2026-08-06,25,26,2590.73,67358.98,4921.15,1,19.4,4,12.2,0
CUST-2131,CoreLogic Financial #65,FinTech & Payments,Latin America,Mid-Market,Month-to-Month,API Data Hub,2025-12-30,2026-08-11,20,20,2486.26,49725.2,4499.03,2,5.2,6,15.9,0
CUST-2132,Aegis Health #66,FinTech & Payments,Europe (EMEA),Starter,Quarterly,Enterprise Analytics Suite,2025-10-06,2026-08-20,11,5,835.73,4178.65,279.17,3,18.3,7,3.0,0
CUST-2133,Kinetic Financial #67,SaaS & Cloud Software,Europe (EMEA),Starter,Month-to-Month,API Data Hub,2025-09-21,2026-07-16,46,6,680.24,4081.44,316.24,2,12.3,4,7.6,0
CUST-2134,Terra Cloud #68,E-Commerce & Retail,North America,Growth,Multi-Year,Enterprise Analytics Suite,2025-04-26,2026-07-28,34,9,1034.21,9307.89,789.36,0,15.5,8,13.1,0
CUST-2135,Prism Solutions #69,SaaS & Cloud Software,Europe (EMEA),Mid-Market,Annual Prepaid,Security & Compliance Shield,2026-02-13,2026-07-27,35,11,2341.58,25757.38,1872.87,0,15.9,8,29.0,0
CUST-2136,Prism Retail Group #70,Manufacturing & Logistics,North America,Growth,Quarterly,AI Decision Platform,2025-12-01,2026-08-19,12,9,1228.98,11060.82,777.45,1,8.6,8,5.1,0
CUST-2137,Aegis Retail Group #71,FinTech & Payments,Europe (EMEA),Growth,Annual Prepaid,API Data Hub,2025-12-24,2026-07-30,32,10,1299.46,12994.6,1107.31,1,9.4,7,6.9,0
CUST-2138,Synergy Cloud #72,Manufacturing & Logistics,Asia-Pacific,Growth,Quarterly,Cloud Infrastructure Pro,2026-04-19,2026-08-21,10,9,1567.73,14109.57,967.39,4,11.3,5,26.2,0
CUST-2139,Kinetic Labs #73,SaaS & Cloud Software,North America,Mid-Market,Multi-Year,Enterprise Analytics Suite,2025-06-19,2026-08-13,18,13,1750.2,22752.6,2023.27,0,12.2,9,18.4,0
CUST-2140,Solstice Cloud #74,SaaS & Cloud Software,North America,Mid-Market,Month-to-Month,Enterprise Analytics Suite,2026-05-21,2026-07-28,34,11,2309.66,25406.26,1885.7,2,6.1,8,21.8,0
CUST-2141,Elevate Networks #75,SaaS & Cloud Software,North America,Growth,Month-to-Month,Security & Compliance Shield,2025-05-05,2026-07-22,40,9,1071.45,9643.05,652.72,1,17.2,3,13.9,1
CUST-2142,Apex Systems #76,Professional & Legal Services,Asia-Pacific,Starter,Month-to-Month,Enterprise Analytics Suite,2025-12-22,2026-08-10,21,5,393.29,1966.45,140.44,2,10.9,6,3.8,0
CUST-2143,Starlight Networks #77,SaaS & Cloud Software,Europe (EMEA),Growth,Month-to-Month,Cloud Infrastructure Pro,2025-11-17,2026-08-09,22,8,1173.82,9390.56,724.2,1,14.0,9,40.3,0
CUST-2144,Nexus Capital #78,E-Commerce & Retail,North America,Enterprise,Annual Prepaid,Cloud Infrastructure Pro,2026-01-05,2026-08-05,26,34,3806.69,129427.46,10846.17,7,12.3,4,8.5,0
CUST-2145,Pinnacle Media #79,Manufacturing & Logistics,North America,Growth,Annual Prepaid,AI Decision Platform,2025-11-26,2026-04-22,131,14,1732.58,24256.12,2118.93,2,9.9,1,14.2,1
CUST-2146,Nexus Capital #80,E-Commerce & Retail,North America,Starter,Annual Prepaid,API Data Hub,2025-10-08,2026-08-22,9,3,483.52,1450.56,105.81,3,5.2,6,2.8,0
CUST-2147,Apex Cloud #81,E-Commerce & Retail,North America,Growth,Month-to-Month,Security & Compliance Shield,2026-02-14,2026-06-09,83,16,1184.37,18949.92,1477.78,2,9.7,5,2.4,1
CUST-2148,Synergy Dynamics #82,SaaS & Cloud Software,North America,Growth,Month-to-Month,API Data Hub,2026-02-23,2026-07-01,61,8,1099.96,8799.68,629.67,1,14.9,7,15.9,0
CUST-2149,Beacon Cloud #83,Manufacturing & Logistics,Europe (EMEA),Mid-Market,Quarterly,Enterprise Analytics Suite,2026-01-13,2026-08-28,3,21,1859.8,39055.8,3357.14,1,10.9,6,21.3,0
CUST-2150,Horizon Technologies #84,E-Commerce & Retail,North America,Starter,Month-to-Month,API Data Hub,2025-11-28,2026-08-23,8,3,573.77,1721.31,141.41,3,20.2,7,7.0,0
CUST-2151,Stratum Global #85,E-Commerce & Retail,North America,Growth,Month-to-Month,Security & Compliance Shield,2025-10-23,2026-08-17,14,17,1038.12,17648.04,1287.87,2,4.6,7,4.2,0
CUST-2152,Crestview Health #86,Professional & Legal Services,Asia-Pacific,Mid-Market,Annual Prepaid,Enterprise Analytics Suite,2025-11-10,2026-08-30,1,18,1868.11,33625.98,3006.51,5,22.9,5,21.2,0
CUST-2153,Nexus Media #87,SaaS & Cloud Software,Europe (EMEA),Enterprise,Multi-Year,AI Decision Platform,2026-05-22,2026-08-22,9,33,3993.43,131783.19,11913.75,3,4.7,7,17.4,0
CUST-2154,Elevate Media #88,SaaS & Cloud Software,North America,Growth,Month-to-Month,AI Decision Platform,2026-05-23,2026-08-18,13,11,2053.84,22592.24,1865.46,1,3.0,7,7.2,0
CUST-2155,Starlight Financial #89,Professional & Legal Services,Asia-Pacific,Mid-Market,Annual Prepaid,Enterprise Analytics Suite,2024-05-14,2026-08-20,11,23,2827.22,65026.06,4835.2,3,8.6,7,25.2,0
CUST-2156,Prism Logistics #90,SaaS & Cloud Software,Europe (EMEA),Growth,Month-to-Month,Enterprise Analytics Suite,2025-12-25,2026-08-16,15,16,992.6,15881.6,1337.17,2,16.2,4,7.1,0
CUST-2157,Quantum Cloud #91,Healthcare IT,Asia-Pacific,Starter,Annual Prepaid,Cloud Infrastructure Pro,2026-02-06,2026-08-20,11,5,573.53,2867.65,200.33,0,13.9,7,13.9,0
CUST-2158,Zenith Dynamics #92,Healthcare IT,Asia-Pacific,Growth,Annual Prepaid,Security & Compliance Shield,2025-08-14,2026-08-27,4,11,1529.74,16827.14,1453.78,4,9.8,5,0.5,0
CUST-2159,Beacon Health #93,SaaS & Cloud Software,Europe (EMEA),Mid-Market,Annual Prepaid,Cloud Infrastructure Pro,2025-04-20,2026-08-21,10,12,2139.33,25671.96,2187.78,1,16.9,7,4.7,0
CUST-2160,Starlight Capital #94,SaaS & Cloud Software,Europe (EMEA),Starter,Annual Prepaid,Cloud Infrastructure Pro,2026-02-16,2026-08-10,21,6,452.8,2716.8,182.94,0,18.8,7,10.8,0
CUST-2161,Vanguard Solutions #95,SaaS & Cloud Software,Europe (EMEA),Mid-Market,Annual Prepaid,AI Decision Platform,2026-01-11,2026-08-20,11,13,2015.84,26205.92,1945.36,2,18.9,5,16.7,0
CUST-2162,CoreLogic Labs #96,FinTech & Payments,Europe (EMEA),Mid-Market,Annual Prepaid,API Data Hub,2024-12-01,2026-08-27,4,20,1664.54,33290.8,2478.46,3,12.4,4,2.4,0
CUST-2163,Starlight Financial #97,FinTech & Payments,North America,Mid-Market,Quarterly,Cloud Infrastructure Pro,2025-09-20,2026-08-30,1,17,3528.02,59976.34,5267.2,2,5.9,7,5.5,0
CUST-2164,Nexus Logistics #1,FinTech & Payments,North America,Starter,Annual Prepaid,AI Decision Platform,2026-03-28,2026-08-14,17,3,802.51,2407.53,161.16,0,2.8,10,12.2,0
CUST-2165,Acro Capital #2,E-Commerce & Retail,Europe (EMEA),Growth,Annual Prepaid,Cloud Infrastructure Pro,2026-01-12,2026-08-18,13,7,1055.11,7385.77,605.54,2,6.3,7,1.8,0
CUST-2166,Aegis Logistics #3,FinTech & Payments,Asia-Pacific,Enterprise,Quarterly,AI Decision Platform,2026-03-15,2026-08-08,23,41,5325.09,218328.69,18523.8,6,9.0,3,9.1,0
CUST-2167,Starlight Global #4,FinTech & Payments,Latin America,Mid-Market,Annual Prepaid,Enterprise Analytics Suite,2026-03-31,2026-08-30,1,30,2986.88,89606.4,6595.24,2,3.8,7,33.6,0
CUST-2168,Solstice Health #5,E-Commerce & Retail,Europe (EMEA),Enterprise,Annual Prepaid,AI Decision Platform,2025-09-16,2026-08-13,18,37,6057.79,224138.23,18833.52,5,7.4,6,28.9,0
CUST-2169,CoreLogic Cloud #6,E-Commerce & Retail,Asia-Pacific,Enterprise,Multi-Year,Enterprise Analytics Suite,2025-09-30,2026-08-20,11,45,6102.29,274603.05,22719.22,3,10.4,8,18.8,0
CUST-2170,Prism Technologies #7,Healthcare IT,Latin America,Mid-Market,Annual Prepaid,Cloud Infrastructure Pro,2025-07-06,2026-08-29,2,13,3345.95,43497.35,3730.45,6,16.4,5,14.9,0
CUST-2171,Terra Systems #8,FinTech & Payments,Europe (EMEA),Mid-Market,Quarterly,Cloud Infrastructure Pro,2026-01-30,2026-08-08,23,25,2270.66,56766.5,4992.05,1,17.3,6,9.5,0
CUST-2172,Pinnacle Networks #9,SaaS & Cloud Software,Europe (EMEA),Mid-Market,Annual Prepaid,Enterprise Analytics Suite,2025-11-13,2026-08-22,9,23,1694.25,38967.75,3200.07,6,13.0,3,17.9,0
CUST-2173,Acro Labs #10,SaaS & Cloud Software,Asia-Pacific,Mid-Market,Annual Prepaid,Enterprise Analytics Suite,2025-09-22,2026-08-13,18,18,3212.52,57825.36,4578.99,3,16.8,5,24.8,0
CUST-2174,Vanguard Health #11,SaaS & Cloud Software,Europe (EMEA),Mid-Market,Multi-Year,Security & Compliance Shield,2025-12-30,2026-08-10,21,25,3289.48,82237.0,6195.44,2,12.8,5,12.3,0
CUST-2175,Acro Health #12,Professional & Legal Services,Europe (EMEA),Growth,Annual Prepaid,Enterprise Analytics Suite,2025-02-26,2026-08-07,24,10,977.61,9776.1,850.83,0,5.4,6,12.6,0
CUST-2176,Nexus Logistics #13,E-Commerce & Retail,Asia-Pacific,Mid-Market,Annual Prepaid,Security & Compliance Shield,2025-10-30,2026-07-08,54,29,3248.41,94203.89,8377.13,3,6.0,6,1.8,0
CUST-2177,Crestview Retail Group #14,E-Commerce & Retail,North America,Growth,Month-to-Month,Cloud Infrastructure Pro,2024-09-25,2026-08-13,18,5,1518.53,7592.65,611.48,0,4.0,8,33.3,0
CUST-2178,Synergy Dynamics #15,SaaS & Cloud Software,North America,Enterprise,Annual Prepaid,Enterprise Analytics Suite,2026-01-21,2026-08-03,28,33,4536.35,149699.55,11074.14,5,11.2,6,18.9,0
CUST-2179,Elevate Global #16,E-Commerce & Retail,North America,Growth,Annual Prepaid,Enterprise Analytics Suite,2026-05-22,2026-08-10,21,16,1192.49,19079.84,1360.05,3,3.3,6,3.7,0
CUST-2180,Kinetic Cloud #17,SaaS & Cloud Software,Asia-Pacific,Starter,Quarterly,Cloud Infrastructure Pro,2026-01-31,2026-08-19,12,5,610.59,3052.95,223.84,1,2.1,6,10.8,0
CUST-2181,Apex Logistics #18,Manufacturing & Logistics,Latin America,Growth,Annual Prepaid,Cloud Infrastructure Pro,2026-03-10,2026-08-23,8,8,1240.08,9920.64,785.81,2,3.6,6,9.6,0
CUST-2182,Horizon Logistics #19,Healthcare IT,North America,Growth,Annual Prepaid,AI Decision Platform,2024-11-12,2026-07-20,42,11,1332.93,14662.23,1243.36,1,10.1,5,3.7,0
CUST-2183,Terra Capital #20,Healthcare IT,Europe (EMEA),Starter,Multi-Year,API Data Hub,2025-08-31,2026-07-12,50,4,741.85,2967.4,219.85,1,11.4,6,11.3,0
CUST-2184,Omni Health #21,Manufacturing & Logistics,Asia-Pacific,Starter,Annual Prepaid,Enterprise Analytics Suite,2025-10-19,2026-08-08,23,4,426.89,1707.56,135.18,3,14.7,4,2.0,0
CUST-2185,Aegis Networks #22,Professional & Legal Services,North America,Enterprise,Multi-Year,Enterprise Analytics Suite,2025-05-07,2026-08-28,3,35,4943.01,173005.35,12749.93,6,19.6,1,4.6,0
CUST-2186,Acro Labs #23,E-Commerce & Retail,North America,Mid-Market,Annual Prepaid,API Data Hub,2026-04-21,2026-08-19,12,19,2620.03,49780.57,4110.82,1,4.5,8,2.8,0
CUST-2187,Stratum Capital #24,E-Commerce & Retail,Europe (EMEA),Mid-Market,Annual Prepaid,Cloud Infrastructure Pro,2026-02-08,2026-08-16,15,23,2445.79,56253.17,4420.01,7,7.1,3,4.4,0
CUST-2188,Aegis Capital #25,E-Commerce & Retail,North America,Growth,Quarterly,AI Decision Platform,2026-01-02,2026-08-13,18,9,973.99,8765.91,593.45,1,10.1,5,9.8,0
CUST-2189,Nexus Dynamics #26,Healthcare IT,Europe (EMEA),Enterprise,Month-to-Month,Enterprise Analytics Suite,2026-04-18,2026-05-19,104,29,3706.52,107489.08,9177.85,8,13.7,3,8.7,1
CUST-2190,Prism Retail Group #27,Professional & Legal Services,North America,Growth,Annual Prepaid,Cloud Infrastructure Pro,2025-09-16,2026-08-27,4,14,1635.82,22901.48,1749.54,2,3.2,7,1.5,0
CUST-2191,Crestview Capital #28,Manufacturing & Logistics,North America,Growth,Multi-Year,Cloud Infrastructure Pro,2025-11-27,2026-07-25,37,8,1108.65,8869.2,614.73,3,10.7,5,16.0,0
CUST-2192,Vertex Cloud #29,Professional & Legal Services,Asia-Pacific,Growth,Month-to-Month,Enterprise Analytics Suite,2025-09-12,2026-07-26,36,11,942.74,10370.14,776.86,5,11.8,5,29.6,1
CUST-2193,Pinnacle Solutions #30,E-Commerce & Retail,Asia-Pacific,Growth,Multi-Year,Enterprise Analytics Suite,2025-08-08,2026-08-07,24,11,1486.15,16347.65,1294.09,5,13.3,4,13.8,0
CUST-2194,Zenith Health #31,Healthcare IT,North America,Enterprise,Month-to-Month,Cloud Infrastructure Pro,2025-12-10,2026-08-29,2,19,5213.18,99050.42,8743.63,4,8.8,7,23.1,0
CUST-2195,Terra Labs #32,E-Commerce & Retail,North America,Growth,Annual Prepaid,Enterprise Analytics Suite,2026-01-13,2026-08-20,11,9,1005.08,9045.72,762.89,2,15.5,6,16.8,0
CUST-2196,Terra Media #33,Professional & Legal Services,North America,Mid-Market,Annual Prepaid,Enterprise Analytics Suite,2025-12-03,2026-08-27,4,24,2999.73,71993.52,5746.52,2,3.8,9,16.0,0
CUST-2197,Omni Financial #34,FinTech & Payments,Asia-Pacific,Mid-Market,Month-to-Month,Cloud Infrastructure Pro,2025-12-12,2026-06-06,86,19,2354.11,44728.09,3776.24,1,8.2,4,24.0,1
CUST-2198,Pinnacle Capital #35,FinTech & Payments,North America,Mid-Market,Annual Prepaid,Cloud Infrastructure Pro,2025-04-29,2026-08-24,7,19,3020.61,57391.59,4835.93,0,10.1,5,13.1,0
CUST-2199,Elevate Systems #36,FinTech & Payments,Europe (EMEA),Mid-Market,Multi-Year,API Data Hub,2026-03-17,2026-07-23,39,20,2579.53,51590.6,4647.63,3,22.7,4,13.2,1
CUST-2200,Vertex Capital #37,SaaS & Cloud Software,North America,Growth,Month-to-Month,API Data Hub,2025-09-14,2026-08-30,1,12,1762.19,21146.28,1649.35,3,4.0,7,12.0,0
CUST-2201,Novus Retail Group #38,FinTech & Payments,North America,Mid-Market,Month-to-Month,AI Decision Platform,2025-03-22,2026-08-20,11,28,2696.33,75497.24,6582.8,1,5.6,6,2.0,0
CUST-2202,Pinnacle Networks #39,Professional & Legal Services,Europe (EMEA),Starter,Annual Prepaid,Cloud Infrastructure Pro,2025-10-31,2026-07-24,38,6,410.85,2465.1,161.78,4,20.0,4,16.2,0
CUST-2203,Kinetic Media #40,Healthcare IT,North America,Growth,Annual Prepaid,Enterprise Analytics Suite,2025-12-24,2026-08-10,21,9,1598.66,14387.94,1139.29,4,6.7,6,11.9,0
CUST-2204,Quantum Solutions #41,Healthcare IT,Europe (EMEA),Enterprise,Month-to-Month,Cloud Infrastructure Pro,2025-12-30,2026-08-02,29,43,5502.27,236597.61,22266.39,1,6.4,6,2.1,0
CUST-2205,Starlight Technologies #42,E-Commerce & Retail,Latin America,Enterprise,Month-to-Month,Enterprise Analytics Suite,2025-10-20,2026-07-09,53,38,7744.9,294306.2,25996.55,5,14.7,1,21.6,1
CUST-2206,Zenith Financial #43,Professional & Legal Services,North America,Starter,Quarterly,Enterprise Analytics Suite,2025-10-09,2026-08-28,3,5,547.7,2738.5,189.07,2,8.7,8,23.7,0
CUST-2207,Pinnacle Dynamics #44,FinTech & Payments,Europe (EMEA),Enterprise,Annual Prepaid,Cloud Infrastructure Pro,2026-03-26,2026-08-19,12,32,5788.96,185246.72,13875.22,4,9.4,4,2.8,0
CUST-2208,Beacon Networks #45,E-Commerce & Retail,Europe (EMEA),Enterprise,Annual Prepaid,Enterprise Analytics Suite,2026-04-15,2026-08-13,18,37,4573.26,169210.62,14855.47,5,7.5,3,15.0,0
CUST-2209,Crestview Ventures #46,E-Commerce & Retail,Europe (EMEA),Starter,Multi-Year,AI Decision Platform,2025-01-19,2026-08-07,24,1,521.38,521.38,32.72,2,5.0,9,26.0,0
CUST-2210,Horizon Financial #47,FinTech & Payments,Asia-Pacific,Enterprise,Annual Prepaid,API Data Hub,2025-09-25,2026-06-08,84,39,3166.7,123501.3,8935.59,2,21.1,5,20.6,0
CUST-2211,Zenith Solutions #48,FinTech & Payments,North America,Enterprise,Quarterly,Cloud Infrastructure Pro,2025-11-02,2026-08-03,28,34,5114.14,173880.76,15165.78,3,17.9,3,26.9,1
CUST-2212,Starlight Solutions #49,FinTech & Payments,North America,Mid-Market,Month-to-Month,Enterprise Analytics Suite,2026-02-03,2026-07-28,34,19,2696.85,51240.15,3868.97,4,16.6,3,13.6,0
CUST-2213,Aegis Health #50,FinTech & Payments,Europe (EMEA),Enterprise,Multi-Year,Enterprise Analytics Suite,2024-04-20,2026-07-30,32,41,6968.13,285693.33,23414.58,4,10.4,6,8.2,0
CUST-2214,Novus Solutions #51,E-Commerce & Retail,North America,Enterprise,Multi-Year,AI Decision Platform,2025-09-10,2026-06-07,85,37,5770.27,213499.99,19610.27,2,19.2,4,0.4,0
CUST-2215,Apex Dynamics #52,SaaS & Cloud Software,Asia-Pacific,Growth,Quarterly,API Data Hub,2025-07-02,2026-08-10,21,9,1584.84,14263.56,1074.02,3,21.8,6,15.7,0
CUST-2216,Elevate Networks #53,FinTech & Payments,North America,Growth,Annual Prepaid,AI Decision Platform,2026-01-23,2026-08-30,1,11,1729.45,19023.95,1591.01,2,12.5,6,2.9,0
CUST-2217,Zenith Systems #54,Professional & Legal Services,Europe (EMEA),Mid-Market,Quarterly,Cloud Infrastructure Pro,2026-05-05,2026-08-05,26,16,2396.51,38344.16,3475.4,1,2.6,7,6.6,0
CUST-2218,Crestview Ventures #55,Healthcare IT,North America,Growth,Annual Prepaid,Cloud Infrastructure Pro,2026-01-31,2026-08-10,21,19,1842.07,34999.33,2456.96,1,17.0,5,28.4,0
CUST-2219,Apex Logistics #56,Healthcare IT,North America,Enterprise,Multi-Year,Enterprise Analytics Suite,2026-04-09,2026-08-29,2,36,3031.99,109151.64,8423.69,3,10.0,8,1.3,0
CUST-2220,Nexus Capital #57,FinTech & Payments,North America,Enterprise,Annual Prepaid,AI Decision Platform,2025-08-21,2026-08-21,10,41,3829.99,157029.59,13479.36,2,7.5,7,19.1,0
CUST-2221,Vanguard Health #58,SaaS & Cloud Software,North America,Growth,Quarterly,AI Decision Platform,2025-06-06,2026-08-16,15,17,753.6,12811.2,1100.34,2,7.8,6,29.9,0
CUST-2222,Zenith Global #59,E-Commerce & Retail,North America,Enterprise,Quarterly,Enterprise Analytics Suite,2025-11-05,2026-07-29,33,34,5944.67,202118.78,16827.05,5,6.1,4,4.7,0
CUST-2223,Pulse Ventures #60,SaaS & Cloud Software,Europe (EMEA),Mid-Market,Annual Prepaid,Enterprise Analytics Suite,2026-05-08,2026-08-26,5,22,2596.48,57122.56,4539.98,6,20.6,5,15.5,0
CUST-2224,Pinnacle Capital #61,Professional & Legal Services,North America,Starter,Annual Prepaid,Cloud Infrastructure Pro,2025-07-21,2026-08-30,1,3,650.08,1950.24,125.08,2,3.2,10,15.0,0
CUST-2225,Solstice Financial #62,SaaS & Cloud Software,North America,Mid-Market,Multi-Year,API Data Hub,2025-05-04,2026-07-18,44,19,2528.09,48033.71,3935.38,0,4.9,5,30.7,0
CUST-2226,Vanguard Global #63,FinTech & Payments,Asia-Pacific,Starter,Month-to-Month,Security & Compliance Shield,2025-09-21,2026-05-16,107,4,651.06,2604.24,214.49,1,3.4,4,30.2,1
CUST-2227,Zenith Solutions #64,FinTech & Payments,North America,Enterprise,Annual Prepaid,Enterprise Analytics Suite,2026-05-29,2026-08-04,27,29,5185.3,150373.7,13639.09,2,12.6,9,19.7,0
CUST-2228,Quantum Capital #65,FinTech & Payments,North America,Mid-Market,Annual Prepaid,Security & Compliance Shield,2025-12-28,2026-08-24,7,11,2579.98,28379.78,2406.0,3,14.6,9,24.3,1
CUST-2229,Starlight Health #66,Healthcare IT,North America,Mid-Market,Month-to-Month,API Data Hub,2026-01-04,2026-08-15,16,13,2792.6,36303.8,3296.55,2,8.9,7,2.5,0
CUST-2230,Elevate Systems #67,E-Commerce & Retail,North America,Mid-Market,Annual Prepaid,Enterprise Analytics Suite,2025-11-23,2026-08-27,4,15,2646.42,39696.3,3100.89,5,19.6,6,22.3,0
CUST-2231,Quantum Retail Group #68,Healthcare IT,Asia-Pacific,Mid-Market,Annual Prepaid,AI Decision Platform,2025-03-09,2026-07-25,37,15,4216.89,63253.35,4735.85,5,16.4,5,15.5,0
CUST-2232,Stratum Cloud #69,FinTech & Payments,Europe (EMEA),Growth,Quarterly,AI Decision Platform,2025-11-02,2026-06-26,66,12,1178.7,14144.4,1034.56,0,2.8,6,16.1,0
CUST-2233,Vertex Retail Group #70,FinTech & Payments,Asia-Pacific,Mid-Market,Annual Prepaid,Enterprise Analytics Suite,2026-03-28,2026-08-26,5,17,2697.59,45859.03,4045.06,4,10.2,6,9.5,0
CUST-2234,Synergy Retail Group #71,FinTech & Payments,Asia-Pacific,Mid-Market,Multi-Year,AI Decision Platform,2026-03-27,2026-06-14,78,23,2515.75,57862.25,4269.74,0,8.8,6,9.9,0
CUST-2235,Terra Logistics #72,SaaS & Cloud Software,North America,Enterprise,Quarterly,API Data Hub,2026-01-06,2026-06-08,84,36,5889.46,212020.56,20027.35,5,9.6,1,18.3,1
CUST-2236,Zenith Media #73,FinTech & Payments,Europe (EMEA),Enterprise,Multi-Year,Cloud Infrastructure Pro,2026-06-05,2026-08-19,12,29,5577.49,161747.21,14758.42,2,20.8,7,1.9,0
CUST-2237,Horizon Media #74,SaaS & Cloud Software,Europe (EMEA),Growth,Annual Prepaid,AI Decision Platform,2025-05-25,2026-08-26,5,12,1230.94,14771.28,994.7,1,11.9,4,4.1,0
CUST-2238,Omni Ventures #75,Professional & Legal Services,North America,Growth,Multi-Year,AI Decision Platform,2026-01-15,2026-08-20,11,9,1819.08,16371.72,1331.28,2,4.8,7,3.5,0
CUST-2239,Kinetic Health #76,E-Commerce & Retail,Latin America,Enterprise,Multi-Year,Security & Compliance Shield,2025-10-05,2026-08-21,10,28,4518.51,126518.28,10594.7,3,8.8,7,5.9,0
CUST-2240,Kinetic Dynamics #77,Healthcare IT,North America,Enterprise,Month-to-Month,Cloud Infrastructure Pro,2026-02-19,2026-08-14,17,35,5464.69,191264.15,17705.51,1,19.2,7,7.4,0
CUST-2241,Apex Dynamics #78,FinTech & Payments,North America,Enterprise,Annual Prepaid,Enterprise Analytics Suite,2025-03-02,2026-08-17,14,33,4409.15,145501.95,11436.02,3,17.8,7,8.5,0
CUST-2242,Solstice Media #79,SaaS & Cloud Software,Latin America,Enterprise,Annual Prepaid,Enterprise Analytics Suite,2026-01-31,2026-08-20,11,33,5701.76,188158.08,15931.43,1,16.6,9,4.5,0
CUST-2243,Beacon Ventures #80,SaaS & Cloud Software,North America,Mid-Market,Annual Prepaid,Security & Compliance Shield,2025-05-07,2026-07-27,35,19,2363.71,44910.49,4082.84,2,9.2,5,12.4,0
CUST-2244,Pulse Cloud #81,Professional & Legal Services,North America,Enterprise,Multi-Year,Cloud Infrastructure Pro,2025-07-26,2026-08-16,15,34,4514.13,153480.42,14062.34,3,10.6,10,15.5,0
CUST-2245,Solstice Technologies #82,Professional & Legal Services,Europe (EMEA),Starter,Multi-Year,Enterprise Analytics Suite,2025-04-20,2026-06-29,63,6,805.6,4833.6,327.9,3,5.8,5,8.0,0
CUST-2246,Starlight Media #83,E-Commerce & Retail,North America,Mid-Market,Quarterly,Cloud Infrastructure Pro,2026-04-06,2026-08-02,29,16,2763.49,44215.84,3783.93,7,6.8,5,13.3,0
CUST-2247,Pinnacle Systems #84,Healthcare IT,North America,Starter,Annual Prepaid,API Data Hub,2026-03-19,2026-08-28,3,4,416.61,1666.44,116.52,0,2.5,9,2.3,0
CUST-2248,Novus Systems #85,FinTech & Payments,Asia-Pacific,Mid-Market,Annual Prepaid,AI Decision Platform,2026-04-03,2026-08-18,13,27,2706.31,73070.37,5736.34,2,11.7,3,6.7,0
CUST-2249,Stratum Solutions #86,FinTech & Payments,North America,Mid-Market,Quarterly,Security & Compliance Shield,2025-06-25,2026-07-18,44,27,3171.8,85638.6,6135.3,4,10.7,3,7.7,0
CUST-2250,Horizon Global #87,Professional & Legal Services,Europe (EMEA),Growth,Month-to-Month,AI Decision Platform,2025-12-22,2026-08-30,1,8,966.51,7732.08,623.69,1,9.8,7,1.2,0
CUST-2251,Acro Networks #88,Healthcare IT,Europe (EMEA),Enterprise,Multi-Year,Cloud Infrastructure Pro,2025-08-15,2026-08-25,6,27,4978.08,134408.16,12474.13,6,11.6,6,30.5,0
CUST-2252,Aegis Global #89,Healthcare IT,North America,Mid-Market,Month-to-Month,AI Decision Platform,2025-05-23,2026-07-08,54,12,2010.04,24120.48,1810.4,2,7.9,6,16.2,0
CUST-2253,Vertex Global #90,SaaS & Cloud Software,Asia-Pacific,Mid-Market,Annual Prepaid,Enterprise Analytics Suite,2025-06-23,2026-08-25,6,21,2216.62,46549.02,3309.96,4,5.9,6,20.1,0
CUST-2254,Terra Cloud #91,SaaS & Cloud Software,North America,Mid-Market,Annual Prepaid,Enterprise Analytics Suite,2026-01-21,2026-08-28,3,14,2141.27,29977.78,2380.71,3,4.0,5,7.8,0
CUST-2255,Horizon Labs #92,Healthcare IT,Asia-Pacific,Starter,Annual Prepaid,AI Decision Platform,2025-03-07,2026-08-13,18,10,258.87,2588.7,200.42,2,6.7,7,15.6,0
CUST-2256,Novus Capital #93,Healthcare IT,North America,Growth,Multi-Year,AI Decision Platform,2025-03-13,2026-08-22,9,14,1943.19,27204.66,1972.95,4,6.0,6,19.4,0
CUST-2257,Quantum Networks #94,Healthcare IT,Europe (EMEA),Growth,Quarterly,Cloud Infrastructure Pro,2025-04-29,2026-08-30,1,11,849.5,9344.5,740.61,1,8.9,6,12.4,0
CUST-2258,Novus Systems #95,Professional & Legal Services,Asia-Pacific,Starter,Multi-Year,Enterprise Analytics Suite,2025-08-15,2026-08-21,10,2,260.17,520.34,35.22,2,12.3,6,21.4,0
CUST-2259,Apex Retail Group #96,FinTech & Payments,Europe (EMEA),Growth,Multi-Year,AI Decision Platform,2026-04-27,2026-08-02,29,8,1507.91,12063.28,941.06,1,7.7,5,10.6,0
CUST-2260,Solstice Labs #97,FinTech & Payments,North America,Growth,Annual Prepaid,Enterprise Analytics Suite,2025-07-02,2026-08-03,28,15,863.39,12950.85,925.2,4,14.4,7,20.3,0
CUST-2261,Nexus Retail Group #1,E-Commerce & Retail,Asia-Pacific,Growth,Annual Prepaid,Enterprise Analytics Suite,2026-05-22,2026-08-27,4,11,1503.36,16536.96,1314.49,1,3.9,8,17.9,0
CUST-2262,Quantum Networks #2,Healthcare IT,Asia-Pacific,Growth,Quarterly,Cloud Infrastructure Pro,2025-05-10,2026-08-28,3,10,1157.32,11573.2,835.2,3,11.3,7,6.9,0
CUST-2263,Stratum Systems #3,Healthcare IT,North America,Mid-Market,Annual Prepaid,Enterprise Analytics Suite,2025-08-20,2026-07-01,61,23,3265.1,75097.3,6422.61,5,10.0,4,25.4,0
CUST-2264,Beacon Solutions #4,FinTech & Payments,Asia-Pacific,Growth,Month-to-Month,Enterprise Analytics Suite,2025-09-17,2026-07-13,49,15,1012.15,15182.25,1080.13,3,3.7,7,6.8,1
CUST-2265,Synergy Solutions #5,E-Commerce & Retail,Latin America,Growth,Annual Prepaid,Cloud Infrastructure Pro,2025-12-14,2026-08-15,16,13,1550.21,20152.73,1729.98,3,20.8,8,8.9,0
CUST-2266,Vanguard Dynamics #6,Manufacturing & Logistics,North America,Mid-Market,Quarterly,Security & Compliance Shield,2025-08-06,2026-08-13,18,25,2782.92,69573.0,5477.84,2,3.9,6,12.2,0
CUST-2267,Aegis Systems #7,Healthcare IT,North America,Mid-Market,Month-to-Month,Security & Compliance Shield,2026-01-26,2026-05-30,93,16,3004.42,48070.72,3647.52,4,10.1,7,10.5,0
CUST-2268,CoreLogic Capital #8,Professional & Legal Services,Latin America,Growth,Annual Prepaid,Cloud Infrastructure Pro,2025-12-01,2026-08-06,25,13,867.12,11272.56,796.93,1,11.8,6,4.6,0
CUST-2269,Starlight Cloud #9,FinTech & Payments,North America,Enterprise,Multi-Year,Cloud Infrastructure Pro,2026-01-07,2026-08-13,18,37,6017.94,222663.78,16600.18,4,4.8,7,7.5,0
CUST-2270,Vertex Financial #10,Manufacturing & Logistics,Europe (EMEA),Mid-Market,Month-to-Month,Enterprise Analytics Suite,2025-03-02,2026-07-19,43,16,2667.54,42680.64,3267.02,3,20.1,6,11.6,0
CUST-2271,Horizon Dynamics #11,SaaS & Cloud Software,North America,Starter,Month-to-Month,Enterprise Analytics Suite,2025-12-02,2026-08-16,15,5,699.24,3496.2,237.25,3,10.3,7,6.0,0
CUST-2272,Pinnacle Capital #12,FinTech & Payments,Europe (EMEA),Enterprise,Annual Prepaid,Cloud Infrastructure Pro,2025-09-20,2026-07-22,40,27,3340.81,90201.87,7800.39,3,9.2,4,0.8,0
CUST-2273,Stratum Logistics #13,SaaS & Cloud Software,North America,Mid-Market,Quarterly,AI Decision Platform,2026-03-27,2026-08-03,28,17,2385.72,40557.24,3387.06,3,28.3,7,25.4,0
CUST-2274,Beacon Health #14,Manufacturing & Logistics,Europe (EMEA),Mid-Market,Month-to-Month,Enterprise Analytics Suite,2025-04-11,2026-08-07,24,16,3282.39,52518.24,3838.95,3,11.2,8,7.7,0
CUST-2275,Nexus Global #15,E-Commerce & Retail,Europe (EMEA),Mid-Market,Annual Prepaid,AI Decision Platform,2026-02-28,2026-07-09,53,18,1777.6,31996.8,2357.09,2,7.2,5,23.0,0
CUST-2276,Horizon Systems #16,SaaS & Cloud Software,North America,Starter,Annual Prepaid,AI Decision Platform,2025-09-25,2026-08-09,22,7,758.58,5310.06,386.81,3,14.9,8,9.8,0
CUST-2277,Prism Retail Group #17,SaaS & Cloud Software,North America,Growth,Annual Prepaid,Cloud Infrastructure Pro,2025-02-18,2026-08-27,4,14,1123.8,15733.2,1093.48,5,7.1,8,42.6,0
CUST-2278,CoreLogic Global #18,SaaS & Cloud Software,Europe (EMEA),Growth,Annual Prepaid,API Data Hub,2026-03-23,2026-07-20,42,8,1120.31,8962.48,778.25,0,3.9,6,15.9,0
CUST-2279,Terra Health #19,E-Commerce & Retail,Europe (EMEA),Mid-Market,Multi-Year,Cloud Infrastructure Pro,2024-11-05,2026-08-29,2,14,2213.05,30982.7,2359.5,4,7.4,5,4.7,0
CUST-2280,Prism Media #20,SaaS & Cloud Software,Asia-Pacific,Mid-Market,Multi-Year,API Data Hub,2025-10-25,2026-08-19,12,19,2121.47,40307.93,3276.75,3,19.0,5,18.2,0
CUST-2281,Vertex Health #21,FinTech & Payments,Europe (EMEA),Enterprise,Quarterly,API Data Hub,2025-10-13,2026-08-11,20,30,6151.64,184549.2,16869.13,6,12.3,4,13.4,0
CUST-2282,Novus Logistics #22,FinTech & Payments,Europe (EMEA),Mid-Market,Quarterly,Enterprise Analytics Suite,2026-03-06,2026-07-23,39,19,3489.67,66303.73,5707.69,5,7.8,4,8.5,0
CUST-2283,Solstice Labs #23,SaaS & Cloud Software,North America,Mid-Market,Month-to-Month,Security & Compliance Shield,2026-02-26,2026-08-17,14,25,3012.23,75305.75,5410.35,4,7.4,4,23.9,1
CUST-2284,Pulse Systems #24,Healthcare IT,Asia-Pacific,Mid-Market,Month-to-Month,Cloud Infrastructure Pro,2025-11-08,2026-06-06,86,19,1427.05,27113.95,2396.51,3,28.6,3,22.4,1
CUST-2285,Stratum Ventures #25,SaaS & Cloud Software,Latin America,Growth,Month-to-Month,Enterprise Analytics Suite,2026-05-12,2026-08-12,19,12,1339.47,16073.64,1246.68,0,12.8,7,28.6,0
CUST-2286,Zenith Networks #26,SaaS & Cloud Software,North America,Enterprise,Multi-Year,Enterprise Analytics Suite,2025-11-12,2026-08-19,12,30,5465.64,163969.2,15402.36,3,13.7,6,12.7,0
CUST-2287,Novus Solutions #27,Professional & Legal Services,Europe (EMEA),Growth,Annual Prepaid,Enterprise Analytics Suite,2025-10-06,2026-08-30,1,11,1594.81,17542.91,1324.99,1,7.7,7,17.3,0
CUST-2288,Kinetic Ventures #28,Healthcare IT,North America,Growth,Annual Prepaid,API Data Hub,2025-06-20,2026-08-19,12,9,1519.1,13671.9,1086.33,3,5.5,7,16.5,0
CUST-2289,Starlight Technologies #29,Manufacturing & Logistics,North America,Mid-Market,Annual Prepaid,Security & Compliance Shield,2025-09-19,2026-07-28,34,26,3290.49,85552.74,7048.93,4,3.0,5,8.8,0
CUST-2290,Apex Networks #30,SaaS & Cloud Software,North America,Growth,Annual Prepaid,Enterprise Analytics Suite,2026-02-19,2026-08-08,23,15,1300.17,19502.55,1543.51,1,8.1,8,4.3,0
CUST-2291,Terra Labs #31,FinTech & Payments,Asia-Pacific,Mid-Market,Annual Prepaid,AI Decision Platform,2026-02-21,2026-08-25,6,24,2327.33,55855.92,4725.61,3,16.2,8,4.5,0
CUST-2292,Omni Media #32,Healthcare IT,Europe (EMEA),Growth,Annual Prepaid,AI Decision Platform,2026-03-10,2026-08-28,3,8,1227.18,9817.44,737.14,1,7.6,9,33.5,0
CUST-2293,Horizon Financial #33,Professional & Legal Services,Europe (EMEA),Mid-Market,Annual Prepaid,Cloud Infrastructure Pro,2025-10-23,2026-08-27,4,16,2466.18,39458.88,3143.37,5,8.0,3,47.1,0
CUST-2294,Elevate Ventures #34,SaaS & Cloud Software,Europe (EMEA),Starter,Annual Prepaid,Enterprise Analytics Suite,2025-05-04,2026-08-10,21,3,772.51,2317.53,160.06,2,19.3,7,6.9,0
CUST-2295,Acro Networks #35,SaaS & Cloud Software,Europe (EMEA),Growth,Annual Prepaid,Enterprise Analytics Suite,2026-03-22,2026-08-28,3,17,1399.88,23797.96,1884.33,1,15.3,6,5.2,0
CUST-2296,Vertex Dynamics #36,E-Commerce & Retail,North America,Growth,Annual Prepaid,Enterprise Analytics Suite,2025-11-26,2026-08-30,1,7,1512.3,10586.1,828.23,1,14.6,8,17.2,0
CUST-2297,Crestview Retail Group #37,E-Commerce & Retail,North America,Growth,Quarterly,Enterprise Analytics Suite,2026-06-22,2026-08-24,7,10,593.09,5930.9,437.8,2,11.5,7,15.4,0
CUST-2298,Prism Cloud #38,SaaS & Cloud Software,North America,Mid-Market,Annual Prepaid,Cloud Infrastructure Pro,2025-10-25,2026-08-27,4,14,2700.98,37813.72,2936.64,3,9.0,7,2.9,0
CUST-2299,Prism Ventures #39,Healthcare IT,Europe (EMEA),Enterprise,Annual Prepaid,API Data Hub,2025-09-04,2026-07-12,50,36,4111.08,147998.88,11287.94,5,12.9,5,27.3,1
CUST-2300,Nexus Health #40,SaaS & Cloud Software,North America,Enterprise,Annual Prepaid,Enterprise Analytics Suite,2025-04-23,2026-05-10,113,26,6384.04,165985.04,12488.85,3,12.7,7,10.2,0
CUST-2301,Beacon Networks #41,Manufacturing & Logistics,North America,Enterprise,Annual Prepaid,Enterprise Analytics Suite,2026-03-22,2026-08-03,28,22,5882.13,129406.86,9649.49,0,2.5,6,11.6,0
CUST-2302,Acro Logistics #42,SaaS & Cloud Software,Asia-Pacific,Mid-Market,Multi-Year,AI Decision Platform,2025-09-12,2026-08-26,5,28,1187.82,33258.96,2690.35,0,9.8,8,19.8,0
CUST-2303,Horizon Financial #43,E-Commerce & Retail,Asia-Pacific,Mid-Market,Quarterly,Enterprise Analytics Suite,2025-10-13,2026-07-12,50,10,2763.7,27637.0,2166.36,4,8.6,2,18.1,0
CUST-2304,Horizon Media #44,FinTech & Payments,Latin America,Starter,Multi-Year,Cloud Infrastructure Pro,2026-05-29,2026-08-08,23,9,617.28,5555.52,399.31,1,7.9,5,16.2,0
CUST-2305,CoreLogic Ventures #45,FinTech & Payments,North America,Mid-Market,Annual Prepaid,API Data Hub,2026-01-14,2026-08-19,12,17,2058.36,34992.12,3000.07,0,5.8,8,22.9,0
CUST-2306,Quantum Labs #46,Professional & Legal Services,Europe (EMEA),Enterprise,Annual Prepaid,Enterprise Analytics Suite,2025-12-12,2026-08-13,18,32,5315.51,170096.32,13254.5,2,10.5,7,27.4,0
CUST-2307,Omni Retail Group #47,FinTech & Payments,Europe (EMEA),Mid-Market,Quarterly,Cloud Infrastructure Pro,2024-11-02,2026-07-27,35,26,2049.46,53285.96,4108.12,2,31.7,5,32.2,0
CUST-2308,Elevate Logistics #48,Professional & Legal Services,Asia-Pacific,Mid-Market,Annual Prepaid,AI Decision Platform,2024-08-11,2026-08-26,5,19,3250.95,61768.05,5243.85,3,8.1,7,8.4,0
CUST-2309,Acro Technologies #49,Manufacturing & Logistics,North America,Mid-Market,Annual Prepaid,AI Decision Platform,2025-07-27,2026-08-22,9,16,1801.1,28817.6,2138.58,4,33.6,6,2.5,0
CUST-2310,Solstice Health #50,Healthcare IT,Latin America,Enterprise,Annual Prepaid,Cloud Infrastructure Pro,2024-12-31,2026-08-03,28,36,3257.31,117263.16,8975.66,3,18.6,6,17.9,0
CUST-2311,Synergy Financial #51,FinTech & Payments,North America,Enterprise,Annual Prepaid,Enterprise Analytics Suite,2025-11-08,2026-08-17,14,27,5715.54,154319.58,12248.11,3,21.6,5,11.3,0
CUST-2312,Elevate Cloud #52,E-Commerce & Retail,Latin America,Mid-Market,Multi-Year,Enterprise Analytics Suite,2026-02-05,2026-08-17,14,16,2346.41,37542.56,3203.28,2,18.6,6,23.1,0
CUST-2313,Terra Cloud #53,SaaS & Cloud Software,Latin America,Growth,Month-to-Month,Cloud Infrastructure Pro,2026-03-08,2026-07-07,55,13,970.16,12612.08,854.22,3,11.7,5,9.6,1
CUST-2314,Crestview Retail Group #54,E-Commerce & Retail,North America,Enterprise,Annual Prepaid,Enterprise Analytics Suite,2026-03-31,2026-08-25,6,42,5052.83,212218.86,20250.37,4,19.0,8,8.1,0
CUST-2315,Quantum Health #55,SaaS & Cloud Software,Asia-Pacific,Enterprise,Month-to-Month,Enterprise Analytics Suite,2025-05-27,2026-07-23,39,32,7055.52,225776.64,20708.27,2,5.2,8,6.9,0
CUST-2316,Quantum Capital #56,SaaS & Cloud Software,Latin America,Growth,Multi-Year,API Data Hub,2025-09-13,2026-08-03,28,9,1281.72,11535.48,799.13,2,16.1,5,28.5,0
CUST-2317,Synergy Retail Group #57,Manufacturing & Logistics,North America,Mid-Market,Annual Prepaid,Enterprise Analytics Suite,2025-12-09,2026-08-28,3,18,2626.25,47272.5,4120.63,2,4.2,8,26.5,0
CUST-2318,Terra Technologies #58,FinTech & Payments,Asia-Pacific,Mid-Market,Multi-Year,AI Decision Platform,2026-04-04,2026-08-18,13,13,2447.47,31817.11,2267.3,2,5.6,4,8.6,0
CUST-2319,Kinetic Networks #59,FinTech & Payments,North America,Growth,Multi-Year,AI Decision Platform,2024-08-23,2026-08-19,12,14,1253.3,17546.2,1422.3,6,16.6,5,5.3,0
CUST-2320,Zenith Retail Group #60,Professional & Legal Services,Europe (EMEA),Enterprise,Multi-Year,AI Decision Platform,2025-10-25,2026-08-04,27,36,4621.02,166356.72,14955.06,4,9.6,5,29.5,0
CUST-2321,Synergy Dynamics #61,Healthcare IT,Asia-Pacific,Mid-Market,Month-to-Month,Cloud Infrastructure Pro,2025-03-27,2026-07-04,58,23,2220.25,51065.75,4545.05,1,18.6,6,26.7,0
CUST-2322,Apex Networks #62,FinTech & Payments,Europe (EMEA),Starter,Quarterly,Enterprise Analytics Suite,2026-02-17,2026-08-17,14,6,413.39,2480.34,182.11,1,9.8,7,7.8,0
CUST-2323,Acro Solutions #63,Professional & Legal Services,Europe (EMEA),Mid-Market,Annual Prepaid,Enterprise Analytics Suite,2025-10-01,2026-07-25,37,18,4113.5,74043.0,6465.7,5,29.2,3,15.7,0
CUST-2324,Beacon Financial #64,E-Commerce & Retail,North America,Mid-Market,Annual Prepaid,Cloud Infrastructure Pro,2025-03-03,2026-07-25,37,24,2600.73,62417.52,5556.1,2,11.3,6,6.0,0
CUST-2325,CoreLogic Dynamics #65,Manufacturing & Logistics,North America,Mid-Market,Multi-Year,Cloud Infrastructure Pro,2025-05-24,2026-08-02,29,15,2531.71,37975.65,3326.21,1,4.8,7,17.8,0
CUST-2326,Novus Financial #66,FinTech & Payments,Latin America,Starter,Month-to-Month,Cloud Infrastructure Pro,2025-06-04,2026-07-19,43,7,497.73,3484.11,251.57,1,33.0,5,1.5,1
CUST-2327,Aegis Labs #67,SaaS & Cloud Software,Europe (EMEA),Starter,Annual Prepaid,Cloud Infrastructure Pro,2025-10-14,2026-08-19,12,5,525.08,2625.4,201.14,1,10.9,5,12.4,0
CUST-2328,Acro Cloud #68,E-Commerce & Retail,North America,Growth,Month-to-Month,Security & Compliance Shield,2025-08-27,2026-06-20,72,17,856.21,14555.57,1265.53,6,14.8,5,17.3,1
CUST-2329,Vanguard Solutions #69,Healthcare IT,Europe (EMEA),Starter,Multi-Year,AI Decision Platform,2026-04-23,2026-07-17,45,11,285.82,3144.02,224.8,1,7.5,5,3.2,0
CUST-2330,Quantum Capital #70,FinTech & Payments,Asia-Pacific,Growth,Annual Prepaid,Enterprise Analytics Suite,2025-06-13,2026-08-20,11,11,1583.79,17421.69,1346.57,2,2.5,7,10.6,0
CUST-2331,Synergy Solutions #71,SaaS & Cloud Software,Europe (EMEA),Mid-Market,Quarterly,Cloud Infrastructure Pro,2025-09-06,2026-08-27,4,21,2302.05,48343.05,3732.57,4,6.4,5,12.1,0
CUST-2332,Synergy Solutions #72,FinTech & Payments,North America,Enterprise,Month-to-Month,Enterprise Analytics Suite,2025-12-11,2026-08-12,19,36,4919.11,177087.96,16037.45,6,16.1,4,20.9,0
CUST-2333,Stratum Media #73,Professional & Legal Services,Europe (EMEA),Mid-Market,Quarterly,Enterprise Analytics Suite,2026-02-28,2026-08-04,27,14,2090.01,29260.14,2586.36,4,5.7,7,16.6,0
CUST-2334,Novus Technologies #74,SaaS & Cloud Software,Europe (EMEA),Mid-Market,Annual Prepaid,API Data Hub,2025-12-26,2026-06-18,74,17,3022.53,51383.01,4022.37,0,4.2,5,11.9,0
CUST-2335,Solstice Health #75,FinTech & Payments,North America,Mid-Market,Multi-Year,Cloud Infrastructure Pro,2024-11-23,2026-08-04,27,14,2887.54,40425.56,3570.46,4,5.6,5,16.4,0
CUST-2336,Pulse Media #76,SaaS & Cloud Software,Europe (EMEA),Growth,Month-to-Month,Enterprise Analytics Suite,2025-08-17,2026-08-27,4,10,1266.12,12661.2,976.91,3,21.0,5,28.8,0
CUST-2337,Zenith Financial #77,Healthcare IT,North America,Starter,Annual Prepaid,AI Decision Platform,2025-12-18,2026-08-14,17,5,528.44,2642.2,215.86,0,9.7,8,17.8,0
CUST-2338,Terra Networks #78,Healthcare IT,Europe (EMEA),Enterprise,Annual Prepaid,Cloud Infrastructure Pro,2026-03-29,2026-07-15,47,29,6396.75,185505.75,14466.89,4,3.3,6,23.2,0
CUST-2339,Vertex Financial #79,Professional & Legal Services,North America,Mid-Market,Annual Prepaid,AI Decision Platform,2026-06-29,2026-07-19,43,23,2551.47,58683.81,4856.37,3,19.3,4,22.4,0
CUST-2340,Aegis Technologies #80,FinTech & Payments,Europe (EMEA),Growth,Month-to-Month,Enterprise Analytics Suite,2026-02-21,2026-08-11,20,7,1550.61,10854.27,781.19,1,12.8,5,22.0,1
CUST-2341,CoreLogic Solutions #81,FinTech & Payments,Europe (EMEA),Mid-Market,Annual Prepaid,AI Decision Platform,2025-06-13,2026-08-13,18,18,1359.64,24473.52,2089.98,5,19.9,6,18.3,0
CUST-2342,Novus Logistics #82,FinTech & Payments,North America,Enterprise,Month-to-Month,AI Decision Platform,2026-02-24,2026-08-10,21,31,8019.28,248597.68,18230.52,2,14.0,7,21.6,1
CUST-2343,Novus Systems #83,SaaS & Cloud Software,Asia-Pacific,Growth,Annual Prepaid,AI Decision Platform,2025-11-18,2026-08-27,4,9,1413.68,12723.12,1097.22,1,3.7,7,39.9,0
CUST-2344,Vertex Labs #84,SaaS & Cloud Software,North America,Growth,Annual Prepaid,AI Decision Platform,2025-10-04,2026-08-30,1,13,1253.13,16290.69,1117.79,1,13.7,5,5.3,0
CUST-2345,Apex Media #85,SaaS & Cloud Software,Europe (EMEA),Growth,Annual Prepaid,Enterprise Analytics Suite,2025-08-22,2026-07-21,41,10,912.15,9121.5,678.36,0,4.5,6,22.7,0
CUST-2346,Kinetic Dynamics #86,E-Commerce & Retail,Asia-Pacific,Growth,Month-to-Month,Cloud Infrastructure Pro,2025-12-26,2026-08-30,1,10,1044.34,10443.4,842.38,2,16.4,8,5.8,0
CUST-2347,Prism Financial #87,Manufacturing & Logistics,North America,Enterprise,Quarterly,Enterprise Analytics Suite,2026-02-11,2026-08-19,12,30,5361.45,160843.5,12717.89,3,11.9,6,28.0,0
CUST-2348,Elevate Dynamics #88,SaaS & Cloud Software,Europe (EMEA),Growth,Multi-Year,Security & Compliance Shield,2026-01-08,2026-08-28,3,13,1660.5,21586.5,1618.68,1,11.5,9,2.7,0
CUST-2349,Zenith Networks #89,SaaS & Cloud Software,Europe (EMEA),Mid-Market,Multi-Year,AI Decision Platform,2025-02-21,2026-08-29,2,21,2796.75,58731.75,5161.77,1,13.0,8,23.7,0
CUST-2350,Vertex Capital #90,Professional & Legal Services,Asia-Pacific,Growth,Quarterly,Security & Compliance Shield,2025-12-03,2026-08-09,22,18,1481.79,26672.22,1949.45,1,21.3,4,23.2,0
CUST-2351,Horizon Systems #91,FinTech & Payments,Europe (EMEA),Starter,Month-to-Month,Enterprise Analytics Suite,2024-12-29,2026-07-01,61,5,606.24,3031.2,248.28,1,7.5,7,4.3,0
CUST-2352,Elevate Cloud #92,SaaS & Cloud Software,North America,Growth,Quarterly,Cloud Infrastructure Pro,2026-05-19,2026-08-11,20,13,1298.37,16878.81,1163.67,4,13.7,6,15.7,1
CUST-2353,Terra Financial #93,SaaS & Cloud Software,North America,Growth,Month-to-Month,AI Decision Platform,2026-04-20,2026-07-29,33,12,1628.47,19541.64,1501.42,2,8.0,5,5.9,0
CUST-2354,Novus Media #94,E-Commerce & Retail,North America,Starter,Annual Prepaid,AI Decision Platform,2025-07-31,2026-08-27,4,5,372.81,1864.05,136.77,2,32.9,7,1.4,0
CUST-2355,Kinetic Logistics #95,SaaS & Cloud Software,Asia-Pacific,Enterprise,Annual Prepaid,AI Decision Platform,2026-06-05,2026-08-15,16,34,5125.31,174260.54,15543.88,7,16.1,3,11.7,0
CUST-2356,Elevate Health #96,SaaS & Cloud Software,Europe (EMEA),Starter,Multi-Year,Security & Compliance Shield,2025-06-28,2026-08-21,10,4,364.31,1457.24,101.41,0,7.6,7,10.9,0
CUST-2357,Novus Retail Group #97,Healthcare IT,North America,Enterprise,Annual Prepaid,AI Decision Platform,2025-11-13,2026-07-04,58,32,5150.51,164816.32,14614.97,7,18.0,2,23.7,0
CUST-2358,Novus Financial #1,SaaS & Cloud Software,North America,Enterprise,Month-to-Month,Enterprise Analytics Suite,2025-11-05,2026-03-04,180,27,4516.41,121943.07,10955.85,7,6.7,1,24.0,1
CUST-2359,Zenith Logistics #2,E-Commerce & Retail,Asia-Pacific,Mid-Market,Quarterly,API Data Hub,2025-12-16,2026-08-23,8,19,2484.72,47209.68,4204.76,2,14.8,7,21.9,0
CUST-2360,Horizon Financial #3,Manufacturing & Logistics,Europe (EMEA),Growth,Multi-Year,Enterprise Analytics Suite,2026-05-25,2026-08-24,7,12,1181.42,14177.04,1021.67,5,8.3,6,19.0,0
CUST-2361,Acro Dynamics #4,Professional & Legal Services,Asia-Pacific,Growth,Annual Prepaid,API Data Hub,2025-09-19,2026-08-22,9,15,791.41,11871.15,838.74,3,20.3,7,14.7,0
CUST-2362,Starlight Health #5,SaaS & Cloud Software,Europe (EMEA),Mid-Market,Annual Prepaid,Cloud Infrastructure Pro,2026-04-06,2026-08-15,16,20,2177.87,43557.4,3930.44,2,17.6,7,6.4,0
CUST-2363,Apex Ventures #6,SaaS & Cloud Software,North America,Enterprise,Annual Prepaid,AI Decision Platform,2025-09-23,2026-08-22,9,30,3410.46,102313.8,8251.32,5,7.9,4,16.3,0
CUST-2364,Omni Solutions #7,E-Commerce & Retail,North America,Mid-Market,Multi-Year,Security & Compliance Shield,2025-11-28,2026-08-28,3,14,2589.79,36257.06,2874.94,3,7.9,3,15.4,0
CUST-2365,Novus Health #8,FinTech & Payments,Europe (EMEA),Growth,Annual Prepaid,Enterprise Analytics Suite,2025-11-26,2026-08-23,8,13,1697.14,22062.82,1511.9,3,19.8,7,6.6,0
CUST-2366,Novus Networks #9,Healthcare IT,North America,Enterprise,Annual Prepaid,Enterprise Analytics Suite,2025-09-13,2026-08-23,8,42,5374.42,225725.64,21584.09,4,12.9,7,16.2,0
CUST-2367,Solstice Networks #10,Healthcare IT,North America,Enterprise,Annual Prepaid,Enterprise Analytics Suite,2025-12-15,2026-08-27,4,29,5138.8,149025.2,13864.5,7,12.6,3,2.9,0
CUST-2368,Zenith Technologies #11,Healthcare IT,North America,Enterprise,Annual Prepaid,AI Decision Platform,2026-01-01,2026-08-30,1,24,4272.44,102538.56,8645.96,3,26.3,6,13.3,1
CUST-2369,Solstice Financial #12,Manufacturing & Logistics,Asia-Pacific,Mid-Market,Quarterly,API Data Hub,2025-05-30,2026-08-18,13,20,2808.89,56177.8,5134.41,1,12.4,10,4.1,0
CUST-2370,Omni Capital #13,E-Commerce & Retail,Europe (EMEA),Growth,Quarterly,API Data Hub,2026-04-07,2026-05-16,107,12,1391.07,16692.84,1266.19,1,15.3,5,3.2,0
CUST-2371,Beacon Labs #14,Manufacturing & Logistics,North America,Mid-Market,Quarterly,Enterprise Analytics Suite,2025-05-17,2026-08-17,14,20,1440.1,28802.0,2103.75,2,17.8,8,4.9,0
CUST-2372,Kinetic Cloud #15,SaaS & Cloud Software,North America,Growth,Annual Prepaid,Cloud Infrastructure Pro,2026-04-10,2026-08-03,28,7,1542.37,10796.59,799.54,6,6.3,6,32.1,0
CUST-2373,Apex Solutions #16,Healthcare IT,Asia-Pacific,Enterprise,Month-to-Month,AI Decision Platform,2025-11-09,2026-08-01,30,35,6677.57,233714.95,18158.5,6,18.5,6,7.4,1
CUST-2374,Zenith Technologies #17,Healthcare IT,North America,Growth,Annual Prepaid,Cloud Infrastructure Pro,2025-05-08,2026-08-20,11,6,1380.02,8280.12,717.32,2,16.4,7,30.5,0
CUST-2375,Aegis Ventures #18,SaaS & Cloud Software,North America,Enterprise,Annual Prepaid,Cloud Infrastructure Pro,2025-10-31,2026-08-16,15,25,4822.86,120571.5,10891.5,5,13.9,7,23.9,0
CUST-2376,Crestview Health #19,Healthcare IT,Europe (EMEA),Enterprise,Quarterly,API Data Hub,2025-08-25,2026-07-21,41,29,4374.07,126848.03,9273.98,2,14.0,7,20.2,0
CUST-2377,Terra Dynamics #20,Healthcare IT,Asia-Pacific,Enterprise,Annual Prepaid,Enterprise Analytics Suite,2025-03-01,2026-08-26,5,43,6781.91,291622.13,27467.91,4,4.3,6,26.7,0
CUST-2378,Vanguard Labs #21,FinTech & Payments,Europe (EMEA),Mid-Market,Annual Prepaid,AI Decision Platform,2025-10-25,2026-07-27,35,22,3305.84,72728.48,5402.0,2,4.3,7,26.1,0
CUST-2379,Stratum Global #22,FinTech & Payments,North America,Starter,Annual Prepaid,Enterprise Analytics Suite,2026-04-03,2026-08-21,10,6,543.6,3261.6,259.79,3,14.0,6,34.0,0
CUST-2380,Quantum Capital #23,SaaS & Cloud Software,North America,Starter,Month-to-Month,AI Decision Platform,2026-03-19,2026-07-09,53,5,511.54,2557.7,164.86,4,12.8,6,31.1,1
CUST-2381,Nexus Health #24,Professional & Legal Services,North America,Mid-Market,Multi-Year,Enterprise Analytics Suite,2025-05-28,2026-08-22,9,12,3222.47,38669.64,3245.2,3,10.7,5,12.6,0
CUST-2382,Solstice Technologies #25,E-Commerce & Retail,Europe (EMEA),Starter,Multi-Year,Cloud Infrastructure Pro,2025-05-21,2026-08-21,10,4,619.71,2478.84,184.14,1,6.6,5,34.9,0
CUST-2383,Vanguard Logistics #26,SaaS & Cloud Software,Europe (EMEA),Mid-Market,Month-to-Month,Cloud Infrastructure Pro,2026-03-20,2026-08-15,16,19,3518.25,66846.75,5699.98,5,5.7,4,18.3,0
CUST-2384,Aegis Labs #27,SaaS & Cloud Software,North America,Mid-Market,Annual Prepaid,Enterprise Analytics Suite,2026-04-18,2026-07-14,48,25,2228.02,55700.5,4761.8,2,4.0,4,17.7,0
CUST-2385,Vanguard Dynamics #28,E-Commerce & Retail,Europe (EMEA),Growth,Month-to-Month,API Data Hub,2026-01-31,2026-07-19,43,9,619.31,5573.79,383.5,2,6.9,6,21.8,1
CUST-2386,CoreLogic Ventures #29,FinTech & Payments,Europe (EMEA),Growth,Annual Prepaid,Security & Compliance Shield,2025-11-15,2026-07-25,37,10,1210.83,12108.3,808.88,2,8.5,6,2.5,0
CUST-2387,Stratum Networks #30,FinTech & Payments,Europe (EMEA),Growth,Multi-Year,Cloud Infrastructure Pro,2025-08-28,2026-07-10,52,14,1668.14,23353.96,2011.67,3,12.1,4,25.8,0
CUST-2388,Nexus Health #31,Healthcare IT,North America,Starter,Month-to-Month,API Data Hub,2025-12-21,2026-08-01,30,3,665.41,1996.23,136.21,1,3.6,7,1.5,0
CUST-2389,Apex Ventures #32,FinTech & Payments,Europe (EMEA),Starter,Annual Prepaid,Enterprise Analytics Suite,2026-04-03,2026-08-29,2,4,637.05,2548.2,167.53,1,8.3,7,17.4,0
CUST-2390,Stratum Solutions #33,Professional & Legal Services,North America,Mid-Market,Month-to-Month,Enterprise Analytics Suite,2025-11-26,2026-08-25,6,22,2380.96,52381.12,4292.75,3,11.0,7,8.4,0
CUST-2391,Pulse Capital #34,SaaS & Cloud Software,North America,Mid-Market,Multi-Year,Cloud Infrastructure Pro,2026-03-24,2026-07-18,44,14,1051.2,14716.8,1077.19,2,6.4,4,9.7,0
CUST-2392,Vertex Dynamics #35,SaaS & Cloud Software,Europe (EMEA),Growth,Quarterly,AI Decision Platform,2026-04-10,2026-08-25,6,9,1464.72,13182.48,932.99,3,8.9,6,20.7,0
CUST-2393,Elevate Retail Group #36,FinTech & Payments,Asia-Pacific,Growth,Month-to-Month,Cloud Infrastructure Pro,2025-12-01,2026-08-05,26,13,1435.64,18663.32,1276.18,1,5.4,5,13.6,0
CUST-2394,Vanguard Logistics #37,FinTech & Payments,North America,Mid-Market,Multi-Year,Enterprise Analytics Suite,2026-02-09,2026-08-13,18,24,3383.65,81207.6,6066.25,4,10.6,5,2.6,0
CUST-2395,Kinetic Dynamics #38,FinTech & Payments,North America,Starter,Annual Prepaid,Security & Compliance Shield,2026-04-18,2026-08-30,1,4,535.54,2142.16,164.05,2,15.5,6,23.1,0
CUST-2396,Vanguard Health #39,FinTech & Payments,Europe (EMEA),Starter,Month-to-Month,AI Decision Platform,2025-07-14,2026-08-24,7,6,404.49,2426.94,170.36,4,10.8,6,19.8,1
CUST-2397,Horizon Health #40,Manufacturing & Logistics,North America,Growth,Month-to-Month,API Data Hub,2024-05-27,2026-07-02,60,10,1313.5,13135.0,1007.36,2,5.6,8,3.4,0
CUST-2398,Kinetic Technologies #41,Healthcare IT,North America,Growth,Multi-Year,Enterprise Analytics Suite,2025-11-05,2026-08-30,1,9,1347.76,12129.84,1056.86,3,9.7,4,7.6,0
CUST-2399,Acro Networks #42,E-Commerce & Retail,North America,Growth,Annual Prepaid,Security & Compliance Shield,2026-05-24,2026-08-22,9,7,1606.35,11244.45,885.27,1,9.5,7,8.8,0
CUST-2400,Acro Logistics #43,Healthcare IT,Latin America,Mid-Market,Multi-Year,Cloud Infrastructure Pro,2026-01-12,2026-08-29,2,16,2491.32,39861.12,3208.19,0,8.9,8,22.1,0
CUST-2401,CoreLogic Networks #44,FinTech & Payments,Europe (EMEA),Growth,Annual Prepaid,Security & Compliance Shield,2026-01-02,2026-08-15,16,10,801.23,8012.3,611.79,2,9.5,6,10.0,0
CUST-2402,Prism Cloud #45,E-Commerce & Retail,Asia-Pacific,Enterprise,Multi-Year,Cloud Infrastructure Pro,2026-03-27,2026-08-04,27,45,5947.44,267634.8,22889.79,2,10.5,7,8.0,0
CUST-2403,Stratum Systems #46,SaaS & Cloud Software,North America,Enterprise,Annual Prepaid,AI Decision Platform,2026-03-15,2026-05-30,93,32,5393.39,172588.48,16281.2,4,5.6,3,28.4,1
CUST-2404,Starlight Networks #47,FinTech & Payments,Europe (EMEA),Growth,Annual Prepaid,Cloud Infrastructure Pro,2026-03-08,2026-08-09,22,15,1805.39,27080.85,2139.84,2,19.1,5,11.1,0
CUST-2405,Starlight Labs #48,Healthcare IT,North America,Enterprise,Quarterly,AI Decision Platform,2026-02-05,2026-08-17,14,35,5248.19,183686.65,15251.53,4,13.9,6,11.6,0
CUST-2406,Solstice Logistics #49,Healthcare IT,Latin America,Starter,Month-to-Month,AI Decision Platform,2026-04-19,2026-08-16,15,4,472.66,1890.64,121.07,3,8.0,6,10.5,0
CUST-2407,CoreLogic Media #50,SaaS & Cloud Software,North America,Mid-Market,Annual Prepaid,API Data Hub,2026-05-29,2026-08-23,8,16,1825.34,29205.44,2642.23,1,5.5,8,10.8,0
CUST-2408,Zenith Capital #51,FinTech & Payments,North America,Mid-Market,Multi-Year,Enterprise Analytics Suite,2025-04-11,2026-08-28,3,26,3079.29,80061.54,7064.49,5,21.5,3,16.1,0
CUST-2409,Novus Financial #52,Healthcare IT,Europe (EMEA),Growth,Multi-Year,Security & Compliance Shield,2025-07-09,2026-08-28,3,14,1292.03,18088.42,1532.31,2,10.0,5,14.4,0
CUST-2410,Prism Global #53,SaaS & Cloud Software,Asia-Pacific,Starter,Month-to-Month,API Data Hub,2026-04-23,2026-07-20,42,4,665.06,2660.24,182.51,2,9.6,5,27.7,0
CUST-2411,Pinnacle Logistics #54,SaaS & Cloud Software,Europe (EMEA),Growth,Annual Prepaid,Security & Compliance Shield,2025-10-02,2026-07-25,37,11,1298.15,14279.65,1055.02,2,20.8,8,23.3,0
CUST-2412,Aegis Logistics #55,SaaS & Cloud Software,North America,Enterprise,Quarterly,Cloud Infrastructure Pro,2026-02-07,2026-07-09,53,37,4239.68,156868.16,11284.03,5,6.0,3,25.7,0
CUST-2413,Prism Retail Group #56,Healthcare IT,Europe (EMEA),Growth,Annual Prepaid,AI Decision Platform,2026-03-07,2026-07-27,35,14,1133.26,15865.64,1104.27,4,12.1,6,8.5,0
CUST-2414,Kinetic Retail Group #57,E-Commerce & Retail,North America,Growth,Quarterly,Enterprise Analytics Suite,2025-12-09,2026-08-10,21,13,1660.1,21581.3,1452.34,3,19.3,6,5.0,0
CUST-2415,Pulse Health #58,FinTech & Payments,North America,Mid-Market,Multi-Year,AI Decision Platform,2026-05-11,2026-08-23,8,12,1425.15,17101.8,1409.23,1,5.2,6,7.8,0
CUST-2416,Crestview Technologies #59,FinTech & Payments,Asia-Pacific,Starter,Annual Prepaid,Enterprise Analytics Suite,2025-09-01,2026-08-21,10,5,484.49,2422.45,157.06,2,10.3,6,17.9,0
CUST-2417,Aegis Dynamics #60,E-Commerce & Retail,North America,Mid-Market,Month-to-Month,AI Decision Platform,2024-12-29,2026-08-12,19,20,2308.95,46179.0,3815.21,0,2.0,5,17.9,0
CUST-2418,Crestview Systems #61,SaaS & Cloud Software,Europe (EMEA),Mid-Market,Annual Prepaid,AI Decision Platform,2026-01-20,2026-08-30,1,19,2448.75,46526.25,3791.69,5,6.3,8,16.2,0
CUST-2419,Elevate Systems #62,FinTech & Payments,North America,Mid-Market,Annual Prepaid,API Data Hub,2025-08-29,2026-08-22,9,20,2876.35,57527.0,4234.64,6,21.2,5,12.6,0
CUST-2420,Stratum Global #63,FinTech & Payments,Europe (EMEA),Growth,Multi-Year,Enterprise Analytics Suite,2025-09-10,2026-08-24,7,8,1064.4,8515.2,647.67,3,16.8,6,10.5,0
CUST-2421,Stratum Global #64,SaaS & Cloud Software,Europe (EMEA),Starter,Annual Prepaid,Cloud Infrastructure Pro,2024-11-15,2026-08-07,24,3,603.97,1811.91,145.71,1,6.7,6,22.4,0
CUST-2422,Novus Financial #65,SaaS & Cloud Software,North America,Growth,Annual Prepaid,Security & Compliance Shield,2026-01-06,2026-08-25,6,9,1109.04,9981.36,814.72,4,10.4,7,6.4,0
CUST-2423,Crestview Ventures #66,FinTech & Payments,Europe (EMEA),Growth,Month-to-Month,Cloud Infrastructure Pro,2025-11-06,2026-08-16,15,18,1132.72,20388.96,1649.42,3,5.5,7,17.9,0
CUST-2424,Nexus Systems #67,Healthcare IT,North America,Growth,Quarterly,Cloud Infrastructure Pro,2025-11-21,2026-07-30,32,7,1101.49,7710.43,661.89,6,11.1,5,16.4,1
CUST-2425,Novus Capital #68,Professional & Legal Services,Europe (EMEA),Growth,Annual Prepaid,API Data Hub,2026-01-12,2026-08-26,5,10,1106.93,11069.3,807.15,1,9.9,10,7.7,0
CUST-2426,Acro Technologies #69,FinTech & Payments,North America,Enterprise,Month-to-Month,Enterprise Analytics Suite,2025-10-21,2026-07-18,44,26,6329.01,164554.26,14495.11,5,12.2,4,14.5,0
CUST-2427,Stratum Media #70,E-Commerce & Retail,North America,Mid-Market,Month-to-Month,Security & Compliance Shield,2025-08-30,2026-07-05,57,21,2857.27,60002.67,5375.34,4,14.0,3,8.3,1
CUST-2428,Crestview Health #71,Professional & Legal Services,North America,Growth,Month-to-Month,AI Decision Platform,2026-03-05,2026-08-24,7,8,1564.61,12516.88,863.92,3,22.7,5,18.9,0
CUST-2429,Stratum Financial #72,FinTech & Payments,North America,Growth,Annual Prepaid,API Data Hub,2025-09-13,2026-08-01,30,9,950.43,8553.87,593.48,3,3.7,5,3.6,0
CUST-2430,Aegis Cloud #73,Healthcare IT,North America,Growth,Multi-Year,Security & Compliance Shield,2025-08-14,2026-08-27,4,14,1347.6,18866.4,1534.17,1,9.9,5,34.7,0
CUST-2431,Prism Networks #74,E-Commerce & Retail,Europe (EMEA),Enterprise,Month-to-Month,API Data Hub,2025-07-21,2026-08-11,20,24,5656.63,135759.12,11334.98,2,4.1,6,11.5,0
CUST-2432,Horizon Dynamics #75,Manufacturing & Logistics,Europe (EMEA),Starter,Multi-Year,Enterprise Analytics Suite,2026-02-05,2026-08-25,6,6,795.63,4773.78,395.59,1,3.8,5,24.6,0
CUST-2433,Acro Dynamics #76,FinTech & Payments,North America,Enterprise,Quarterly,Cloud Infrastructure Pro,2025-10-26,2026-08-14,17,32,6111.57,195570.24,16092.28,5,11.1,5,1.7,0
CUST-2434,Vertex Logistics #77,SaaS & Cloud Software,Europe (EMEA),Mid-Market,Quarterly,Cloud Infrastructure Pro,2026-01-23,2026-08-08,23,26,2863.52,74451.52,5387.97,2,12.3,9,10.4,0
CUST-2435,Solstice Financial #78,E-Commerce & Retail,North America,Starter,Multi-Year,Enterprise Analytics Suite,2024-09-28,2026-07-19,43,2,540.17,1080.34,83.64,1,7.8,7,11.4,0
CUST-2436,Zenith Health #79,SaaS & Cloud Software,North America,Mid-Market,Quarterly,Enterprise Analytics Suite,2025-11-26,2026-08-12,19,14,3173.81,44433.34,3468.15,0,21.6,7,3.1,0
CUST-2437,CoreLogic Media #80,FinTech & Payments,North America,Enterprise,Multi-Year,AI Decision Platform,2026-05-20,2026-08-29,2,42,5721.41,240299.22,17601.26,4,14.1,4,12.3,0
CUST-2438,Starlight Systems #81,E-Commerce & Retail,North America,Enterprise,Month-to-Month,AI Decision Platform,2026-05-13,2026-08-25,6,36,4747.31,170903.16,12904.61,4,7.9,7,0.0,0
CUST-2439,Novus Media #82,Manufacturing & Logistics,Latin America,Growth,Annual Prepaid,API Data Hub,2024-03-29,2026-08-13,18,10,1363.59,13635.9,1036.45,1,5.3,7,13.1,0
CUST-2440,Terra Logistics #83,Manufacturing & Logistics,Europe (EMEA),Growth,Annual Prepaid,AI Decision Platform,2025-10-13,2026-07-27,35,8,1207.13,9657.04,719.36,1,21.5,5,9.5,0
CUST-2441,Stratum Cloud #84,FinTech & Payments,North America,Enterprise,Month-to-Month,Security & Compliance Shield,2025-08-02,2026-07-22,40,35,4891.3,171195.5,15723.23,2,6.6,7,7.5,0
CUST-2442,Terra Logistics #85,FinTech & Payments,North America,Mid-Market,Quarterly,Enterprise Analytics Suite,2025-12-10,2026-08-30,1,15,3502.71,52540.65,4482.57,5,23.0,3,8.5,0
CUST-2443,CoreLogic Labs #86,FinTech & Payments,Asia-Pacific,Mid-Market,Multi-Year,API Data Hub,2026-03-30,2026-07-22,40,19,3176.19,60347.61,4805.26,4,24.5,2,7.9,0
CUST-2444,Quantum Ventures #87,FinTech & Payments,North America,Growth,Quarterly,Enterprise Analytics Suite,2025-10-07,2026-08-01,30,13,1373.76,17858.88,1432.32,2,10.3,6,17.4,0
CUST-2445,Zenith Technologies #88,FinTech & Payments,North America,Enterprise,Month-to-Month,Enterprise Analytics Suite,2025-09-16,2026-08-21,10,27,3399.06,91774.62,6712.07,5,9.8,6,2.1,0
CUST-2446,Crestview Health #89,FinTech & Payments,Asia-Pacific,Starter,Month-to-Month,API Data Hub,2025-11-05,2026-08-26,5,8,601.42,4811.36,322.5,2,6.9,8,25.9,0
CUST-2447,Nexus Networks #90,Healthcare IT,Europe (EMEA),Mid-Market,Annual Prepaid,Cloud Infrastructure Pro,2025-06-17,2026-07-27,35,19,1966.43,37362.17,2715.22,8,13.1,3,21.5,0
CUST-2448,Aegis Systems #91,SaaS & Cloud Software,North America,Enterprise,Annual Prepaid,API Data Hub,2025-02-02,2026-08-28,3,31,5693.61,176501.91,13814.21,1,4.2,9,40.5,0
CUST-2449,Solstice Solutions #92,E-Commerce & Retail,Europe (EMEA),Growth,Annual Prepaid,Cloud Infrastructure Pro,2025-02-14,2026-08-24,7,4,1552.59,6210.36,485.43,3,16.7,3,16.1,0
CUST-2450,Novus Networks #93,E-Commerce & Retail,Latin America,Mid-Market,Annual Prepaid,Cloud Infrastructure Pro,2026-02-14,2026-08-27,4,17,1757.98,29885.66,2344.31,1,4.7,10,14.8,0
CUST-2451,Apex Health #94,SaaS & Cloud Software,North America,Mid-Market,Multi-Year,Cloud Infrastructure Pro,2026-04-17,2026-07-19,43,21,2947.44,61896.24,5623.6,3,13.6,6,6.7,0
CUST-2452,Vertex Financial #95,Healthcare IT,North America,Mid-Market,Annual Prepaid,Enterprise Analytics Suite,2025-12-19,2026-08-04,27,15,2753.24,41298.6,3716.64,3,16.0,4,16.2,1
CUST-2453,Quantum Ventures #96,SaaS & Cloud Software,Europe (EMEA),Mid-Market,Annual Prepaid,AI Decision Platform,2025-09-28,2026-08-13,18,20,3024.91,60498.2,5173.91,1,5.0,9,18.3,0
CUST-2454,Vertex Networks #97,Healthcare IT,North America,Growth,Month-to-Month,Enterprise Analytics Suite,2026-02-26,2026-08-05,26,5,1015.74,5078.7,350.66,1,7.6,6,9.8,0
CUST-2455,Pinnacle Capital #1,Healthcare IT,Latin America,Enterprise,Annual Prepaid,Cloud Infrastructure Pro,2026-02-15,2026-08-30,1,31,5082.54,157558.74,15000.92,3,14.0,6,44.6,0
CUST-2456,Stratum Labs #2,Manufacturing & Logistics,Latin America,Enterprise,Annual Prepaid,AI Decision Platform,2025-08-22,2026-08-17,14,39,9553.87,372600.93,30454.23,4,8.5,5,20.8,0
CUST-2457,Zenith Capital #3,Healthcare IT,North America,Growth,Annual Prepaid,Enterprise Analytics Suite,2025-08-21,2026-08-06,25,12,1370.44,16445.28,1331.83,2,22.5,7,10.2,0
CUST-2458,Apex Technologies #4,SaaS & Cloud Software,Europe (EMEA),Growth,Annual Prepaid,Cloud Infrastructure Pro,2025-12-12,2026-08-10,21,18,1778.43,32011.74,2460.75,1,13.4,8,11.8,0
CUST-2459,Pinnacle Networks #5,E-Commerce & Retail,Asia-Pacific,Mid-Market,Annual Prepaid,AI Decision Platform,2026-04-24,2026-08-15,16,21,2498.18,52461.78,4051.99,2,15.0,5,10.6,0
CUST-2460,Horizon Networks #6,FinTech & Payments,Europe (EMEA),Mid-Market,Month-to-Month,Enterprise Analytics Suite,2025-10-30,2026-08-17,14,21,3251.82,68288.22,5106.39,5,20.6,4,9.9,0
CUST-2461,Solstice Solutions #7,Manufacturing & Logistics,Europe (EMEA),Growth,Month-to-Month,Enterprise Analytics Suite,2026-02-08,2026-07-26,36,7,1077.5,7542.5,625.65,2,8.5,6,6.1,0
CUST-2462,Kinetic Networks #8,Healthcare IT,Europe (EMEA),Mid-Market,Annual Prepaid,AI Decision Platform,2025-12-29,2026-08-23,8,18,3267.95,58823.1,5097.86,2,4.3,7,30.2,0
CUST-2463,Pinnacle Ventures #9,Healthcare IT,Asia-Pacific,Growth,Multi-Year,AI Decision Platform,2026-04-09,2026-08-29,2,15,1423.25,21348.75,1673.75,2,6.0,9,5.6,1
CUST-2464,Aegis Solutions #10,E-Commerce & Retail,Europe (EMEA),Mid-Market,Month-to-Month,Security & Compliance Shield,2026-03-08,2026-08-28,3,21,2197.94,46156.74,3912.41,4,3.5,5,3.6,0
CUST-2465,Omni Capital #11,SaaS & Cloud Software,North America,Mid-Market,Quarterly,Cloud Infrastructure Pro,2026-01-01,2026-08-28,3,19,1993.21,37870.99,2746.11,0,4.8,4,3.8,0
CUST-2466,Prism Technologies #12,E-Commerce & Retail,North America,Mid-Market,Annual Prepaid,AI Decision Platform,2026-02-25,2026-07-15,47,18,2712.25,48820.5,4112.91,4,22.5,2,12.2,0
CUST-2467,Vanguard Technologies #13,FinTech & Payments,North America,Growth,Annual Prepaid,Enterprise Analytics Suite,2025-12-09,2026-08-20,11,10,891.98,8919.8,613.65,3,7.6,8,17.6,0
CUST-2468,Prism Networks #14,Healthcare IT,Europe (EMEA),Mid-Market,Annual Prepaid,API Data Hub,2025-11-01,2026-08-26,5,19,2454.21,46629.99,3511.67,3,14.5,6,18.8,0
CUST-2469,Quantum Cloud #15,FinTech & Payments,North America,Mid-Market,Multi-Year,Cloud Infrastructure Pro,2025-01-24,2026-08-24,7,31,3178.95,98547.45,8898.01,0,6.2,6,17.1,0
CUST-2470,Crestview Technologies #16,Professional & Legal Services,North America,Mid-Market,Month-to-Month,Cloud Infrastructure Pro,2025-12-11,2026-07-02,60,16,2825.58,45209.28,3638.19,2,11.8,4,8.0,0
CUST-2471,Solstice Systems #17,E-Commerce & Retail,North America,Enterprise,Quarterly,API Data Hub,2025-08-30,2026-07-05,57,35,5881.39,205848.65,15706.76,7,9.8,6,2.7,0
CUST-2472,CoreLogic Retail Group #18,SaaS & Cloud Software,North America,Enterprise,Multi-Year,AI Decision Platform,2025-06-23,2026-08-21,10,34,5745.85,195358.9,13943.92,5,28.1,5,40.3,0
CUST-2473,Vertex Capital #19,FinTech & Payments,North America,Growth,Multi-Year,Cloud Infrastructure Pro,2026-04-14,2026-08-16,15,13,1166.81,15168.53,1181.46,3,6.6,7,19.7,0
CUST-2474,Vertex Logistics #20,Professional & Legal Services,Europe (EMEA),Growth,Quarterly,Enterprise Analytics Suite,2025-02-24,2026-07-16,46,11,1300.73,14308.03,1240.46,2,12.8,6,12.8,0
CUST-2475,Vertex Systems #21,Professional & Legal Services,Europe (EMEA),Growth,Multi-Year,AI Decision Platform,2026-04-29,2026-08-04,27,9,1270.57,11435.13,814.08,2,14.8,4,31.2,0
CUST-2476,Terra Capital #22,SaaS & Cloud Software,North America,Enterprise,Annual Prepaid,AI Decision Platform,2025-11-30,2026-08-21,10,30,4293.39,128801.7,11908.31,6,6.0,2,18.5,0
CUST-2477,CoreLogic Logistics #23,SaaS & Cloud Software,Asia-Pacific,Growth,Month-to-Month,Enterprise Analytics Suite,2026-02-12,2026-08-26,5,9,1771.87,15946.83,1264.97,1,25.6,8,2.6,0
CUST-2478,Acro Dynamics #24,SaaS & Cloud Software,Europe (EMEA),Starter,Multi-Year,Enterprise Analytics Suite,2026-02-21,2026-08-26,5,8,527.56,4220.48,275.23,1,7.3,7,21.3,0
CUST-2479,Acro Media #25,Healthcare IT,North America,Growth,Annual Prepaid,Enterprise Analytics Suite,2025-10-24,2026-08-28,3,10,1162.81,11628.1,830.84,5,4.1,9,50.0,0
CUST-2480,Acro Dynamics #26,Professional & Legal Services,Europe (EMEA),Enterprise,Annual Prepaid,Cloud Infrastructure Pro,2026-03-29,2026-07-28,34,43,5615.92,241484.56,20211.05,8,11.5,4,12.3,0
CUST-2481,Nexus Technologies #27,Manufacturing & Logistics,Europe (EMEA),Mid-Market,Multi-Year,API Data Hub,2025-10-19,2026-08-24,7,13,1859.31,24171.03,2092.72,3,15.3,5,5.1,0
CUST-2482,Kinetic Systems #28,E-Commerce & Retail,Europe (EMEA),Enterprise,Month-to-Month,AI Decision Platform,2026-01-19,2026-05-08,115,33,7995.4,263848.2,21200.4,3,7.9,3,20.4,1
CUST-2483,Kinetic Technologies #29,SaaS & Cloud Software,North America,Growth,Multi-Year,Enterprise Analytics Suite,2025-05-25,2026-08-01,30,9,1419.92,12779.28,944.23,4,8.4,6,1.5,0
CUST-2484,Omni Logistics #30,SaaS & Cloud Software,Asia-Pacific,Starter,Multi-Year,Cloud Infrastructure Pro,2026-04-17,2026-08-28,3,5,436.56,2182.8,161.79,2,16.0,6,6.9,0
CUST-2485,Synergy Media #31,SaaS & Cloud Software,North America,Growth,Month-to-Month,Enterprise Analytics Suite,2026-02-20,2026-08-07,24,14,1402.59,19636.26,1431.38,1,11.8,5,3.9,0
CUST-2486,Acro Labs #32,SaaS & Cloud Software,North America,Starter,Month-to-Month,API Data Hub,2025-06-05,2026-08-24,7,3,600.11,1800.33,121.95,1,6.1,8,7.0,0
CUST-2487,Vanguard Capital #33,Healthcare IT,Europe (EMEA),Starter,Multi-Year,Enterprise Analytics Suite,2026-01-22,2026-08-19,12,7,454.69,3182.83,245.33,0,37.0,7,7.2,0
CUST-2488,Omni Media #34,Healthcare IT,North America,Growth,Annual Prepaid,Enterprise Analytics Suite,2026-03-23,2026-08-20,11,12,1220.55,14646.6,1006.7,2,4.2,9,13.6,0
CUST-2489,Pinnacle Cloud #35,SaaS & Cloud Software,Asia-Pacific,Enterprise,Annual Prepaid,Enterprise Analytics Suite,2025-08-02,2026-08-15,16,35,4527.73,158470.55,11772.7,6,19.8,3,31.7,0
CUST-2490,Elevate Logistics #36,Healthcare IT,Europe (EMEA),Mid-Market,Month-to-Month,API Data Hub,2025-09-01,2026-08-10,21,26,1962.65,51028.9,4163.36,3,10.7,3,10.4,0
CUST-2491,Beacon Cloud #37,SaaS & Cloud Software,Asia-Pacific,Growth,Month-to-Month,Cloud Infrastructure Pro,2026-04-11,2026-08-26,5,12,1347.18,16166.16,1257.66,3,22.8,8,7.5,0
CUST-2492,Nexus Media #38,SaaS & Cloud Software,North America,Enterprise,Multi-Year,Enterprise Analytics Suite,2026-03-01,2026-07-19,43,35,6716.31,235070.85,18496.17,9,12.7,4,14.7,1
CUST-2493,Pinnacle Capital #39,SaaS & Cloud Software,Europe (EMEA),Mid-Market,Annual Prepaid,Enterprise Analytics Suite,2025-02-26,2026-08-03,28,16,1948.64,31178.24,2757.14,2,4.6,7,8.9,0
CUST-2494,Novus Cloud #40,E-Commerce & Retail,North America,Mid-Market,Month-to-Month,Enterprise Analytics Suite,2026-06-05,2026-08-04,27,19,3140.27,59665.13,5071.17,0,8.3,10,6.6,0
CUST-2495,Pulse Financial #41,SaaS & Cloud Software,Europe (EMEA),Growth,Quarterly,API Data Hub,2025-11-04,2026-08-21,10,9,1400.77,12606.93,965.63,2,2.2,9,15.0,0
CUST-2496,Zenith Financial #42,Healthcare IT,North America,Enterprise,Annual Prepaid,Enterprise Analytics Suite,2025-09-23,2026-08-29,2,40,5626.1,225044.0,20445.82,3,21.1,7,10.0,0
CUST-2497,Beacon Solutions #43,Healthcare IT,Europe (EMEA),Mid-Market,Month-to-Month,AI Decision Platform,2026-01-25,2026-08-07,24,18,3208.75,57757.5,4154.01,5,5.8,4,10.1,0
CUST-2498,Aegis Solutions #44,FinTech & Payments,North America,Growth,Annual Prepaid,AI Decision Platform,2026-02-26,2026-08-28,3,9,1106.14,9955.26,744.09,0,14.9,8,25.2,0
CUST-2499,Zenith Cloud #45,E-Commerce & Retail,Asia-Pacific,Growth,Annual Prepaid,AI Decision Platform,2025-11-24,2026-08-29,2,17,1286.8,21875.6,1778.05,6,11.8,5,20.2,0
CUST-2500,Prism Cloud #46,SaaS & Cloud Software,Asia-Pacific,Enterprise,Quarterly,Enterprise Analytics Suite,2025-01-21,2026-08-26,5,32,6091.21,194918.72,17526.43,7,17.9,3,7.9,1
CUST-2501,Pinnacle Financial #47,Healthcare IT,North America,Growth,Annual Prepaid,API Data Hub,2025-11-05,2026-07-23,39,9,1472.91,13256.19,1070.71,2,10.0,5,0.8,0
CUST-2502,Horizon Financial #48,Healthcare IT,North America,Mid-Market,Quarterly,API Data Hub,2026-05-14,2026-08-10,21,19,2495.71,47418.49,4012.67,2,9.6,5,6.1,0
CUST-2503,Crestview Health #49,Professional & Legal Services,North America,Mid-Market,Quarterly,API Data Hub,2025-10-08,2026-08-18,13,23,2640.3,60726.9,4572.31,4,8.7,8,19.1,0
CUST-2504,Pulse Dynamics #50,SaaS & Cloud Software,North America,Growth,Multi-Year,AI Decision Platform,2025-05-06,2026-07-31,31,9,1436.2,12925.8,966.25,1,7.7,7,17.1,0
CUST-2505,Elevate Retail Group #51,Healthcare IT,North America,Starter,Quarterly,AI Decision Platform,2025-09-23,2026-07-29,33,3,442.82,1328.46,109.68,1,15.4,4,15.9,0
CUST-2506,Terra Solutions #52,E-Commerce & Retail,Europe (EMEA),Growth,Quarterly,AI Decision Platform,2024-11-14,2026-08-28,3,14,1336.08,18705.12,1320.45,1,8.2,8,5.9,0
CUST-2507,Beacon Dynamics #53,FinTech & Payments,North America,Growth,Annual Prepaid,AI Decision Platform,2025-01-16,2026-08-25,6,17,1304.48,22176.16,1598.07,4,6.5,10,22.1,0
CUST-2508,Nexus Capital #54,Healthcare IT,North America,Growth,Quarterly,Enterprise Analytics Suite,2025-01-28,2026-08-25,6,14,1157.15,16200.1,1186.93,1,11.6,5,1.7,0
CUST-2509,Apex Labs #55,Healthcare IT,Asia-Pacific,Enterprise,Month-to-Month,Enterprise Analytics Suite,2025-10-08,2026-08-25,6,33,3405.01,112365.33,9139.31,2,7.2,5,10.0,0
CUST-2510,Vanguard Systems #56,Professional & Legal Services,Europe (EMEA),Starter,Annual Prepaid,API Data Hub,2026-04-18,2026-08-27,4,5,354.29,1771.45,123.16,0,8.5,10,17.9,0
CUST-2511,Kinetic Systems #57,Manufacturing & Logistics,North America,Growth,Multi-Year,API Data Hub,2024-10-27,2026-08-07,24,13,1291.86,16794.18,1234.97,3,4.0,6,14.7,0
CUST-2512,Novus Ventures #58,SaaS & Cloud Software,North America,Growth,Annual Prepaid,API Data Hub,2025-02-03,2026-08-20,11,9,1473.83,13264.47,1142.24,3,8.3,4,12.6,0
CUST-2513,Crestview Technologies #59,SaaS & Cloud Software,Europe (EMEA),Mid-Market,Multi-Year,Cloud Infrastructure Pro,2026-02-28,2026-08-27,4,20,3698.02,73960.4,5789.1,1,10.1,6,28.4,0
CUST-2514,Nexus Labs #60,Professional & Legal Services,Europe (EMEA),Enterprise,Multi-Year,API Data Hub,2025-11-06,2026-08-13,18,29,4737.57,137389.53,12037.61,4,8.4,6,13.1,0
CUST-2515,Elevate Retail Group #61,SaaS & Cloud Software,North America,Enterprise,Annual Prepaid,Cloud Infrastructure Pro,2026-01-05,2026-08-27,4,33,3497.26,115409.58,11035.82,3,11.8,5,12.2,0
CUST-2516,Vanguard Capital #62,FinTech & Payments,North America,Enterprise,Month-to-Month,AI Decision Platform,2025-12-25,2026-08-21,10,35,4625.43,161890.05,14779.97,2,10.1,6,4.7,0
CUST-2517,Pulse Technologies #63,SaaS & Cloud Software,North America,Mid-Market,Annual Prepaid,Enterprise Analytics Suite,2025-12-22,2026-08-27,4,19,3775.9,71742.1,5244.65,3,8.6,5,12.5,0
CUST-2518,Solstice Logistics #64,E-Commerce & Retail,North America,Growth,Multi-Year,Security & Compliance Shield,2026-02-15,2026-08-02,29,13,1829.07,23777.91,1988.89,1,6.3,8,3.9,0
CUST-2519,Starlight Media #65,SaaS & Cloud Software,Europe (EMEA),Growth,Multi-Year,AI Decision Platform,2026-05-02,2026-08-27,4,8,714.05,5712.4,466.71,3,9.3,9,24.0,0
CUST-2520,Acro Dynamics #66,Healthcare IT,Latin America,Starter,Quarterly,API Data Hub,2026-05-12,2026-08-29,2,4,452.96,1811.84,121.85,1,5.4,8,20.7,0
CUST-2521,Novus Cloud #67,E-Commerce & Retail,North America,Mid-Market,Annual Prepaid,Enterprise Analytics Suite,2025-05-20,2026-06-17,75,22,2648.78,58273.16,4474.26,1,5.6,4,5.3,0
CUST-2522,Kinetic Cloud #68,E-Commerce & Retail,North America,Mid-Market,Quarterly,Security & Compliance Shield,2025-12-12,2026-08-22,9,21,1105.87,23223.27,2120.83,5,25.7,7,2.6,1
CUST-2523,Kinetic Networks #69,SaaS & Cloud Software,North America,Growth,Annual Prepaid,AI Decision Platform,2026-02-13,2026-08-17,14,13,1255.96,16327.48,1332.69,2,4.7,9,13.4,0
CUST-2524,Synergy Retail Group #70,Professional & Legal Services,Europe (EMEA),Starter,Multi-Year,Cloud Infrastructure Pro,2025-09-20,2026-08-20,11,5,475.21,2376.05,174.49,2,3.1,8,14.4,0
CUST-2525,Nexus Health #71,Professional & Legal Services,North America,Growth,Month-to-Month,API Data Hub,2025-11-22,2026-08-09,22,10,1401.01,14010.1,1122.49,0,11.3,8,15.9,0
CUST-2526,Pinnacle Systems #72,SaaS & Cloud Software,Asia-Pacific,Growth,Month-to-Month,API Data Hub,2025-12-29,2026-08-15,16,13,1279.37,16631.81,1419.39,2,5.6,7,24.3,0
CUST-2527,Pinnacle Capital #73,SaaS & Cloud Software,North America,Growth,Annual Prepaid,Enterprise Analytics Suite,2025-11-26,2026-08-18,13,7,1749.93,12249.51,845.26,5,9.4,2,16.5,0
CUST-2528,Vanguard Media #74,Healthcare IT,Latin America,Enterprise,Month-to-Month,AI Decision Platform,2025-10-18,2026-08-16,15,33,4580.28,151149.24,11932.26,7,22.7,4,8.7,0
CUST-2529,Nexus Media #75,SaaS & Cloud Software,North America,Enterprise,Quarterly,Security & Compliance Shield,2026-04-11,2026-08-25,6,28,6381.67,178686.76,13091.84,5,10.1,7,8.3,0
CUST-2530,Crestview Cloud #76,Healthcare IT,Europe (EMEA),Growth,Annual Prepaid,Cloud Infrastructure Pro,2025-11-23,2026-08-05,26,16,939.8,15036.8,1085.49,3,7.8,6,9.0,0
CUST-2531,Novus Logistics #77,Professional & Legal Services,North America,Enterprise,Month-to-Month,Enterprise Analytics Suite,2026-04-20,2026-08-26,5,30,6717.68,201530.4,15459.52,3,12.3,7,15.0,0
CUST-2532,Solstice Global #78,SaaS & Cloud Software,Europe (EMEA),Growth,Quarterly,AI Decision Platform,2025-11-07,2026-07-28,34,13,1357.88,17652.44,1528.0,4,4.7,7,25.5,1
CUST-2533,Vanguard Health #79,Manufacturing & Logistics,North America,Enterprise,Annual Prepaid,Enterprise Analytics Suite,2024-07-13,2026-08-04,27,26,4530.23,117785.98,9366.36,2,9.3,6,17.4,0
CUST-2534,Starlight Systems #80,FinTech & Payments,Europe (EMEA),Enterprise,Quarterly,Cloud Infrastructure Pro,2025-07-17,2026-08-25,6,36,4181.21,150523.56,12681.8,2,17.8,5,13.7,0
CUST-2535,Aegis Logistics #81,SaaS & Cloud Software,Europe (EMEA),Enterprise,Multi-Year,Security & Compliance Shield,2025-08-07,2026-08-13,18,36,5561.27,200205.72,18018.14,6,13.3,3,16.4,0
CUST-2536,Pinnacle Global #82,Professional & Legal Services,Asia-Pacific,Mid-Market,Multi-Year,API Data Hub,2025-04-02,2026-08-17,14,21,3098.19,65061.99,5947.39,4,9.9,5,8.0,0
CUST-2537,Acro Labs #83,Professional & Legal Services,North America,Mid-Market,Multi-Year,AI Decision Platform,2025-09-10,2026-08-27,4,17,2944.34,50053.78,3737.14,4,13.4,9,22.1,0
CUST-2538,Crestview Cloud #84,Healthcare IT,Europe (EMEA),Mid-Market,Multi-Year,Enterprise Analytics Suite,2026-05-08,2026-08-22,9,15,2288.81,34332.15,3011.91,4,11.6,6,11.0,0
CUST-2539,Vanguard Systems #85,Healthcare IT,Europe (EMEA),Enterprise,Month-to-Month,Enterprise Analytics Suite,2026-04-17,2026-08-22,9,25,5356.09,133902.25,12408.92,4,32.1,6,7.1,1
CUST-2540,Novus Labs #86,FinTech & Payments,Europe (EMEA),Starter,Annual Prepaid,Cloud Infrastructure Pro,2026-02-20,2026-08-24,7,4,681.26,2725.04,220.59,6,11.5,4,21.3,1
CUST-2541,CoreLogic Labs #87,FinTech & Payments,Asia-Pacific,Growth,Month-to-Month,API Data Hub,2026-02-05,2026-08-23,8,7,1112.91,7790.37,541.14,3,9.9,6,2.9,0
CUST-2542,Apex Retail Group #88,Healthcare IT,Europe (EMEA),Growth,Multi-Year,Enterprise Analytics Suite,2026-02-23,2026-08-25,6,11,1117.78,12295.58,1068.72,5,6.9,4,22.1,0
CUST-2543,Elevate Logistics #89,SaaS & Cloud Software,North America,Enterprise,Multi-Year,Cloud Infrastructure Pro,2025-03-28,2026-08-25,6,34,4887.23,166165.82,11842.47,3,5.5,7,5.4,0
CUST-2544,Acro Ventures #90,Professional & Legal Services,North America,Mid-Market,Multi-Year,Cloud Infrastructure Pro,2026-03-14,2026-06-04,88,24,1902.62,45662.88,3911.18,3,8.7,3,11.8,0
CUST-2545,Nexus Capital #91,SaaS & Cloud Software,Europe (EMEA),Mid-Market,Annual Prepaid,Enterprise Analytics Suite,2026-02-07,2026-08-30,1,16,2457.13,39314.08,2870.26,9,10.2,5,1.0,0
CUST-2546,Vanguard Networks #92,Manufacturing & Logistics,North America,Starter,Annual Prepaid,Enterprise Analytics Suite,2026-01-21,2026-08-27,4,5,385.92,1929.6,144.71,1,3.3,8,3.4,0
CUST-2547,Apex Networks #93,E-Commerce & Retail,North America,Starter,Annual Prepaid,Enterprise Analytics Suite,2025-03-13,2026-08-27,4,3,543.91,1631.73,102.69,1,3.6,7,12.2,0
CUST-2548,Nexus Media #94,SaaS & Cloud Software,Europe (EMEA),Mid-Market,Annual Prepaid,API Data Hub,2026-02-04,2026-08-03,28,20,2886.31,57726.2,4158.17,2,43.1,2,16.5,0
CUST-2549,Horizon Retail Group #95,FinTech & Payments,Europe (EMEA),Enterprise,Annual Prepaid,Enterprise Analytics Suite,2025-07-29,2026-06-10,82,30,5675.79,170273.7,13746.94,2,6.5,5,26.6,0
CUST-2550,Elevate Retail Group #96,FinTech & Payments,North America,Mid-Market,Annual Prepaid,Cloud Infrastructure Pro,2025-11-03,2026-08-22,9,18,2501.49,45026.82,3248.02,3,7.9,6,7.2,0
CUST-2551,Vertex Capital #97,Professional & Legal Services,Latin America,Growth,Annual Prepaid,Cloud Infrastructure Pro,2026-06-04,2026-08-27,4,15,945.36,14180.4,1056.03,2,13.9,10,24.7,0
CUST-2552,Solstice Dynamics #1,Professional & Legal Services,Europe (EMEA),Growth,Month-to-Month,Enterprise Analytics Suite,2025-04-27,2026-07-12,50,17,1434.62,24388.54,2098.66,4,9.6,4,4.1,1
CUST-2553,Solstice Technologies #2,FinTech & Payments,Latin America,Starter,Month-to-Month,Enterprise Analytics Suite,2026-01-23,2026-08-30,1,4,476.58,1906.32,130.53,1,11.3,5,3.3,0
CUST-2554,Nexus Global #3,FinTech & Payments,North America,Mid-Market,Month-to-Month,AI Decision Platform,2026-04-20,2026-08-28,3,14,2483.89,34774.46,3154.72,5,9.1,6,24.4,0
CUST-2555,Elevate Media #4,SaaS & Cloud Software,Asia-Pacific,Growth,Multi-Year,Cloud Infrastructure Pro,2025-08-26,2026-08-21,10,11,1769.39,19463.29,1328.16,2,8.0,7,8.2,0
CUST-2556,Horizon Retail Group #5,FinTech & Payments,North America,Growth,Month-to-Month,AI Decision Platform,2025-12-30,2026-07-28,34,15,1248.29,18724.35,1611.44,2,12.7,6,15.4,0
CUST-2557,CoreLogic Technologies #6,FinTech & Payments,Europe (EMEA),Mid-Market,Annual Prepaid,Enterprise Analytics Suite,2025-12-20,2026-07-30,32,12,2857.39,34288.68,2459.64,4,4.5,4,15.1,0
CUST-2558,Novus Dynamics #7,E-Commerce & Retail,Asia-Pacific,Starter,Annual Prepaid,AI Decision Platform,2026-02-22,2026-08-21,10,10,784.98,7849.8,587.13,3,9.1,6,24.4,0
CUST-2559,Pulse Systems #8,Manufacturing & Logistics,North America,Enterprise,Quarterly,Cloud Infrastructure Pro,2025-09-29,2026-08-22,9,42,4027.17,169141.14,14227.28,3,19.8,7,12.0,0
CUST-2560,Zenith Technologies #9,SaaS & Cloud Software,North America,Growth,Annual Prepaid,AI Decision Platform,2026-04-28,2026-08-29,2,12,1262.19,15146.28,1234.96,2,12.1,9,25.9,0
CUST-2561,Beacon Dynamics #10,SaaS & Cloud Software,Latin America,Mid-Market,Quarterly,Cloud Infrastructure Pro,2025-10-03,2026-07-18,44,21,2082.35,43729.35,3388.42,3,5.4,3,1.0,0
CUST-2562,Stratum Capital #11,SaaS & Cloud Software,North America,Growth,Multi-Year,Enterprise Analytics Suite,2025-04-26,2026-08-01,30,10,1390.71,13907.1,958.77,4,21.1,6,13.8,0
CUST-2563,Prism Labs #12,E-Commerce & Retail,North America,Starter,Annual Prepaid,AI Decision Platform,2026-03-25,2026-08-28,3,2,634.24,1268.48,96.74,2,9.4,9,4.1,0
CUST-2564,Stratum Labs #13,FinTech & Payments,Asia-Pacific,Mid-Market,Multi-Year,Enterprise Analytics Suite,2025-12-05,2026-08-11,20,12,2144.44,25733.28,2203.31,4,33.2,1,31.1,0
CUST-2565,Nexus Cloud #14,FinTech & Payments,North America,Growth,Multi-Year,API Data Hub,2024-04-03,2026-07-25,37,6,1084.53,6507.18,453.81,2,12.3,5,34.9,0
CUST-2566,Apex Retail Group #15,Healthcare IT,North America,Starter,Month-to-Month,AI Decision Platform,2026-02-04,2026-08-13,18,5,715.29,3576.45,262.19,1,20.5,2,3.3,0
CUST-2567,Elevate Ventures #16,Professional & Legal Services,North America,Growth,Quarterly,Enterprise Analytics Suite,2026-03-23,2026-08-30,1,7,694.35,4860.45,332.66,5,24.4,4,12.8,0
CUST-2568,Prism Financial #17,Manufacturing & Logistics,Europe (EMEA),Starter,Month-to-Month,Enterprise Analytics Suite,2025-10-21,2026-08-14,17,6,440.42,2642.52,195.35,2,5.8,5,11.7,0
CUST-2569,Apex Solutions #18,FinTech & Payments,North America,Mid-Market,Annual Prepaid,Enterprise Analytics Suite,2025-05-05,2026-08-23,8,28,1602.22,44862.16,3843.32,2,4.1,8,20.9,0
CUST-2570,Terra Media #19,E-Commerce & Retail,Europe (EMEA),Growth,Multi-Year,Security & Compliance Shield,2026-02-16,2026-08-17,14,15,1532.14,22982.1,1737.41,2,7.6,5,22.2,0
CUST-2571,Stratum Solutions #20,FinTech & Payments,North America,Mid-Market,Annual Prepaid,AI Decision Platform,2025-10-30,2026-08-12,19,25,2792.89,69822.25,5117.69,2,6.7,7,42.0,0
CUST-2572,Terra Health #21,SaaS & Cloud Software,Europe (EMEA),Mid-Market,Annual Prepaid,Enterprise Analytics Suite,2026-01-31,2026-08-19,12,17,2147.39,36505.63,2940.18,2,4.4,6,5.4,0
CUST-2573,Vanguard Technologies #22,E-Commerce & Retail,Europe (EMEA),Mid-Market,Multi-Year,AI Decision Platform,2026-01-15,2026-08-07,24,19,2390.38,45417.22,4092.48,5,9.1,5,24.0,0
CUST-2574,Apex Retail Group #23,Healthcare IT,North America,Growth,Annual Prepaid,Cloud Infrastructure Pro,2025-10-18,2026-08-17,14,11,1200.72,13207.92,939.15,1,9.7,5,33.3,1
CUST-2575,Solstice Capital #24,Healthcare IT,Europe (EMEA),Growth,Annual Prepaid,AI Decision Platform,2026-01-07,2026-07-27,35,11,943.17,10374.87,844.63,4,30.5,3,13.7,1
CUST-2576,Zenith Cloud #25,FinTech & Payments,Europe (EMEA),Enterprise,Multi-Year,Enterprise Analytics Suite,2024-12-12,2026-08-25,6,21,8292.16,174135.36,14346.81,4,17.5,3,3.0,0
CUST-2577,Pulse Networks #26,FinTech & Payments,Europe (EMEA),Growth,Annual Prepaid,AI Decision Platform,2026-03-03,2026-07-07,55,10,976.93,9769.3,774.84,2,23.1,7,24.4,0
CUST-2578,Kinetic Ventures #27,Professional & Legal Services,North America,Enterprise,Quarterly,AI Decision Platform,2026-03-09,2026-08-26,5,30,7265.6,217968.0,16628.25,5,11.7,6,3.9,0
CUST-2579,Elevate Logistics #28,E-Commerce & Retail,Europe (EMEA),Mid-Market,Month-to-Month,Cloud Infrastructure Pro,2026-04-05,2026-08-16,15,23,3687.9,84821.7,7261.02,3,14.3,4,8.1,0
CUST-2580,Vertex Ventures #29,SaaS & Cloud Software,North America,Growth,Quarterly,Security & Compliance Shield,2026-04-19,2026-08-11,20,6,1050.4,6302.4,493.33,2,17.4,7,30.1,0
CUST-2581,CoreLogic Cloud #30,FinTech & Payments,North America,Enterprise,Quarterly,Enterprise Analytics Suite,2026-03-15,2026-08-18,13,31,6718.44,208271.64,15395.59,6,11.2,7,6.2,0
CUST-2582,Elevate Labs #31,FinTech & Payments,North America,Starter,Month-to-Month,Enterprise Analytics Suite,2026-03-14,2026-08-18,13,5,402.23,2011.15,126.43,2,9.3,7,7.5,0
CUST-2583,Pinnacle Retail Group #32,Healthcare IT,North America,Mid-Market,Multi-Year,Enterprise Analytics Suite,2025-11-29,2026-08-24,7,18,3681.31,66263.58,4860.34,6,23.6,4,3.5,0
CUST-2584,Stratum Cloud #33,Healthcare IT,Europe (EMEA),Growth,Annual Prepaid,Enterprise Analytics Suite,2026-05-25,2026-08-27,4,8,939.51,7516.08,552.9,3,12.4,6,3.4,0
CUST-2585,Stratum Solutions #34,Professional & Legal Services,North America,Starter,Annual Prepaid,API Data Hub,2026-01-24,2026-08-25,6,8,543.24,4345.92,278.8,1,16.4,6,18.9,0
CUST-2586,Crestview Financial #35,FinTech & Payments,Europe (EMEA),Enterprise,Multi-Year,API Data Hub,2026-02-19,2026-08-28,3,39,7458.33,290874.87,21860.36,4,8.7,8,23.1,0
CUST-2587,Vertex Networks #36,SaaS & Cloud Software,North America,Mid-Market,Annual Prepaid,Enterprise Analytics Suite,2025-01-30,2026-08-17,14,16,2101.56,33624.96,2957.28,6,49.8,7,16.7,0
CUST-2588,Stratum Dynamics #37,E-Commerce & Retail,Europe (EMEA),Mid-Market,Month-to-Month,Cloud Infrastructure Pro,2026-05-19,2026-08-08,23,16,2376.1,38017.6,3222.57,0,17.0,7,10.7,0
CUST-2589,Vertex Retail Group #38,Healthcare IT,North America,Enterprise,Multi-Year,AI Decision Platform,2025-10-23,2026-08-28,3,34,6819.57,231865.38,19056.65,3,7.5,8,13.2,0
CUST-2590,Prism Labs #39,Manufacturing & Logistics,North America,Mid-Market,Quarterly,API Data Hub,2025-10-24,2026-08-17,14,15,2468.13,37021.95,3106.92,4,6.4,5,18.0,0
CUST-2591,Stratum Financial #40,Professional & Legal Services,North America,Mid-Market,Multi-Year,Cloud Infrastructure Pro,2026-05-09,2026-07-27,35,18,2072.09,37297.62,3066.6,4,14.8,6,4.1,0
CUST-2592,Beacon Logistics #41,SaaS & Cloud Software,North America,Enterprise,Multi-Year,Cloud Infrastructure Pro,2025-11-26,2026-08-26,5,42,4937.03,207355.26,17585.91,6,13.3,2,25.4,0
CUST-2593,Solstice Labs #42,Healthcare IT,Europe (EMEA),Mid-Market,Annual Prepaid,Enterprise Analytics Suite,2025-12-30,2026-08-19,12,25,1489.14,37228.5,2847.8,1,8.9,9,18.3,1
CUST-2594,Pinnacle Systems #43,SaaS & Cloud Software,Asia-Pacific,Growth,Quarterly,Enterprise Analytics Suite,2025-06-01,2026-08-27,4,12,1497.71,17972.52,1386.9,1,18.4,7,24.4,0
CUST-2595,Starlight Logistics #44,FinTech & Payments,North America,Mid-Market,Annual Prepaid,AI Decision Platform,2026-06-02,2026-08-11,20,19,3104.03,58976.57,4273.27,4,7.9,4,6.3,0
CUST-2596,Nexus Systems #45,SaaS & Cloud Software,North America,Starter,Annual Prepaid,API Data Hub,2025-10-30,2026-08-28,3,9,507.79,4570.11,318.93,1,6.1,7,14.0,0
CUST-2597,Kinetic Global #46,SaaS & Cloud Software,Latin America,Mid-Market,Quarterly,AI Decision Platform,2025-07-06,2026-08-15,16,18,2764.85,49767.3,3934.85,5,12.0,6,7.1,0
CUST-2598,Vertex Solutions #47,FinTech & Payments,Europe (EMEA),Mid-Market,Quarterly,Cloud Infrastructure Pro,2025-09-11,2026-07-21,41,19,2071.02,39349.38,3026.11,2,6.5,8,15.6,0
CUST-2599,Vertex Cloud #48,SaaS & Cloud Software,Asia-Pacific,Mid-Market,Annual Prepaid,Enterprise Analytics Suite,2026-03-10,2026-07-14,48,15,2145.18,32177.7,2724.33,1,4.4,3,23.8,0
CUST-2600,Novus Cloud #49,Healthcare IT,North America,Growth,Annual Prepaid,Cloud Infrastructure Pro,2026-02-16,2026-08-22,9,10,1136.46,11364.6,913.58,4,8.7,6,5.0,0
CUST-2601,CoreLogic Labs #50,SaaS & Cloud Software,North America,Starter,Annual Prepaid,Enterprise Analytics Suite,2026-04-04,2026-08-27,4,9,648.93,5840.37,390.35,1,3.7,10,22.1,0
CUST-2602,Omni Media #51,SaaS & Cloud Software,North America,Starter,Annual Prepaid,AI Decision Platform,2025-07-20,2026-08-30,1,2,399.89,799.78,50.01,1,15.7,8,7.4,0
CUST-2603,Crestview Solutions #52,SaaS & Cloud Software,North America,Enterprise,Multi-Year,AI Decision Platform,2026-05-11,2026-08-23,8,45,6191.88,278634.6,26058.22,5,14.9,6,7.5,0
CUST-2604,CoreLogic Health #53,FinTech & Payments,Europe (EMEA),Growth,Multi-Year,Cloud Infrastructure Pro,2025-09-27,2026-08-07,24,11,1831.07,20141.77,1659.36,2,30.5,7,4.2,0
CUST-2605,Nexus Technologies #54,E-Commerce & Retail,Asia-Pacific,Mid-Market,Quarterly,AI Decision Platform,2025-08-18,2026-08-17,14,19,2174.03,41306.57,3085.75,8,8.3,4,13.6,1
CUST-2606,Solstice Logistics #55,FinTech & Payments,North America,Enterprise,Multi-Year,Enterprise Analytics Suite,2026-03-07,2026-08-26,5,28,5467.25,153083.0,13782.82,1,23.5,7,32.1,0
CUST-2607,Crestview Media #56,SaaS & Cloud Software,North America,Mid-Market,Quarterly,Enterprise Analytics Suite,2025-09-28,2026-08-30,1,13,3446.28,44801.64,3739.44,1,8.2,6,4.0,0
CUST-2608,Elevate Solutions #57,SaaS & Cloud Software,North America,Growth,Quarterly,Security & Compliance Shield,2025-09-25,2026-08-27,4,14,1577.67,22087.38,1865.15,1,9.6,8,21.4,0
CUST-2609,Pinnacle Global #58,Manufacturing & Logistics,North America,Mid-Market,Quarterly,Enterprise Analytics Suite,2025-12-15,2026-08-23,8,24,1719.8,41275.2,3079.62,1,22.1,9,18.5,0
CUST-2610,Apex Global #59,FinTech & Payments,North America,Starter,Annual Prepaid,Enterprise Analytics Suite,2024-12-21,2026-08-30,1,6,523.59,3141.54,226.67,2,7.5,6,18.5,0
CUST-2611,Synergy Global #60,Professional & Legal Services,North America,Enterprise,Multi-Year,API Data Hub,2025-12-20,2026-08-30,1,35,6290.39,220163.65,18040.01,5,16.0,3,26.2,0
CUST-2612,Horizon Solutions #61,E-Commerce & Retail,North America,Enterprise,Annual Prepaid,Cloud Infrastructure Pro,2026-01-03,2026-08-26,5,33,6335.89,209084.37,18043.9,1,3.3,9,21.1,0
CUST-2613,Novus Logistics #62,FinTech & Payments,Europe (EMEA),Growth,Quarterly,Enterprise Analytics Suite,2025-12-30,2026-08-24,7,12,1612.9,19354.8,1673.49,2,9.0,7,22.5,0
CUST-2614,Zenith Health #63,E-Commerce & Retail,Asia-Pacific,Growth,Quarterly,Security & Compliance Shield,2025-08-29,2026-07-09,53,10,1084.7,10847.0,744.22,1,10.5,4,16.1,0
CUST-2615,Pulse Retail Group #64,Manufacturing & Logistics,Europe (EMEA),Growth,Annual Prepaid,AI Decision Platform,2026-04-04,2026-08-26,5,11,1498.13,16479.43,1175.82,3,20.7,6,1.6,0
CUST-2616,Aegis Logistics #65,SaaS & Cloud Software,North America,Starter,Month-to-Month,Enterprise Analytics Suite,2025-08-24,2026-08-22,9,4,322.46,1289.84,90.64,5,15.0,6,17.2,0
CUST-2617,Starlight Ventures #66,FinTech & Payments,Europe (EMEA),Mid-Market,Quarterly,Enterprise Analytics Suite,2026-03-20,2026-07-27,35,22,2585.53,56881.66,4612.37,2,14.2,7,2.2,0
CUST-2618,Starlight Logistics #67,SaaS & Cloud Software,Asia-Pacific,Starter,Month-to-Month,Cloud Infrastructure Pro,2025-04-29,2026-06-23,69,2,675.73,1351.46,98.69,2,8.2,7,26.7,1
CUST-2619,Novus Dynamics #68,E-Commerce & Retail,Asia-Pacific,Growth,Annual Prepaid,Cloud Infrastructure Pro,2025-03-25,2026-08-30,1,12,1398.17,16778.04,1202.88,0,8.2,10,28.5,0
CUST-2620,Omni Dynamics #69,Healthcare IT,Asia-Pacific,Mid-Market,Month-to-Month,Enterprise Analytics Suite,2025-11-15,2026-08-07,24,21,1961.32,41187.72,3584.07,6,7.1,5,4.5,0
CUST-2621,Terra Financial #70,SaaS & Cloud Software,North America,Growth,Multi-Year,Cloud Infrastructure Pro,2026-01-23,2026-08-29,2,6,1561.95,9371.7,661.86,1,6.7,8,6.8,0
CUST-2622,Starlight Dynamics #71,Professional & Legal Services,North America,Mid-Market,Annual Prepaid,Security & Compliance Shield,2025-03-04,2026-07-14,48,16,2435.03,38960.48,3528.76,3,5.1,6,3.6,0
CUST-2623,CoreLogic Solutions #72,SaaS & Cloud Software,North America,Starter,Multi-Year,Enterprise Analytics Suite,2026-03-07,2026-08-18,13,4,289.89,1159.56,83.32,3,18.8,8,13.2,0
CUST-2624,Vertex Global #73,SaaS & Cloud Software,Asia-Pacific,Enterprise,Annual Prepaid,Enterprise Analytics Suite,2025-09-27,2026-08-27,4,30,7194.69,215840.7,18088.25,3,8.8,7,3.3,0
CUST-2625,Prism Cloud #74,Healthcare IT,North America,Growth,Quarterly,Enterprise Analytics Suite,2026-04-04,2026-08-23,8,10,729.11,7291.1,627.01,2,28.2,8,15.3,0
CUST-2626,CoreLogic Financial #75,E-Commerce & Retail,Europe (EMEA),Mid-Market,Annual Prepaid,Enterprise Analytics Suite,2025-11-02,2026-07-29,33,17,2453.44,41708.48,3810.12,3,9.7,5,15.6,0
CUST-2627,Aegis Ventures #76,Healthcare IT,North America,Growth,Multi-Year,Cloud Infrastructure Pro,2025-02-08,2026-08-30,1,14,1477.46,20684.44,1423.87,4,11.3,8,29.5,0
CUST-2628,Vertex Health #77,Healthcare IT,Europe (EMEA),Mid-Market,Multi-Year,API Data Hub,2024-06-21,2026-08-15,16,21,2696.7,56630.7,4074.22,5,13.8,4,18.5,0
CUST-2629,Aegis Media #78,E-Commerce & Retail,North America,Enterprise,Annual Prepaid,Cloud Infrastructure Pro,2026-02-02,2026-08-23,8,37,5330.89,197242.93,17413.2,4,22.6,6,2.8,0
CUST-2630,Omni Media #79,E-Commerce & Retail,North America,Starter,Quarterly,Cloud Infrastructure Pro,2025-10-31,2026-08-25,6,8,548.89,4391.12,315.44,1,6.3,7,3.2,0
CUST-2631,Crestview Systems #80,Healthcare IT,North America,Mid-Market,Month-to-Month,AI Decision Platform,2024-08-25,2026-08-15,16,21,2619.3,55005.3,5015.95,3,5.0,7,18.7,0
CUST-2632,Terra Logistics #81,Healthcare IT,Europe (EMEA),Growth,Month-to-Month,Cloud Infrastructure Pro,2024-12-10,2026-08-03,28,9,1036.61,9329.49,767.94,5,12.3,4,17.5,0
CUST-2633,Novus Technologies #82,E-Commerce & Retail,North America,Starter,Multi-Year,AI Decision Platform,2026-03-22,2026-06-09,83,4,612.64,2450.56,162.84,2,7.9,6,22.9,0
CUST-2634,Terra Financial #83,SaaS & Cloud Software,Asia-Pacific,Enterprise,Annual Prepaid,Cloud Infrastructure Pro,2026-05-16,2026-08-28,3,30,6306.13,189183.9,16839.66,0,2.9,8,38.0,0
CUST-2635,Terra Retail Group #84,Healthcare IT,Europe (EMEA),Growth,Multi-Year,Enterprise Analytics Suite,2026-03-18,2026-08-21,10,13,1328.15,17265.95,1395.37,2,16.7,7,14.1,0
CUST-2636,Acro Capital #85,FinTech & Payments,Europe (EMEA),Enterprise,Annual Prepaid,Cloud Infrastructure Pro,2026-03-02,2026-08-28,3,35,4755.01,166425.35,12267.57,2,30.0,4,12.5,0
CUST-2637,Pulse Solutions #86,Professional & Legal Services,Europe (EMEA),Growth,Month-to-Month,AI Decision Platform,2026-04-01,2026-07-10,52,9,2122.94,19106.46,1490.76,2,10.4,6,12.6,1
CUST-2638,Pulse Solutions #87,SaaS & Cloud Software,Europe (EMEA),Mid-Market,Annual Prepaid,AI Decision Platform,2026-01-24,2026-08-23,8,22,2615.68,57544.96,5253.63,2,8.6,6,6.7,0
CUST-2639,Acro Systems #88,SaaS & Cloud Software,North America,Starter,Multi-Year,Cloud Infrastructure Pro,2026-05-14,2026-08-11,20,4,563.37,2253.48,155.27,2,10.8,9,25.0,0
CUST-2640,Pulse Health #89,SaaS & Cloud Software,Europe (EMEA),Starter,Annual Prepaid,Enterprise Analytics Suite,2026-02-14,2026-08-18,13,7,472.61,3308.27,268.86,2,10.2,8,5.1,0
CUST-2641,Kinetic Cloud #90,SaaS & Cloud Software,Europe (EMEA),Mid-Market,Quarterly,Cloud Infrastructure Pro,2025-12-30,2026-08-29,2,19,3231.28,61394.32,5265.69,1,9.2,6,8.4,1
CUST-2642,Zenith Media #91,Professional & Legal Services,North America,Growth,Annual Prepaid,API Data Hub,2025-04-28,2026-08-04,27,9,1270.78,11437.02,918.41,2,4.9,4,6.9,0
CUST-2643,Pinnacle Systems #92,Healthcare IT,Europe (EMEA),Enterprise,Month-to-Month,API Data Hub,2025-10-05,2026-06-16,76,31,7018.59,217576.29,20751.92,2,8.3,7,2.1,0
CUST-2644,Solstice Retail Group #93,SaaS & Cloud Software,Latin America,Mid-Market,Month-to-Month,AI Decision Platform,2025-07-03,2026-08-17,14,14,2482.13,34749.82,2866.75,4,19.6,5,6.8,0
CUST-2645,Apex Capital #94,E-Commerce & Retail,North America,Mid-Market,Quarterly,Enterprise Analytics Suite,2025-01-29,2026-08-28,3,17,3007.0,51119.0,4367.54,2,13.8,7,16.1,0
CUST-2646,Apex Ventures #95,FinTech & Payments,North America,Enterprise,Month-to-Month,AI Decision Platform,2025-03-15,2026-06-03,89,39,4609.99,179789.61,15941.63,7,14.7,2,44.7,1
CUST-2647,Kinetic Dynamics #96,SaaS & Cloud Software,North America,Mid-Market,Month-to-Month,Cloud Infrastructure Pro,2025-11-11,2026-07-20,42,24,3033.09,72794.16,5518.77,5,13.0,4,4.8,1
CUST-2648,Nexus Global #97,E-Commerce & Retail,North America,Mid-Market,Annual Prepaid,AI Decision Platform,2025-12-29,2026-08-29,2,14,2173.63,30430.82,2666.81,5,11.3,6,30.9,0
CUST-2649,Horizon Labs #1,SaaS & Cloud Software,Asia-Pacific,Growth,Annual Prepaid,AI Decision Platform,2026-05-08,2026-08-16,15,4,1573.05,6292.2,454.69,1,13.7,7,21.0,0
CUST-2650,Beacon Networks #2,FinTech & Payments,Asia-Pacific,Growth,Quarterly,Enterprise Analytics Suite,2025-10-10,2026-08-09,22,10,1400.19,14001.9,1107.35,4,23.3,7,18.4,0
CUST-2651,Apex Health #3,Healthcare IT,Europe (EMEA),Enterprise,Month-to-Month,Enterprise Analytics Suite,2026-02-04,2026-08-28,3,32,2258.28,72264.96,6592.81,2,12.2,10,19.0,0
CUST-2652,Pulse Systems #4,SaaS & Cloud Software,Asia-Pacific,Growth,Annual Prepaid,AI Decision Platform,2025-11-20,2026-08-18,13,9,1366.66,12299.94,845.67,6,10.5,5,36.4,0
CUST-2653,Beacon Retail Group #5,E-Commerce & Retail,North America,Growth,Quarterly,Security & Compliance Shield,2025-08-27,2026-08-24,7,12,1043.05,12516.6,920.94,1,16.1,6,20.6,1
CUST-2654,Quantum Capital #6,SaaS & Cloud Software,North America,Growth,Annual Prepaid,AI Decision Platform,2025-10-06,2026-08-19,12,16,1568.92,25102.72,1760.71,6,19.7,7,21.6,0
CUST-2655,Pulse Financial #7,E-Commerce & Retail,North America,Starter,Annual Prepaid,Cloud Infrastructure Pro,2026-01-16,2026-08-23,8,4,490.67,1962.68,155.52,1,2.3,6,7.7,0
CUST-2656,Synergy Solutions #8,E-Commerce & Retail,Asia-Pacific,Growth,Annual Prepaid,AI Decision Platform,2026-04-09,2026-08-26,5,13,1536.3,19971.9,1499.11,3,17.7,6,6.1,0
CUST-2657,Crestview Technologies #9,SaaS & Cloud Software,North America,Growth,Month-to-Month,AI Decision Platform,2025-04-13,2026-06-25,67,13,1493.26,19412.38,1632.63,4,9.7,4,8.1,0
CUST-2658,Omni Media #10,Professional & Legal Services,North America,Growth,Annual Prepaid,Enterprise Analytics Suite,2026-01-28,2026-08-18,13,10,1084.52,10845.2,755.97,3,10.6,3,44.9,1
CUST-2659,Beacon Retail Group #11,SaaS & Cloud Software,Asia-Pacific,Growth,Annual Prepaid,AI Decision Platform,2025-05-18,2026-08-29,2,12,1253.93,15047.16,1246.55,1,4.5,9,27.6,0
CUST-2660,Synergy Media #12,SaaS & Cloud Software,Latin America,Mid-Market,Quarterly,Enterprise Analytics Suite,2024-07-11,2026-08-29,2,18,2679.74,48235.32,4163.66,3,26.3,5,10.8,0
CUST-2661,Synergy Capital #13,Manufacturing & Logistics,Europe (EMEA),Enterprise,Quarterly,AI Decision Platform,2025-09-09,2026-08-10,21,29,5784.43,167748.47,14065.62,9,21.4,4,26.8,0
CUST-2662,Kinetic Systems #14,FinTech & Payments,North America,Growth,Annual Prepaid,Cloud Infrastructure Pro,2025-07-15,2026-07-23,39,11,534.85,5883.35,476.31,0,8.4,4,7.0,0
CUST-2663,Omni Solutions #15,Healthcare IT,Latin America,Starter,Month-to-Month,AI Decision Platform,2025-11-15,2026-08-08,23,7,405.22,2836.54,193.59,1,5.2,6,8.5,0
CUST-2664,Elevate Dynamics #16,FinTech & Payments,North America,Mid-Market,Multi-Year,API Data Hub,2025-04-22,2026-08-01,30,10,2782.52,27825.2,2066.48,2,4.2,7,4.8,0
CUST-2665,Acro Logistics #17,SaaS & Cloud Software,North America,Growth,Annual Prepaid,Enterprise Analytics Suite,2025-06-12,2026-08-22,9,17,1151.15,19569.55,1510.46,1,2.0,7,17.0,0
CUST-2666,Horizon Labs #18,FinTech & Payments,Europe (EMEA),Enterprise,Quarterly,Cloud Infrastructure Pro,2026-01-08,2026-08-02,29,34,5882.36,200000.24,16469.06,4,5.3,6,23.1,1
CUST-2667,Beacon Logistics #19,Healthcare IT,Europe (EMEA),Starter,Month-to-Month,AI Decision Platform,2025-09-28,2026-08-22,9,7,626.24,4383.68,279.94,1,16.3,8,4.7,0
CUST-2668,Beacon Retail Group #20,SaaS & Cloud Software,Asia-Pacific,Enterprise,Annual Prepaid,Enterprise Analytics Suite,2026-03-31,2026-08-30,1,28,5359.65,150070.2,11624.62,10,11.4,4,22.0,0
CUST-2669,Novus Global #21,FinTech & Payments,Europe (EMEA),Enterprise,Month-to-Month,Cloud Infrastructure Pro,2025-12-24,2026-07-14,48,22,3588.94,78956.68,7338.85,3,17.5,6,8.5,1
CUST-2670,Solstice Solutions #22,Manufacturing & Logistics,North America,Starter,Quarterly,Cloud Infrastructure Pro,2026-02-28,2026-08-26,5,5,434.26,2171.3,139.88,2,13.3,7,18.3,0
CUST-2671,Novus Technologies #23,Professional & Legal Services,Europe (EMEA),Mid-Market,Annual Prepaid,AI Decision Platform,2026-03-05,2026-08-14,17,22,2000.97,44021.34,3388.22,3,8.2,5,11.4,0
CUST-2672,Acro Global #24,E-Commerce & Retail,North America,Growth,Multi-Year,API Data Hub,2026-02-09,2026-08-06,25,12,1140.42,13685.04,1007.39,2,10.9,6,2.6,0
CUST-2673,Kinetic Networks #25,Healthcare IT,North America,Growth,Annual Prepaid,API Data Hub,2025-10-28,2026-08-26,5,10,930.3,9303.0,741.2,2,7.3,8,20.2,0
CUST-2674,Solstice Solutions #26,SaaS & Cloud Software,Europe (EMEA),Enterprise,Annual Prepaid,Cloud Infrastructure Pro,2025-12-31,2026-07-26,36,32,5788.61,185235.52,17361.74,4,11.6,5,16.9,0
CUST-2675,Quantum Cloud #27,Professional & Legal Services,North America,Mid-Market,Annual Prepaid,Enterprise Analytics Suite,2024-10-23,2026-08-30,1,20,2055.39,41107.8,3204.25,2,4.6,8,1.3,0
CUST-2676,Nexus Dynamics #28,Healthcare IT,North America,Starter,Multi-Year,Cloud Infrastructure Pro,2025-07-10,2026-08-26,5,7,631.98,4423.86,365.55,2,26.2,7,4.2,0
CUST-2677,Novus Health #29,SaaS & Cloud Software,Europe (EMEA),Starter,Quarterly,Enterprise Analytics Suite,2025-10-25,2026-07-30,32,5,456.81,2284.05,156.29,3,11.1,5,5.4,0
CUST-2678,Aegis Global #30,SaaS & Cloud Software,Asia-Pacific,Mid-Market,Annual Prepaid,API Data Hub,2025-07-30,2026-07-19,43,23,3120.43,71769.89,5940.92,1,4.7,6,6.0,0
CUST-2679,Terra Logistics #31,SaaS & Cloud Software,North America,Mid-Market,Month-to-Month,AI Decision Platform,2025-09-10,2026-07-18,44,21,3165.08,66466.68,5121.15,2,22.0,4,10.9,0
CUST-2680,Aegis Cloud #32,Professional & Legal Services,Europe (EMEA),Starter,Annual Prepaid,Enterprise Analytics Suite,2025-12-15,2026-08-12,19,4,522.57,2090.28,145.5,2,18.7,5,32.2,0
CUST-2681,Elevate Capital #33,E-Commerce & Retail,Europe (EMEA),Starter,Annual Prepaid,Cloud Infrastructure Pro,2025-03-30,2026-08-13,18,4,574.1,2296.4,167.88,2,12.5,6,26.5,0
CUST-2682,CoreLogic Networks #34,Healthcare IT,Asia-Pacific,Growth,Multi-Year,Enterprise Analytics Suite,2025-11-26,2026-08-08,23,10,1998.21,19982.1,1728.91,1,10.4,5,38.1,0
CUST-2683,Pinnacle Cloud #35,E-Commerce & Retail,North America,Mid-Market,Multi-Year,Enterprise Analytics Suite,2025-10-18,2026-08-05,26,21,3699.82,77696.22,6770.24,3,8.3,6,30.2,0
CUST-2684,Quantum Networks #36,SaaS & Cloud Software,Europe (EMEA),Mid-Market,Annual Prepaid,Cloud Infrastructure Pro,2026-02-22,2026-08-19,12,18,2626.02,47268.36,3383.36,3,12.9,5,2.2,0
CUST-2685,Beacon Logistics #37,SaaS & Cloud Software,North America,Growth,Multi-Year,Cloud Infrastructure Pro,2024-08-19,2026-08-26,5,14,885.54,12397.56,1041.35,0,12.2,8,4.3,0
CUST-2686,Novus Technologies #38,Healthcare IT,North America,Mid-Market,Annual Prepaid,Enterprise Analytics Suite,2025-11-10,2026-07-11,51,23,3980.35,91548.05,7590.76,2,13.6,8,21.1,0
CUST-2687,Vanguard Retail Group #39,FinTech & Payments,North America,Mid-Market,Month-to-Month,Security & Compliance Shield,2026-03-30,2026-08-21,10,15,2788.59,41828.85,3571.08,0,28.3,8,14.1,0
CUST-2688,Terra Financial #40,Professional & Legal Services,Europe (EMEA),Enterprise,Month-to-Month,Enterprise Analytics Suite,2025-12-19,2026-06-02,90,39,5450.76,212579.64,17968.12,7,7.1,6,2.1,1
CUST-2689,Elevate Dynamics #41,FinTech & Payments,Europe (EMEA),Enterprise,Quarterly,Cloud Infrastructure Pro,2025-09-26,2026-08-17,14,34,4270.85,145208.9,12818.45,4,9.6,3,0.5,0
CUST-2690,Quantum Health #42,E-Commerce & Retail,North America,Mid-Market,Month-to-Month,AI Decision Platform,2026-07-06,2026-08-16,15,16,3244.08,51905.28,4629.35,3,10.6,7,7.2,0
CUST-2691,Apex Systems #43,FinTech & Payments,Europe (EMEA),Mid-Market,Multi-Year,API Data Hub,2026-03-11,2026-05-25,98,16,2937.75,47004.0,3516.47,3,6.8,4,22.1,1
CUST-2692,Pulse Ventures #44,Manufacturing & Logistics,North America,Growth,Annual Prepaid,Cloud Infrastructure Pro,2025-12-29,2026-08-12,19,8,859.47,6875.76,518.05,1,4.4,7,21.3,0
CUST-2693,Quantum Financial #45,Healthcare IT,North America,Growth,Multi-Year,Enterprise Analytics Suite,2025-07-22,2026-08-28,3,11,1329.46,14624.06,1240.94,2,4.7,6,50.0,0
CUST-2694,Starlight Cloud #46,FinTech & Payments,North America,Mid-Market,Annual Prepaid,Cloud Infrastructure Pro,2025-09-24,2026-08-27,4,25,2932.36,73309.0,5398.82,2,17.9,5,25.0,0
CUST-2695,Novus Dynamics #47,FinTech & Payments,North America,Growth,Multi-Year,Enterprise Analytics Suite,2026-02-14,2026-08-29,2,12,1248.4,14980.8,1008.39,2,28.5,7,20.2,0
CUST-2696,Solstice Health #48,Manufacturing & Logistics,North America,Mid-Market,Annual Prepaid,Enterprise Analytics Suite,2025-07-07,2026-08-26,5,17,2380.52,40468.84,2907.9,5,28.8,6,16.5,1
CUST-2697,Elevate Ventures #49,Healthcare IT,Europe (EMEA),Enterprise,Annual Prepaid,Enterprise Analytics Suite,2025-11-06,2026-08-25,6,34,3673.71,124906.14,11525.48,6,13.8,7,14.7,1
CUST-2698,Vertex Networks #50,Professional & Legal Services,Asia-Pacific,Enterprise,Multi-Year,AI Decision Platform,2025-09-06,2026-08-02,29,26,4539.04,118015.04,9056.3,4,18.6,6,23.4,0
CUST-2699,Horizon Cloud #51,E-Commerce & Retail,North America,Growth,Annual Prepaid,Security & Compliance Shield,2026-03-02,2026-08-17,14,13,1299.37,16891.81,1243.89,1,4.7,7,25.9,0
CUST-2700,Nexus Media #52,FinTech & Payments,North America,Starter,Month-to-Month,Cloud Infrastructure Pro,2026-01-11,2026-08-25,6,5,332.16,1660.8,120.22,3,19.9,6,5.2,0
CUST-2701,CoreLogic Media #53,E-Commerce & Retail,Europe (EMEA),Mid-Market,Multi-Year,API Data Hub,2026-04-06,2026-08-16,15,12,2715.19,32582.28,2752.38,3,2.7,5,10.4,0
CUST-2702,Acro Technologies #54,E-Commerce & Retail,Asia-Pacific,Enterprise,Multi-Year,Security & Compliance Shield,2025-08-30,2026-07-27,35,28,3891.44,108960.32,9859.65,5,5.4,4,46.7,0
CUST-2703,Crestview Capital #55,SaaS & Cloud Software,North America,Enterprise,Quarterly,Cloud Infrastructure Pro,2026-01-26,2026-07-29,33,32,6202.27,198472.64,16133.81,2,8.6,5,1.5,0
CUST-2704,Horizon Systems #56,Professional & Legal Services,Europe (EMEA),Mid-Market,Annual Prepaid,Enterprise Analytics Suite,2026-05-01,2026-07-30,32,19,2056.06,39065.14,3404.6,3,4.6,7,11.6,0
CUST-2705,Pinnacle Global #57,Healthcare IT,Asia-Pacific,Mid-Market,Multi-Year,Security & Compliance Shield,2025-11-20,2026-08-06,25,16,2924.88,46798.08,3657.81,3,6.4,7,2.5,0
CUST-2706,Novus Networks #58,Healthcare IT,North America,Enterprise,Annual Prepaid,Enterprise Analytics Suite,2025-12-04,2026-08-12,19,34,5665.34,192621.56,15099.74,5,21.3,7,19.2,0
CUST-2707,Kinetic Retail Group #59,SaaS & Cloud Software,North America,Starter,Multi-Year,Cloud Infrastructure Pro,2026-03-08,2026-08-07,24,6,311.73,1870.38,144.0,3,3.7,6,7.5,0
CUST-2708,Acro Ventures #60,Professional & Legal Services,Europe (EMEA),Growth,Annual Prepaid,Security & Compliance Shield,2025-12-14,2026-08-24,7,13,1030.69,13398.97,1032.02,4,14.4,4,20.2,0
CUST-2709,Vertex Networks #61,E-Commerce & Retail,Latin America,Enterprise,Multi-Year,Enterprise Analytics Suite,2026-03-26,2026-06-10,82,30,6117.85,183535.5,15445.13,3,13.3,6,14.3,0
CUST-2710,Crestview Capital #62,E-Commerce & Retail,North America,Mid-Market,Annual Prepaid,Security & Compliance Shield,2026-04-05,2026-08-24,7,20,2954.3,59086.0,4502.48,3,5.8,8,30.9,0
CUST-2711,Pulse Cloud #63,E-Commerce & Retail,Europe (EMEA),Starter,Multi-Year,API Data Hub,2026-03-31,2026-08-11,20,10,574.41,5744.1,433.01,2,17.9,7,3.1,0
CUST-2712,Terra Networks #64,SaaS & Cloud Software,North America,Enterprise,Annual Prepaid,Cloud Infrastructure Pro,2026-01-06,2026-08-24,7,40,5247.81,209912.4,17405.01,6,12.2,6,8.7,0
CUST-2713,Aegis Cloud #65,FinTech & Payments,North America,Mid-Market,Month-to-Month,API Data Hub,2025-07-03,2026-08-26,5,21,1735.85,36452.85,3046.02,3,10.6,6,21.2,0
CUST-2714,Prism Solutions #66,Manufacturing & Logistics,Europe (EMEA),Mid-Market,Quarterly,Cloud Infrastructure Pro,2025-12-01,2026-08-08,23,22,1594.15,35071.3,3076.33,2,8.3,6,9.9,0
CUST-2715,Novus Cloud #67,SaaS & Cloud Software,Europe (EMEA),Starter,Annual Prepaid,Enterprise Analytics Suite,2026-05-14,2026-08-22,9,5,464.34,2321.7,153.3,1,10.5,7,38.2,0
CUST-2716,Vertex Technologies #68,FinTech & Payments,Europe (EMEA),Starter,Month-to-Month,Enterprise Analytics Suite,2025-12-11,2026-08-08,23,6,453.09,2718.54,189.62,1,7.1,8,7.6,1
CUST-2717,Horizon Media #69,Healthcare IT,Europe (EMEA),Enterprise,Annual Prepaid,Enterprise Analytics Suite,2026-04-14,2026-08-03,28,34,6771.48,230230.32,16662.77,4,7.0,7,0.4,0
CUST-2718,Pinnacle Systems #70,FinTech & Payments,North America,Enterprise,Annual Prepaid,Enterprise Analytics Suite,2026-02-10,2026-08-14,17,37,3558.31,131657.47,10071.71,1,19.2,7,27.1,0
CUST-2719,Apex Health #71,SaaS & Cloud Software,Latin America,Growth,Annual Prepaid,Cloud Infrastructure Pro,2024-11-08,2026-08-29,2,10,1323.24,13232.4,985.21,0,4.6,8,20.1,0
CUST-2720,Elevate Financial #72,FinTech & Payments,North America,Mid-Market,Annual Prepaid,Cloud Infrastructure Pro,2026-02-19,2026-08-03,28,19,3032.23,57612.37,4669.45,6,12.2,5,22.6,0
CUST-2721,Stratum Logistics #73,FinTech & Payments,North America,Growth,Annual Prepaid,Enterprise Analytics Suite,2025-07-08,2026-07-26,36,11,1167.61,12843.71,907.79,2,13.6,6,14.5,0
CUST-2722,Omni Logistics #74,Professional & Legal Services,Europe (EMEA),Growth,Annual Prepaid,Cloud Infrastructure Pro,2025-07-20,2026-08-15,16,10,1714.3,17143.0,1453.61,1,13.8,5,18.5,0
CUST-2723,Terra Labs #75,SaaS & Cloud Software,North America,Mid-Market,Multi-Year,Cloud Infrastructure Pro,2025-06-15,2026-08-13,18,24,3150.01,75600.24,5374.46,1,2.5,8,8.2,0
CUST-2724,Prism Financial #76,E-Commerce & Retail,Latin America,Growth,Quarterly,API Data Hub,2025-08-23,2026-08-24,7,16,1303.01,20848.16,1591.33,3,9.4,5,8.3,0
CUST-2725,Pinnacle Media #77,Healthcare IT,Asia-Pacific,Growth,Annual Prepaid,Enterprise Analytics Suite,2025-11-29,2026-08-14,17,13,1349.82,17547.66,1268.2,4,14.0,3,12.5,0
CUST-2726,Pulse Financial #78,E-Commerce & Retail,North America,Starter,Multi-Year,API Data Hub,2025-12-06,2026-08-10,21,3,482.26,1446.78,99.67,0,8.8,8,20.5,0
CUST-2727,Novus Labs #79,Healthcare IT,Europe (EMEA),Mid-Market,Month-to-Month,Cloud Infrastructure Pro,2026-03-06,2026-05-30,93,16,3357.33,53717.28,4045.53,9,18.9,4,14.4,1
CUST-2728,Beacon Ventures #80,E-Commerce & Retail,Latin America,Mid-Market,Quarterly,Enterprise Analytics Suite,2026-03-29,2026-08-19,12,18,1552.69,27948.42,2559.34,4,11.0,5,41.8,0
CUST-2729,Stratum Financial #81,SaaS & Cloud Software,Europe (EMEA),Mid-Market,Annual Prepaid,API Data Hub,2024-11-16,2026-08-10,21,19,2881.78,54753.82,4850.47,3,9.4,7,26.3,0
CUST-2730,Nexus Solutions #82,Healthcare IT,North America,Enterprise,Annual Prepaid,Enterprise Analytics Suite,2025-10-03,2026-08-21,10,25,4677.89,116947.25,10164.71,1,15.3,6,3.3,0
CUST-2731,Horizon Capital #83,SaaS & Cloud Software,North America,Mid-Market,Annual Prepaid,Enterprise Analytics Suite,2026-04-19,2026-08-17,14,23,1322.36,30414.28,2273.99,2,11.8,4,17.6,0
CUST-2732,Stratum Health #84,Professional & Legal Services,Asia-Pacific,Growth,Annual Prepaid,Enterprise Analytics Suite,2024-11-20,2026-08-04,27,10,1518.94,15189.4,1288.35,2,14.1,6,23.1,0
CUST-2733,Starlight Dynamics #85,Healthcare IT,Europe (EMEA),Starter,Month-to-Month,Security & Compliance Shield,2025-06-21,2026-08-14,17,8,525.91,4207.28,284.5,2,7.4,6,6.5,0
CUST-2734,Novus Solutions #86,SaaS & Cloud Software,North America,Enterprise,Annual Prepaid,Security & Compliance Shield,2025-10-16,2026-08-22,9,39,7164.97,279433.83,23639.24,2,6.7,7,4.1,0
CUST-2735,Zenith Global #87,Healthcare IT,North America,Mid-Market,Annual Prepaid,Enterprise Analytics Suite,2026-06-28,2026-07-27,35,21,1819.83,38216.43,2793.66,2,15.9,6,25.5,0
CUST-2736,Omni Media #88,SaaS & Cloud Software,Europe (EMEA),Starter,Month-to-Month,Enterprise Analytics Suite,2025-04-04,2026-08-30,1,10,738.88,7388.8,494.81,2,1.8,7,9.7,0
CUST-2737,Crestview Health #89,FinTech & Payments,North America,Mid-Market,Annual Prepaid,Security & Compliance Shield,2025-06-17,2026-07-28,34,21,1723.17,36186.57,3103.47,3,10.6,7,13.6,0
CUST-2738,Vertex Global #90,Healthcare IT,Europe (EMEA),Enterprise,Multi-Year,Cloud Infrastructure Pro,2026-01-19,2026-08-23,8,38,4645.57,176531.66,14289.85,5,5.5,6,6.9,0
CUST-2739,Quantum Technologies #91,Healthcare IT,North America,Growth,Month-to-Month,Security & Compliance Shield,2025-06-22,2026-08-29,2,15,1452.9,21793.5,1569.66,2,11.1,8,31.2,0
CUST-2740,Beacon Systems #92,FinTech & Payments,Europe (EMEA),Mid-Market,Annual Prepaid,Cloud Infrastructure Pro,2026-04-06,2026-07-21,41,21,3032.52,63682.92,4614.98,4,13.7,3,13.9,0
CUST-2741,Solstice Networks #93,Healthcare IT,Europe (EMEA),Growth,Quarterly,API Data Hub,2025-11-19,2026-08-19,12,10,1202.94,12029.4,1042.67,2,17.6,9,7.5,0
CUST-2742,Stratum Global #94,Professional & Legal Services,Latin America,Mid-Market,Month-to-Month,AI Decision Platform,2025-06-10,2026-06-26,66,22,2133.04,46926.88,3496.79,5,5.5,4,25.3,0
CUST-2743,Aegis Capital #95,Professional & Legal Services,North America,Enterprise,Annual Prepaid,Enterprise Analytics Suite,2025-10-26,2026-08-26,5,35,4944.72,173065.2,12495.3,6,17.9,6,15.8,0
CUST-2744,Acro Capital #96,Professional & Legal Services,Asia-Pacific,Growth,Annual Prepaid,AI Decision Platform,2025-07-31,2026-07-28,34,15,1192.64,17889.6,1541.1,1,23.0,8,10.7,0
CUST-2745,Pinnacle Systems #97,Healthcare IT,Europe (EMEA),Starter,Multi-Year,AI Decision Platform,2026-01-25,2026-07-19,43,4,793.02,3172.08,255.91,1,3.2,8,3.9,0
CUST-2746,Nexus Global #1,Manufacturing & Logistics,North America,Growth,Quarterly,Cloud Infrastructure Pro,2025-07-18,2026-07-19,43,12,1334.31,16011.72,1125.14,1,18.9,6,8.5,0
CUST-2747,Zenith Capital #2,SaaS & Cloud Software,Latin America,Enterprise,Quarterly,Enterprise Analytics Suite,2025-06-20,2026-08-22,9,34,5257.75,178763.5,16935.4,5,16.7,4,17.9,0
CUST-2748,Elevate Media #3,SaaS & Cloud Software,North America,Mid-Market,Month-to-Month,Enterprise Analytics Suite,2025-11-02,2026-08-28,3,21,1834.23,38518.83,2993.56,5,15.0,8,21.4,0
CUST-2749,Acro Capital #4,SaaS & Cloud Software,North America,Enterprise,Multi-Year,Enterprise Analytics Suite,2025-09-28,2026-08-07,24,34,5023.67,170804.78,12663.45,2,16.7,6,20.4,0
CUST-2750,Pulse Financial #5,Manufacturing & Logistics,Europe (EMEA),Mid-Market,Multi-Year,Cloud Infrastructure Pro,2025-08-09,2026-07-13,49,21,1729.85,36326.85,2865.51,3,10.3,5,3.0,0
CUST-2751,Beacon Solutions #6,SaaS & Cloud Software,North America,Starter,Quarterly,Enterprise Analytics Suite,2026-05-04,2026-08-21,10,3,592.5,1777.5,130.28,2,11.8,7,7.1,0
CUST-2752,Terra Dynamics #7,Healthcare IT,North America,Starter,Annual Prepaid,Cloud Infrastructure Pro,2025-09-28,2026-08-29,2,6,419.47,2516.82,198.97,0,8.9,7,13.1,1
CUST-2753,Horizon Cloud #8,E-Commerce & Retail,Europe (EMEA),Starter,Annual Prepaid,Cloud Infrastructure Pro,2025-05-05,2026-07-20,42,7,634.98,4444.86,315.85,1,7.7,6,24.5,0
CUST-2754,Novus Systems #9,Healthcare IT,North America,Mid-Market,Multi-Year,Enterprise Analytics Suite,2025-11-05,2026-08-01,30,21,2893.29,60759.09,4642.37,3,23.4,5,19.9,0
CUST-2755,Kinetic Networks #10,E-Commerce & Retail,Europe (EMEA),Starter,Multi-Year,Cloud Infrastructure Pro,2025-12-31,2026-07-31,31,5,596.35,2981.75,194.74,5,11.1,4,0.4,0
CUST-2756,Apex Networks #11,Professional & Legal Services,North America,Mid-Market,Quarterly,Cloud Infrastructure Pro,2025-10-14,2026-08-27,4,20,2862.51,57250.2,4280.14,4,8.6,5,17.4,0
CUST-2757,Horizon Health #12,E-Commerce & Retail,Europe (EMEA),Growth,Quarterly,Cloud Infrastructure Pro,2025-05-25,2026-08-11,20,10,1112.68,11126.8,944.73,2,9.6,5,28.8,0
CUST-2758,Starlight Cloud #13,Professional & Legal Services,North America,Mid-Market,Annual Prepaid,AI Decision Platform,2026-05-03,2026-08-03,28,16,2070.87,33133.92,2958.48,3,9.5,9,14.6,0
CUST-2759,Beacon Labs #14,Professional & Legal Services,Europe (EMEA),Mid-Market,Annual Prepaid,API Data Hub,2026-03-25,2026-08-16,15,22,2954.78,65005.16,4612.09,4,3.6,6,2.5,0
CUST-2760,Terra Retail Group #15,Manufacturing & Logistics,North America,Growth,Month-to-Month,API Data Hub,2026-02-15,2026-08-18,13,10,1620.54,16205.4,1332.64,2,4.1,8,21.8,0
CUST-2761,Stratum Health #16,Professional & Legal Services,North America,Mid-Market,Month-to-Month,Enterprise Analytics Suite,2026-01-18,2026-08-14,17,18,2890.68,52032.24,3990.65,4,10.7,8,13.6,0
CUST-2762,Quantum Financial #17,FinTech & Payments,North America,Enterprise,Multi-Year,AI Decision Platform,2025-09-19,2026-08-11,20,41,5549.9,227545.9,18835.55,8,10.0,2,27.7,1
CUST-2763,Zenith Technologies #18,Healthcare IT,Europe (EMEA),Enterprise,Annual Prepaid,Enterprise Analytics Suite,2026-01-23,2026-08-08,23,30,5845.38,175361.4,13633.57,2,12.0,3,39.5,0
CUST-2764,Starlight Dynamics #19,SaaS & Cloud Software,North America,Enterprise,Annual Prepaid,AI Decision Platform,2026-02-15,2026-08-28,3,25,5892.41,147310.25,13773.72,7,13.7,7,4.2,0
CUST-2765,Crestview Networks #20,Professional & Legal Services,Europe (EMEA),Growth,Quarterly,AI Decision Platform,2025-08-07,2026-08-15,16,12,1873.38,22480.56,1680.88,1,12.7,5,11.5,0
CUST-2766,Pinnacle Labs #21,FinTech & Payments,Europe (EMEA),Enterprise,Annual Prepaid,Security & Compliance Shield,2025-05-29,2026-07-20,42,29,3483.79,101029.91,8145.51,3,25.5,5,43.4,0
CUST-2767,Crestview Financial #22,E-Commerce & Retail,North America,Growth,Multi-Year,API Data Hub,2026-02-11,2026-08-08,23,10,1344.05,13440.5,909.44,4,27.1,6,7.8,0
CUST-2768,Synergy Media #23,FinTech & Payments,North America,Enterprise,Month-to-Month,Enterprise Analytics Suite,2024-11-30,2026-08-04,27,28,7170.3,200768.4,18010.6,4,15.1,7,8.2,0
CUST-2769,Beacon Cloud #24,Healthcare IT,Europe (EMEA),Mid-Market,Quarterly,AI Decision Platform,2026-06-01,2026-07-02,60,19,3051.83,57984.77,4277.92,1,9.4,7,23.4,0
CUST-2770,Quantum Capital #25,SaaS & Cloud Software,North America,Enterprise,Annual Prepaid,AI Decision Platform,2026-02-05,2026-08-13,18,35,3843.92,134537.2,11823.16,5,4.5,5,2.0,0
CUST-2771,Acro Health #26,Manufacturing & Logistics,Europe (EMEA),Enterprise,Quarterly,Enterprise Analytics Suite,2025-02-04,2026-08-20,11,39,4159.35,162214.65,15337.41,7,17.0,3,14.9,1
CUST-2772,Crestview Technologies #27,Manufacturing & Logistics,Europe (EMEA),Enterprise,Annual Prepaid,Security & Compliance Shield,2026-02-25,2026-08-27,4,35,5912.83,206949.05,14906.09,4,11.8,6,23.2,0
CUST-2773,Kinetic Solutions #28,E-Commerce & Retail,Europe (EMEA),Growth,Multi-Year,Cloud Infrastructure Pro,2026-01-31,2026-08-16,15,11,1149.16,12640.76,858.97,3,20.3,4,9.1,0
CUST-2774,Novus Labs #29,SaaS & Cloud Software,Europe (EMEA),Mid-Market,Month-to-Month,Enterprise Analytics Suite,2026-04-22,2026-08-24,7,19,1705.45,32403.55,2896.66,2,13.4,5,7.7,0
CUST-2775,Vanguard Health #30,FinTech & Payments,Latin America,Enterprise,Month-to-Month,API Data Hub,2025-04-18,2026-07-01,61,30,4382.57,131477.1,12255.94,6,11.9,5,3.7,1
CUST-2776,Novus Systems #31,SaaS & Cloud Software,Europe (EMEA),Growth,Month-to-Month,AI Decision Platform,2025-08-10,2026-08-26,5,15,1204.09,18061.35,1546.41,1,23.3,8,4.5,0
CUST-2777,CoreLogic Retail Group #32,Healthcare IT,North America,Mid-Market,Annual Prepaid,API Data Hub,2026-01-16,2026-08-19,12,21,2143.87,45021.27,3858.72,3,12.2,3,10.7,0
CUST-2778,Nexus Ventures #33,E-Commerce & Retail,Asia-Pacific,Enterprise,Annual Prepaid,API Data Hub,2025-09-17,2026-08-20,11,30,5533.42,166002.6,13329.87,0,18.2,7,8.1,0
CUST-2779,Pinnacle Ventures #34,Healthcare IT,Europe (EMEA),Mid-Market,Annual Prepaid,Enterprise Analytics Suite,2025-04-24,2026-08-25,6,16,2407.17,38514.72,3271.55,2,6.9,9,19.3,0
CUST-2780,Stratum Technologies #35,Healthcare IT,North America,Starter,Multi-Year,AI Decision Platform,2025-05-06,2026-08-19,12,3,564.02,1692.06,117.84,1,3.5,6,30.8,0
CUST-2781,Pinnacle Health #36,FinTech & Payments,Europe (EMEA),Enterprise,Annual Prepaid,API Data Hub,2025-08-09,2026-08-22,9,41,6030.82,247263.62,19243.22,4,8.5,5,6.6,0
CUST-2782,Acro Labs #37,SaaS & Cloud Software,Europe (EMEA),Mid-Market,Quarterly,API Data Hub,2026-02-05,2026-08-03,28,16,3068.31,49092.96,3806.55,3,7.4,4,14.0,1
CUST-2783,Aegis Networks #38,Manufacturing & Logistics,Europe (EMEA),Mid-Market,Month-to-Month,Enterprise Analytics Suite,2026-05-07,2026-08-18,13,14,2895.63,40538.82,3424.53,1,13.1,6,22.9,0
CUST-2784,Elevate Solutions #39,SaaS & Cloud Software,Asia-Pacific,Starter,Multi-Year,AI Decision Platform,2025-08-15,2026-08-04,27,5,638.37,3191.85,215.42,1,16.0,9,21.8,0
CUST-2785,Solstice Capital #40,Manufacturing & Logistics,North America,Mid-Market,Month-to-Month,AI Decision Platform,2026-03-08,2026-08-19,12,28,1401.46,39240.88,3180.18,2,5.7,9,4.9,0
CUST-2786,Starlight Networks #41,Professional & Legal Services,North America,Growth,Annual Prepaid,API Data Hub,2025-11-04,2026-08-09,22,11,1787.12,19658.32,1695.84,1,11.7,8,22.9,0
CUST-2787,Beacon Technologies #42,E-Commerce & Retail,Europe (EMEA),Enterprise,Annual Prepaid,Enterprise Analytics Suite,2025-09-07,2026-08-13,18,35,3746.18,131116.3,9328.18,1,10.0,5,4.3,0
CUST-2788,Zenith Health #43,Professional & Legal Services,Europe (EMEA),Mid-Market,Annual Prepaid,Enterprise Analytics Suite,2024-10-20,2026-08-10,21,21,2305.62,48418.02,3943.85,0,7.1,10,25.7,0
CUST-2789,Prism Labs #44,Professional & Legal Services,Asia-Pacific,Mid-Market,Annual Prepaid,Enterprise Analytics Suite,2025-08-13,2026-08-15,16,23,1971.36,45341.28,3228.28,2,1.8,4,15.1,0
CUST-2790,Vanguard Networks #45,Professional & Legal Services,Europe (EMEA),Growth,Multi-Year,API Data Hub,2025-06-21,2026-08-11,20,14,1574.44,22042.16,1785.58,2,6.6,4,11.3,0
CUST-2791,Quantum Ventures #46,Healthcare IT,North America,Mid-Market,Month-to-Month,API Data Hub,2025-12-10,2026-08-12,19,23,3064.35,70480.05,5432.87,4,28.9,4,17.5,0
CUST-2792,Acro Technologies #47,E-Commerce & Retail,North America,Mid-Market,Quarterly,Cloud Infrastructure Pro,2025-11-16,2026-08-06,25,19,3130.14,59472.66,4237.97,1,21.5,7,16.1,0
CUST-2793,Pulse Labs #48,SaaS & Cloud Software,Asia-Pacific,Enterprise,Annual Prepaid,Enterprise Analytics Suite,2026-03-09,2026-08-17,14,27,4160.47,112332.69,10466.82,3,16.2,6,20.8,0
CUST-2794,Omni Capital #49,Healthcare IT,North America,Growth,Multi-Year,Enterprise Analytics Suite,2026-01-20,2026-08-14,17,11,679.27,7471.97,601.15,4,5.5,8,10.3,0
CUST-2795,Vertex Media #50,Healthcare IT,North America,Growth,Annual Prepaid,AI Decision Platform,2025-12-06,2026-06-08,84,9,1084.37,9759.33,687.46,4,19.0,2,11.2,1
CUST-2796,Acro Capital #51,FinTech & Payments,North America,Growth,Annual Prepaid,API Data Hub,2025-08-11,2026-07-29,33,8,1404.43,11235.44,956.39,2,6.3,7,18.0,0
CUST-2797,Prism Technologies #52,SaaS & Cloud Software,Europe (EMEA),Mid-Market,Multi-Year,Cloud Infrastructure Pro,2026-03-18,2026-07-03,59,19,3050.32,57956.08,5243.72,4,5.3,6,26.1,0
CUST-2798,Aegis Technologies #53,FinTech & Payments,Asia-Pacific,Enterprise,Month-to-Month,Security & Compliance Shield,2026-02-15,2026-08-26,5,29,5505.17,159649.93,11530.72,5,18.2,6,14.4,0
CUST-2799,Vertex Logistics #54,FinTech & Payments,North America,Enterprise,Quarterly,Security & Compliance Shield,2025-12-22,2026-07-30,32,39,4930.34,192283.26,16794.93,5,25.7,4,17.0,0
CUST-2800,Novus Health #55,Professional & Legal Services,Europe (EMEA),Growth,Quarterly,AI Decision Platform,2026-05-16,2026-08-24,7,11,1357.28,14930.08,1108.09,2,19.1,6,7.2,0
CUST-2801,Pinnacle Ventures #56,SaaS & Cloud Software,North America,Growth,Annual Prepaid,Security & Compliance Shield,2025-10-11,2026-03-20,164,9,1108.72,9978.48,844.14,2,16.0,2,32.8,1
CUST-2802,Quantum Systems #57,FinTech & Payments,North America,Mid-Market,Annual Prepaid,Enterprise Analytics Suite,2025-09-01,2026-08-18,13,15,2909.28,43639.2,3960.88,3,4.2,7,30.6,0
CUST-2803,Nexus Health #58,SaaS & Cloud Software,Latin America,Growth,Month-to-Month,Security & Compliance Shield,2026-02-25,2026-08-28,3,7,1426.77,9987.39,834.58,0,10.7,6,18.3,0
CUST-2804,Vertex Dynamics #59,FinTech & Payments,North America,Starter,Annual Prepaid,AI Decision Platform,2025-07-21,2026-08-20,11,8,673.41,5387.28,378.61,1,22.5,6,15.1,0
CUST-2805,Beacon Financial #60,Manufacturing & Logistics,Asia-Pacific,Mid-Market,Annual Prepaid,Security & Compliance Shield,2024-11-28,2026-08-13,18,19,800.0,15200.0,1355.54,6,14.4,7,20.9,0
CUST-2806,Omni Dynamics #61,SaaS & Cloud Software,Europe (EMEA),Mid-Market,Multi-Year,AI Decision Platform,2024-09-22,2026-07-21,41,14,3246.4,45449.6,3635.31,4,13.5,4,15.1,0
CUST-2807,Apex Ventures #62,SaaS & Cloud Software,North America,Starter,Annual Prepaid,AI Decision Platform,2026-03-15,2026-08-10,21,3,538.86,1616.58,118.51,3,20.8,8,25.0,0
CUST-2808,Nexus Cloud #63,E-Commerce & Retail,North America,Mid-Market,Quarterly,API Data Hub,2025-10-21,2026-07-26,36,13,3648.82,47434.66,3409.86,3,10.8,8,28.7,0
CUST-2809,Solstice Labs #64,E-Commerce & Retail,North America,Mid-Market,Multi-Year,Cloud Infrastructure Pro,2025-08-26,2026-08-21,10,12,2701.5,32418.0,2749.56,6,11.0,6,33.5,0
CUST-2810,Prism Retail Group #65,E-Commerce & Retail,Europe (EMEA),Growth,Annual Prepaid,Security & Compliance Shield,2025-11-15,2026-08-23,8,10,1641.39,16413.9,1120.6,4,25.2,2,9.3,0
CUST-2811,Stratum Technologies #66,Professional & Legal Services,Europe (EMEA),Starter,Quarterly,Cloud Infrastructure Pro,2026-03-17,2026-08-26,5,4,649.31,2597.24,183.8,0,17.1,8,7.1,1
CUST-2812,Prism Cloud #67,FinTech & Payments,North America,Starter,Quarterly,Cloud Infrastructure Pro,2025-12-27,2026-06-22,70,5,426.31,2131.55,142.02,1,10.7,4,16.6,1
CUST-2813,Terra Cloud #68,E-Commerce & Retail,Asia-Pacific,Enterprise,Multi-Year,AI Decision Platform,2026-04-27,2026-08-21,10,39,7153.42,278983.38,26229.38,4,7.8,4,3.1,0
CUST-2814,Vanguard Health #69,FinTech & Payments,North America,Mid-Market,Annual Prepaid,Security & Compliance Shield,2025-07-06,2026-08-12,19,23,2860.47,65790.81,5931.8,5,7.7,6,7.3,0
CUST-2815,Acro Dynamics #70,Healthcare IT,Latin America,Growth,Month-to-Month,Enterprise Analytics Suite,2024-11-26,2026-08-26,5,13,1678.37,21818.81,1885.02,4,11.3,7,16.1,1
CUST-2816,Stratum Global #71,Healthcare IT,North America,Growth,Month-to-Month,AI Decision Platform,2026-05-14,2026-05-20,103,10,1238.96,12389.6,904.72,5,12.4,3,2.5,1
CUST-2817,Nexus Retail Group #72,Professional & Legal Services,North America,Starter,Annual Prepaid,Enterprise Analytics Suite,2025-12-31,2026-08-03,28,12,736.59,8839.08,714.56,1,2.4,9,12.3,0
CUST-2818,Solstice Logistics #73,SaaS & Cloud Software,North America,Enterprise,Annual Prepaid,Enterprise Analytics Suite,2025-09-05,2026-08-02,29,26,5361.37,139395.62,11802.14,4,7.2,5,21.4,1
CUST-2819,Quantum Labs #74,E-Commerce & Retail,North America,Mid-Market,Multi-Year,Enterprise Analytics Suite,2026-03-31,2026-08-27,4,20,2659.68,53193.6,4805.19,0,6.8,8,27.9,0
CUST-2820,Vertex Capital #75,Healthcare IT,North America,Mid-Market,Quarterly,AI Decision Platform,2025-11-17,2026-08-27,4,21,4339.11,91121.31,7414.97,1,5.1,7,33.4,0
CUST-2821,Synergy Networks #76,Healthcare IT,Europe (EMEA),Starter,Month-to-Month,API Data Hub,2026-02-06,2026-08-28,3,7,732.47,5127.29,336.89,2,8.9,7,3.2,0
CUST-2822,Quantum Media #77,SaaS & Cloud Software,Europe (EMEA),Growth,Quarterly,API Data Hub,2025-07-12,2026-06-05,87,15,704.92,10573.8,838.55,6,21.3,3,3.5,1
CUST-2823,Pulse Retail Group #78,FinTech & Payments,Asia-Pacific,Growth,Annual Prepaid,API Data Hub,2025-09-10,2026-08-09,22,15,1667.79,25016.85,1798.83,2,8.5,7,15.3,0
CUST-2824,Apex Ventures #79,Healthcare IT,Europe (EMEA),Mid-Market,Multi-Year,API Data Hub,2026-01-26,2026-07-30,32,25,2384.54,59613.5,5192.9,2,17.7,6,14.4,0
CUST-2825,Nexus Media #80,Healthcare IT,Europe (EMEA),Growth,Multi-Year,Security & Compliance Shield,2025-07-30,2026-08-25,6,13,1180.27,15343.51,1083.36,2,14.1,5,2.6,0
CUST-2826,Zenith Health #81,FinTech & Payments,Europe (EMEA),Enterprise,Month-to-Month,AI Decision Platform,2026-02-14,2026-08-30,1,30,6000.96,180028.8,16864.3,4,15.5,7,24.9,0
CUST-2827,Vanguard Technologies #82,FinTech & Payments,Asia-Pacific,Mid-Market,Month-to-Month,Cloud Infrastructure Pro,2025-09-01,2026-08-25,6,15,2340.65,35109.75,3068.73,1,3.8,6,16.9,0
CUST-2828,Prism Solutions #83,FinTech & Payments,Europe (EMEA),Starter,Month-to-Month,Enterprise Analytics Suite,2025-03-03,2026-08-11,20,3,714.72,2144.16,135.22,2,5.7,7,7.5,0
CUST-2829,Pulse Labs #84,Healthcare IT,North America,Enterprise,Month-to-Month,Enterprise Analytics Suite,2025-04-12,2026-07-26,36,28,4681.7,131087.6,12290.46,4,10.5,5,17.6,1
CUST-2830,Apex Financial #85,Healthcare IT,North America,Mid-Market,Annual Prepaid,Cloud Infrastructure Pro,2025-12-02,2026-08-02,29,19,1968.78,37406.82,3383.25,4,37.9,3,5.1,1
CUST-2831,Acro Health #86,Healthcare IT,Europe (EMEA),Enterprise,Quarterly,Enterprise Analytics Suite,2025-10-01,2026-08-18,13,36,4848.19,174534.84,15012.64,3,8.2,7,5.9,0
CUST-2832,Apex Financial #87,SaaS & Cloud Software,North America,Mid-Market,Annual Prepaid,Security & Compliance Shield,2024-12-24,2026-08-25,6,14,2193.51,30709.14,2739.78,4,23.1,5,24.3,0
CUST-2833,Apex Health #88,FinTech & Payments,North America,Starter,Quarterly,Cloud Infrastructure Pro,2024-03-24,2026-08-28,3,6,376.79,2260.74,157.02,5,8.6,6,9.0,0
CUST-2834,Zenith Systems #89,FinTech & Payments,Europe (EMEA),Mid-Market,Annual Prepaid,AI Decision Platform,2026-05-01,2026-08-12,19,21,3799.9,79797.9,6272.01,4,14.5,6,21.9,0
CUST-2835,Stratum Media #90,SaaS & Cloud Software,North America,Enterprise,Annual Prepaid,Cloud Infrastructure Pro,2025-04-15,2026-08-22,9,30,4768.81,143064.3,11559.74,6,8.5,4,17.6,0
CUST-2836,Prism Global #91,E-Commerce & Retail,Europe (EMEA),Growth,Annual Prepaid,AI Decision Platform,2025-10-12,2026-08-29,2,14,1297.93,18171.02,1323.6,1,21.9,8,23.2,1
CUST-2837,Zenith Cloud #92,FinTech & Payments,Asia-Pacific,Mid-Market,Month-to-Month,Cloud Infrastructure Pro,2025-09-05,2026-06-27,65,19,2508.47,47660.93,4110.72,2,7.1,7,14.9,1
CUST-2838,Vanguard Cloud #93,SaaS & Cloud Software,Europe (EMEA),Mid-Market,Month-to-Month,Cloud Infrastructure Pro,2026-06-08,2026-08-07,24,15,2591.13,38866.95,2920.16,0,21.5,6,3.9,0
CUST-2839,Stratum Dynamics #94,E-Commerce & Retail,North America,Growth,Month-to-Month,Enterprise Analytics Suite,2025-10-31,2026-05-06,117,8,1546.73,12373.84,969.95,3,10.4,5,19.6,1
CUST-2840,Nexus Retail Group #95,Manufacturing & Logistics,Asia-Pacific,Growth,Annual Prepaid,API Data Hub,2025-10-31,2026-08-12,19,12,1655.73,19868.76,1599.37,2,4.7,4,11.8,0
CUST-2841,Elevate Capital #96,Manufacturing & Logistics,North America,Enterprise,Multi-Year,AI Decision Platform,2025-05-04,2026-08-22,9,26,3872.98,100697.48,8095.74,2,5.3,7,30.2,0
CUST-2842,Pinnacle Global #97,SaaS & Cloud Software,Latin America,Enterprise,Annual Prepaid,Enterprise Analytics Suite,2026-01-26,2026-08-14,17,47,6354.85,298677.95,24036.97,2,6.7,7,5.8,0
CUST-2843,Zenith Financial #1,SaaS & Cloud Software,Europe (EMEA),Growth,Annual Prepaid,API Data Hub,2025-10-31,2026-08-03,28,12,1483.91,17806.92,1305.45,2,5.4,8,10.7,0
CUST-2844,Beacon Health #2,Healthcare IT,Europe (EMEA),Mid-Market,Month-to-Month,AI Decision Platform,2025-11-28,2026-08-16,15,21,3099.55,65090.55,5153.66,5,27.7,3,22.1,0
CUST-2845,CoreLogic Systems #3,SaaS & Cloud Software,North America,Mid-Market,Month-to-Month,Enterprise Analytics Suite,2026-03-26,2026-08-12,19,16,2325.39,37206.24,3089.37,7,9.9,5,5.2,0
CUST-2846,Kinetic Global #4,FinTech & Payments,Europe (EMEA),Growth,Month-to-Month,Enterprise Analytics Suite,2025-09-30,2026-08-17,14,12,1668.79,20025.48,1346.67,3,11.7,7,7.7,0
CUST-2847,Solstice Labs #5,SaaS & Cloud Software,North America,Growth,Month-to-Month,AI Decision Platform,2025-10-10,2026-07-15,47,7,1362.47,9537.29,739.81,4,10.1,6,9.6,0
CUST-2848,Stratum Logistics #6,FinTech & Payments,North America,Mid-Market,Annual Prepaid,AI Decision Platform,2026-04-09,2026-08-23,8,23,2136.89,49148.47,4197.32,2,20.5,4,31.1,0
CUST-2849,Pinnacle Systems #7,SaaS & Cloud Software,North America,Starter,Quarterly,AI Decision Platform,2026-04-01,2026-06-30,62,2,543.24,1086.48,90.53,0,14.1,7,18.3,0
CUST-2850,Beacon Technologies #8,E-Commerce & Retail,North America,Enterprise,Annual Prepaid,Cloud Infrastructure Pro,2025-02-19,2026-07-23,39,22,7048.49,155066.78,13657.54,8,12.9,3,25.6,0
CUST-2851,Crestview Technologies #9,FinTech & Payments,Asia-Pacific,Growth,Multi-Year,Cloud Infrastructure Pro,2025-08-10,2026-08-24,7,15,761.82,11427.3,988.32,2,4.2,7,10.1,0
CUST-2852,Vanguard Dynamics #10,SaaS & Cloud Software,North America,Mid-Market,Annual Prepaid,Security & Compliance Shield,2026-05-04,2026-08-28,3,21,3168.19,66531.99,4779.45,3,16.2,6,23.0,0
CUST-2853,Horizon Solutions #11,SaaS & Cloud Software,Asia-Pacific,Growth,Quarterly,Enterprise Analytics Suite,2026-03-29,2026-08-14,17,7,1294.17,9059.19,712.4,4,11.9,6,28.6,0
CUST-2854,Kinetic Media #12,E-Commerce & Retail,North America,Growth,Month-to-Month,API Data Hub,2026-04-03,2026-05-24,99,12,2145.48,25745.76,1944.68,2,13.5,5,16.9,1
CUST-2855,Nexus Technologies #13,Healthcare IT,Europe (EMEA),Growth,Month-to-Month,Security & Compliance Shield,2025-11-16,2026-08-02,29,12,1414.34,16972.08,1244.38,0,4.9,5,11.5,0
CUST-2856,Quantum Logistics #14,SaaS & Cloud Software,Europe (EMEA),Starter,Month-to-Month,AI Decision Platform,2025-02-01,2026-07-27,35,6,449.97,2699.82,221.82,2,6.3,6,8.7,0
CUST-2857,Omni Logistics #15,Professional & Legal Services,North America,Mid-Market,Quarterly,Cloud Infrastructure Pro,2026-01-31,2026-08-15,16,17,1675.62,28485.54,2380.82,2,4.3,6,25.9,0
CUST-2858,Vertex Solutions #16,FinTech & Payments,North America,Enterprise,Month-to-Month,AI Decision Platform,2026-05-02,2026-08-23,8,30,5903.1,177093.0,14985.57,4,31.5,4,7.0,0
CUST-2859,Elevate Ventures #17,SaaS & Cloud Software,North America,Enterprise,Month-to-Month,AI Decision Platform,2025-07-24,2026-08-10,21,23,5077.78,116788.94,9368.98,2,6.4,8,28.6,0
CUST-2860,Novus Labs #18,Healthcare IT,Europe (EMEA),Starter,Month-to-Month,Cloud Infrastructure Pro,2026-01-15,2026-07-24,38,7,245.73,1720.11,108.16,3,15.4,5,9.5,0
CUST-2861,Crestview Networks #19,SaaS & Cloud Software,Latin America,Growth,Annual Prepaid,Cloud Infrastructure Pro,2025-12-27,2026-08-28,3,12,1311.18,15734.16,1325.85,3,10.0,6,35.5,0
CUST-2862,Starlight Dynamics #20,Professional & Legal Services,North America,Enterprise,Multi-Year,AI Decision Platform,2026-01-05,2026-08-10,21,30,3761.18,112835.4,10709.92,4,29.8,3,8.5,0
CUST-2863,Solstice Cloud #21,Professional & Legal Services,Asia-Pacific,Growth,Annual Prepaid,Enterprise Analytics Suite,2025-03-24,2026-07-30,32,16,1029.97,16479.52,1376.16,1,9.6,9,27.0,0
CUST-2864,CoreLogic Financial #22,FinTech & Payments,Asia-Pacific,Mid-Market,Multi-Year,Enterprise Analytics Suite,2025-09-25,2026-08-20,11,25,2659.61,66490.25,5443.38,2,13.9,5,16.2,0
CUST-2865,Aegis Dynamics #23,FinTech & Payments,North America,Growth,Quarterly,API Data Hub,2025-11-21,2026-08-20,11,9,1231.19,11080.71,757.41,2,9.3,6,32.5,0
CUST-2866,Starlight Logistics #24,SaaS & Cloud Software,Europe (EMEA),Enterprise,Month-to-Month,AI Decision Platform,2025-06-25,2026-07-24,38,35,4776.13,167164.55,13420.15,3,17.5,6,19.0,0
CUST-2867,Elevate Ventures #25,Healthcare IT,Europe (EMEA),Mid-Market,Quarterly,Security & Compliance Shield,2026-02-02,2026-08-07,24,16,2731.23,43699.68,3637.44,4,14.2,4,5.7,0
CUST-2868,Crestview Ventures #26,SaaS & Cloud Software,North America,Growth,Annual Prepaid,Enterprise Analytics Suite,2026-01-08,2026-08-30,1,8,908.63,7269.04,597.24,3,6.2,6,11.3,0
CUST-2869,Pulse Logistics #27,Manufacturing & Logistics,Europe (EMEA),Mid-Market,Multi-Year,Enterprise Analytics Suite,2025-11-01,2026-08-03,28,16,2293.97,36703.52,2929.2,2,9.0,8,3.9,0
CUST-2870,Stratum Financial #28,SaaS & Cloud Software,North America,Mid-Market,Quarterly,AI Decision Platform,2025-04-20,2026-07-30,32,18,2350.68,42312.24,3638.46,2,6.8,8,32.6,0
CUST-2871,Quantum Dynamics #29,SaaS & Cloud Software,Europe (EMEA),Growth,Month-to-Month,Enterprise Analytics Suite,2026-04-06,2026-08-20,11,6,1401.58,8409.48,667.97,4,26.0,2,27.2,0
CUST-2872,CoreLogic Ventures #30,Healthcare IT,Asia-Pacific,Mid-Market,Annual Prepaid,Cloud Infrastructure Pro,2025-05-25,2026-08-12,19,18,1863.27,33538.86,3038.46,2,9.5,8,8.9,0
CUST-2873,Solstice Networks #31,Professional & Legal Services,Asia-Pacific,Starter,Month-to-Month,Enterprise Analytics Suite,2025-07-04,2026-08-18,13,6,526.54,3159.24,223.52,3,12.4,7,12.8,0
CUST-2874,Vanguard Capital #32,E-Commerce & Retail,North America,Enterprise,Multi-Year,Enterprise Analytics Suite,2026-01-02,2026-08-15,16,32,8159.06,261089.92,23812.38,4,14.7,5,29.2,0
CUST-2875,CoreLogic Global #33,FinTech & Payments,Asia-Pacific,Starter,Annual Prepaid,Cloud Infrastructure Pro,2025-12-18,2026-08-21,10,7,658.59,4610.13,352.44,0,15.1,6,4.9,0
CUST-2876,Solstice Dynamics #34,E-Commerce & Retail,North America,Mid-Market,Annual Prepaid,Enterprise Analytics Suite,2025-08-24,2026-07-24,38,19,2065.09,39236.71,3588.61,0,5.8,8,25.2,0
CUST-2877,Beacon Global #35,E-Commerce & Retail,Europe (EMEA),Enterprise,Month-to-Month,Security & Compliance Shield,2026-04-04,2026-08-11,20,34,5945.24,202138.16,15594.29,3,7.5,5,6.6,0
CUST-2878,Starlight Health #36,Manufacturing & Logistics,North America,Growth,Multi-Year,AI Decision Platform,2026-02-16,2026-08-01,30,11,1298.48,14283.28,1006.45,2,5.5,7,23.6,0
CUST-2879,Aegis Capital #37,Healthcare IT,North America,Enterprise,Annual Prepaid,Cloud Infrastructure Pro,2026-04-05,2026-08-27,4,24,6050.83,145219.92,12448.06,9,17.5,6,7.1,0
CUST-2880,Starlight Global #38,E-Commerce & Retail,North America,Starter,Month-to-Month,AI Decision Platform,2025-12-05,2026-07-03,59,6,283.29,1699.74,129.5,0,9.2,8,4.9,0
CUST-2881,Omni Labs #39,Healthcare IT,North America,Enterprise,Month-to-Month,AI Decision Platform,2026-02-09,2026-05-05,118,39,1879.37,73295.43,6738.82,6,30.1,4,16.4,1
CUST-2882,Quantum Health #40,E-Commerce & Retail,North America,Starter,Annual Prepaid,Security & Compliance Shield,2026-01-29,2026-08-28,3,4,616.34,2465.36,192.88,1,2.6,6,12.8,0
CUST-2883,Novus Health #41,E-Commerce & Retail,North America,Mid-Market,Annual Prepaid,Cloud Infrastructure Pro,2026-06-09,2026-08-09,22,22,2668.57,58708.54,4386.26,5,11.3,7,15.2,0
CUST-2884,Pinnacle Networks #42,SaaS & Cloud Software,Europe (EMEA),Growth,Multi-Year,Cloud Infrastructure Pro,2026-04-28,2026-08-04,27,12,861.77,10341.24,819.73,2,14.1,6,33.3,0
CUST-2885,Pinnacle Technologies #43,SaaS & Cloud Software,Asia-Pacific,Mid-Market,Annual Prepaid,Enterprise Analytics Suite,2026-06-26,2026-07-05,57,15,3525.68,52885.2,4820.38,1,6.5,7,11.6,0
CUST-2886,Kinetic Labs #44,Professional & Legal Services,Europe (EMEA),Growth,Month-to-Month,Enterprise Analytics Suite,2026-02-01,2026-08-01,30,9,1205.0,10845.0,893.19,2,19.9,4,17.4,0
CUST-2887,Pulse Networks #45,Healthcare IT,North America,Starter,Multi-Year,Cloud Infrastructure Pro,2025-10-29,2026-08-27,4,7,399.59,2797.13,181.29,1,2.1,6,4.7,0
CUST-2888,Stratum Logistics #46,Professional & Legal Services,Asia-Pacific,Enterprise,Annual Prepaid,Cloud Infrastructure Pro,2026-03-30,2026-08-30,1,31,3497.98,108437.38,9383.38,3,7.7,7,17.6,0
CUST-2889,Aegis Global #47,SaaS & Cloud Software,North America,Starter,Quarterly,Enterprise Analytics Suite,2025-06-25,2026-08-05,26,8,534.31,4274.48,278.0,2,29.1,8,3.6,0
CUST-2890,Horizon Global #48,Professional & Legal Services,Latin America,Starter,Month-to-Month,AI Decision Platform,2026-04-25,2026-05-11,112,8,379.66,3037.28,194.47,0,0.6,7,9.6,1
CUST-2891,Apex Solutions #49,SaaS & Cloud Software,North America,Mid-Market,Quarterly,Enterprise Analytics Suite,2025-09-26,2026-07-22,40,16,2368.87,37901.92,2994.15,4,10.8,5,12.0,0
CUST-2892,Kinetic Financial #50,Healthcare IT,Latin America,Starter,Month-to-Month,Enterprise Analytics Suite,2025-10-15,2026-08-18,13,5,433.58,2167.9,180.39,1,1.8,6,7.8,0
CUST-2893,Vanguard Networks #51,Manufacturing & Logistics,Europe (EMEA),Growth,Annual Prepaid,Enterprise Analytics Suite,2025-11-27,2026-08-12,19,11,832.34,9155.74,735.14,3,26.2,4,38.0,0
CUST-2894,Acro Retail Group #52,Professional & Legal Services,Europe (EMEA),Enterprise,Quarterly,AI Decision Platform,2025-07-29,2026-08-24,7,26,6227.34,161910.84,11474.83,7,21.4,5,37.9,0
CUST-2895,Pinnacle Logistics #53,E-Commerce & Retail,North America,Mid-Market,Quarterly,Cloud Infrastructure Pro,2026-02-25,2026-07-17,45,22,3549.61,78091.42,6343.78,2,21.4,5,17.8,0
CUST-2896,Horizon Media #54,Healthcare IT,Asia-Pacific,Growth,Annual Prepaid,API Data Hub,2026-04-26,2026-07-10,52,7,1323.38,9263.66,806.51,1,25.0,4,7.1,0
CUST-2897,Acro Health #55,E-Commerce & Retail,Europe (EMEA),Growth,Annual Prepaid,Security & Compliance Shield,2025-04-30,2026-08-26,5,8,1136.43,9091.44,687.79,2,17.5,8,10.0,0
CUST-2898,Quantum Technologies #56,FinTech & Payments,North America,Mid-Market,Multi-Year,API Data Hub,2026-04-26,2026-08-11,20,25,3209.62,80240.5,6249.78,1,25.6,5,8.6,0
CUST-2899,Quantum Retail Group #57,Professional & Legal Services,North America,Mid-Market,Multi-Year,Cloud Infrastructure Pro,2026-01-10,2026-08-03,28,14,1761.4,24659.6,2086.92,4,13.3,3,15.5,0
CUST-2900,Zenith Solutions #58,FinTech & Payments,North America,Enterprise,Annual Prepaid,Enterprise Analytics Suite,2025-12-02,2026-08-07,24,38,4821.15,183203.7,16214.49,3,5.4,8,11.1,0
CUST-2901,Quantum Ventures #59,Manufacturing & Logistics,North America,Growth,Annual Prepaid,Enterprise Analytics Suite,2025-11-13,2026-08-02,29,8,1209.91,9679.28,706.79,2,10.0,6,13.9,0
CUST-2902,Solstice Capital #60,SaaS & Cloud Software,North America,Growth,Multi-Year,AI Decision Platform,2026-01-10,2026-08-13,18,8,1440.18,11521.44,785.43,2,9.6,8,24.4,0
CUST-2903,Crestview Capital #61,E-Commerce & Retail,North America,Mid-Market,Month-to-Month,Enterprise Analytics Suite,2025-08-04,2026-07-31,31,14,2337.17,32720.38,2424.58,3,12.3,6,8.6,1
CUST-2904,Vanguard Ventures #62,SaaS & Cloud Software,North America,Mid-Market,Month-to-Month,AI Decision Platform,2026-02-26,2026-08-19,12,21,3170.65,66583.65,5725.73,5,9.9,5,29.3,0
CUST-2905,CoreLogic Labs #63,E-Commerce & Retail,Europe (EMEA),Enterprise,Annual Prepaid,AI Decision Platform,2025-12-13,2026-08-13,18,42,4908.33,206149.86,17883.29,3,13.3,4,4.3,0
CUST-2906,Novus Systems #64,Professional & Legal Services,North America,Starter,Month-to-Month,Cloud Infrastructure Pro,2026-03-01,2026-08-19,12,5,542.37,2711.85,189.77,3,8.6,6,4.4,0
CUST-2907,Kinetic Financial #65,Professional & Legal Services,North America,Mid-Market,Month-to-Month,Cloud Infrastructure Pro,2025-01-08,2026-08-18,13,28,1828.85,51207.8,4497.11,1,7.9,8,38.4,0
CUST-2908,Pulse Ventures #66,E-Commerce & Retail,Europe (EMEA),Growth,Annual Prepaid,API Data Hub,2025-11-24,2026-08-23,8,11,1769.61,19465.71,1384.44,6,9.0,6,6.9,0
CUST-2909,Horizon Systems #67,SaaS & Cloud Software,North America,Starter,Quarterly,AI Decision Platform,2023-10-06,2026-08-27,4,5,609.59,3047.95,221.53,0,4.5,10,32.7,0
CUST-2910,Aegis Global #68,Manufacturing & Logistics,Europe (EMEA),Enterprise,Multi-Year,AI Decision Platform,2025-12-21,2026-08-20,11,41,7536.09,308979.69,28726.14,3,7.7,6,24.6,0
CUST-2911,Prism Networks #69,SaaS & Cloud Software,North America,Enterprise,Annual Prepaid,AI Decision Platform,2026-02-26,2026-08-12,19,39,5675.95,221362.05,18551.23,5,8.7,3,14.5,0
CUST-2912,Prism Financial #70,FinTech & Payments,North America,Growth,Multi-Year,Enterprise Analytics Suite,2026-01-04,2026-08-24,7,5,1611.48,8057.4,645.29,0,8.4,9,30.2,0
CUST-2913,Prism Global #71,FinTech & Payments,Europe (EMEA),Growth,Quarterly,AI Decision Platform,2025-05-18,2026-08-26,5,15,950.07,14251.05,1035.33,2,12.0,8,14.5,0
CUST-2914,Solstice Cloud #72,SaaS & Cloud Software,North America,Mid-Market,Quarterly,Enterprise Analytics Suite,2026-05-09,2026-07-30,32,17,2938.0,49946.0,4087.33,3,17.8,5,16.6,1
CUST-2915,Pulse Global #73,E-Commerce & Retail,Europe (EMEA),Enterprise,Multi-Year,Cloud Infrastructure Pro,2025-07-22,2026-08-19,12,33,3806.39,125610.87,9288.83,5,8.0,5,15.8,0
CUST-2916,Omni Global #74,SaaS & Cloud Software,North America,Growth,Month-to-Month,API Data Hub,2026-01-09,2026-06-05,87,7,1034.59,7242.13,601.86,2,9.8,7,3.4,0
CUST-2917,Prism Labs #75,Healthcare IT,Europe (EMEA),Enterprise,Quarterly,API Data Hub,2025-06-10,2026-08-15,16,29,6108.04,177133.16,14768.27,3,20.7,5,16.0,0
CUST-2918,Synergy Media #76,Manufacturing & Logistics,North America,Growth,Annual Prepaid,Cloud Infrastructure Pro,2025-10-11,2026-08-23,8,11,1048.78,11536.58,940.91,0,14.8,7,17.3,0
CUST-2919,Prism Dynamics #77,E-Commerce & Retail,North America,Starter,Quarterly,AI Decision Platform,2025-12-26,2026-08-25,6,4,709.05,2836.2,214.01,1,20.3,8,12.0,0
CUST-2920,Pinnacle Retail Group #78,E-Commerce & Retail,North America,Mid-Market,Quarterly,API Data Hub,2025-06-15,2026-08-28,3,17,2014.32,34243.44,2818.03,4,3.7,8,11.8,0
CUST-2921,Horizon Ventures #79,Professional & Legal Services,North America,Starter,Annual Prepaid,Enterprise Analytics Suite,2026-01-06,2026-08-07,24,7,375.28,2626.96,184.23,2,5.2,4,14.2,0
CUST-2922,CoreLogic Financial #80,Manufacturing & Logistics,Latin America,Mid-Market,Multi-Year,API Data Hub,2026-03-14,2026-08-17,14,25,2590.27,64756.75,4935.41,2,11.0,6,12.2,0
CUST-2923,Nexus Logistics #81,E-Commerce & Retail,North America,Starter,Annual Prepaid,Cloud Infrastructure Pro,2025-04-08,2026-07-30,32,5,550.33,2751.65,173.71,2,2.5,6,17.8,0
CUST-2924,Elevate Networks #82,SaaS & Cloud Software,North America,Starter,Multi-Year,Cloud Infrastructure Pro,2025-12-26,2026-08-16,15,8,418.41,3347.28,269.05,0,7.5,6,24.8,0
CUST-2925,Novus Dynamics #83,SaaS & Cloud Software,North America,Growth,Month-to-Month,Cloud Infrastructure Pro,2025-08-26,2026-06-13,79,10,1141.16,11411.6,789.56,1,14.8,3,7.3,0
CUST-2926,Zenith Logistics #84,FinTech & Payments,Asia-Pacific,Mid-Market,Annual Prepaid,Cloud Infrastructure Pro,2025-07-28,2026-08-22,9,21,1988.61,41760.81,3461.05,1,8.0,9,31.0,0
CUST-2927,Zenith Logistics #85,E-Commerce & Retail,Europe (EMEA),Enterprise,Month-to-Month,AI Decision Platform,2026-03-07,2026-07-26,36,38,4591.42,174473.96,14926.55,2,13.3,5,13.2,0
CUST-2928,Beacon Retail Group #86,SaaS & Cloud Software,Latin America,Mid-Market,Annual Prepaid,Enterprise Analytics Suite,2025-11-11,2026-08-26,5,18,2649.03,47682.54,4002.11,2,6.6,7,13.0,0
CUST-2929,Elevate Systems #87,FinTech & Payments,Europe (EMEA),Starter,Annual Prepaid,Cloud Infrastructure Pro,2026-01-18,2026-08-27,4,6,292.04,1752.24,111.84,0,11.2,9,16.7,0
CUST-2930,Acro Cloud #88,SaaS & Cloud Software,North America,Starter,Annual Prepaid,Enterprise Analytics Suite,2025-10-18,2026-08-03,28,6,364.92,2189.52,170.1,1,11.5,9,1.0,0
CUST-2931,Kinetic Systems #89,SaaS & Cloud Software,Asia-Pacific,Starter,Month-to-Month,Cloud Infrastructure Pro,2026-03-01,2026-08-26,5,4,468.98,1875.92,151.28,2,7.0,5,38.2,0
CUST-2932,Solstice Ventures #90,SaaS & Cloud Software,North America,Enterprise,Multi-Year,AI Decision Platform,2025-06-29,2026-08-10,21,30,6585.31,197559.3,16354.64,4,12.7,7,6.6,0
CUST-2933,Starlight Cloud #91,SaaS & Cloud Software,Asia-Pacific,Enterprise,Annual Prepaid,Cloud Infrastructure Pro,2025-09-04,2026-08-07,24,27,5241.07,141508.89,13105.87,3,12.2,7,13.7,0
CUST-2934,Pinnacle Networks #92,FinTech & Payments,Europe (EMEA),Starter,Quarterly,Enterprise Analytics Suite,2025-11-25,2026-08-10,21,4,757.43,3029.72,250.68,2,21.1,3,25.5,0
CUST-2935,Elevate Logistics #93,SaaS & Cloud Software,North America,Enterprise,Quarterly,AI Decision Platform,2026-02-25,2026-08-07,24,24,5903.87,141692.88,10787.94,2,14.7,4,14.4,0
CUST-2936,Beacon Technologies #94,SaaS & Cloud Software,Europe (EMEA),Mid-Market,Multi-Year,AI Decision Platform,2025-03-09,2026-07-22,40,21,3437.16,72180.36,5440.93,3,8.4,4,3.5,0
CUST-2937,Novus Health #95,Manufacturing & Logistics,North America,Starter,Annual Prepaid,Cloud Infrastructure Pro,2025-09-30,2026-07-14,48,7,669.91,4689.37,381.21,3,10.9,6,7.7,0
CUST-2938,Vertex Capital #96,SaaS & Cloud Software,North America,Starter,Month-to-Month,AI Decision Platform,2026-02-20,2026-08-11,20,4,340.8,1363.2,92.29,2,9.0,4,6.9,0
CUST-2939,Terra Systems #97,E-Commerce & Retail,Asia-Pacific,Growth,Multi-Year,Enterprise Analytics Suite,2025-08-06,2026-08-19,12,9,1387.65,12488.85,873.22,1,22.1,6,6.8,0
CUST-2940,Quantum Labs #1,Healthcare IT,North America,Enterprise,Month-to-Month,Cloud Infrastructure Pro,2025-11-06,2026-08-18,13,34,4606.12,156608.08,12893.39,4,4.6,6,16.9,0
CUST-2941,Vanguard Technologies #2,E-Commerce & Retail,Europe (EMEA),Mid-Market,Month-to-Month,AI Decision Platform,2026-01-15,2026-08-26,5,21,2698.24,56663.04,4885.42,4,16.5,6,22.9,1
CUST-2942,Prism Dynamics #3,FinTech & Payments,Asia-Pacific,Mid-Market,Multi-Year,API Data Hub,2025-10-27,2026-08-30,1,19,2230.97,42388.43,3071.94,1,23.6,7,28.8,0
CUST-2943,Vertex Capital #4,FinTech & Payments,North America,Growth,Multi-Year,Enterprise Analytics Suite,2026-01-05,2026-08-02,29,11,1761.37,19375.07,1439.37,0,14.3,7,19.3,0
CUST-2944,Horizon Solutions #5,Healthcare IT,North America,Mid-Market,Annual Prepaid,Enterprise Analytics Suite,2025-08-31,2026-08-20,11,22,2528.35,55623.7,4245.48,2,10.4,5,21.3,0
CUST-2945,Prism Networks #6,FinTech & Payments,Europe (EMEA),Mid-Market,Annual Prepaid,API Data Hub,2025-09-11,2026-08-27,4,19,3375.15,64127.85,5517.33,4,12.9,7,19.4,0
CUST-2946,Zenith Systems #7,E-Commerce & Retail,North America,Growth,Annual Prepaid,Cloud Infrastructure Pro,2025-07-08,2026-08-19,12,11,1146.95,12616.45,943.97,4,3.6,7,19.9,0
CUST-2947,Vertex Dynamics #8,SaaS & Cloud Software,Asia-Pacific,Growth,Annual Prepaid,AI Decision Platform,2025-06-17,2026-08-27,4,7,1540.34,10782.38,883.91,5,9.0,3,18.3,0
CUST-2948,Pulse Logistics #9,FinTech & Payments,Europe (EMEA),Enterprise,Annual Prepaid,Enterprise Analytics Suite,2025-12-18,2026-08-29,2,28,4979.74,139432.72,10962.55,7,11.0,7,21.7,0
CUST-2949,Synergy Labs #10,SaaS & Cloud Software,Asia-Pacific,Starter,Annual Prepaid,Enterprise Analytics Suite,2025-11-24,2026-08-26,5,4,629.93,2519.72,193.48,0,1.7,6,19.4,0
CUST-2950,Nexus Health #11,E-Commerce & Retail,Europe (EMEA),Growth,Annual Prepaid,Security & Compliance Shield,2025-11-13,2026-07-16,46,9,1546.41,13917.69,1021.18,1,3.7,6,13.1,0
CUST-2951,Pinnacle Dynamics #12,SaaS & Cloud Software,Europe (EMEA),Growth,Multi-Year,AI Decision Platform,2026-03-03,2026-07-23,39,7,1012.78,7089.46,487.81,2,7.3,5,3.4,0
CUST-2952,Solstice Labs #13,FinTech & Payments,Europe (EMEA),Mid-Market,Month-to-Month,Enterprise Analytics Suite,2025-09-12,2026-08-08,23,16,3024.19,48387.04,3525.74,4,12.1,4,23.4,0
CUST-2953,Kinetic Dynamics #14,SaaS & Cloud Software,Asia-Pacific,Growth,Month-to-Month,API Data Hub,2025-01-22,2026-07-22,40,11,990.17,10891.87,943.07,2,18.0,4,2.6,0
CUST-2954,Synergy Solutions #15,Manufacturing & Logistics,Europe (EMEA),Growth,Quarterly,Enterprise Analytics Suite,2025-09-24,2026-08-24,7,9,1068.23,9614.07,822.16,4,3.6,8,25.9,1
CUST-2955,Pinnacle Media #16,Healthcare IT,North America,Starter,Annual Prepaid,Cloud Infrastructure Pro,2026-01-21,2026-08-08,23,6,419.32,2515.92,176.25,1,8.4,8,17.8,0
CUST-2956,Omni Financial #17,FinTech & Payments,Europe (EMEA),Mid-Market,Quarterly,Cloud Infrastructure Pro,2025-10-07,2026-08-23,8,24,3012.2,72292.8,6475.86,3,7.8,7,6.2,0
CUST-2957,Nexus Labs #18,Manufacturing & Logistics,Europe (EMEA),Mid-Market,Annual Prepaid,Enterprise Analytics Suite,2024-03-01,2026-07-19,43,18,3003.24,54058.32,4559.46,9,17.7,5,4.1,0
CUST-2958,Elevate Retail Group #19,SaaS & Cloud Software,North America,Starter,Month-to-Month,AI Decision Platform,2025-08-09,2026-08-26,5,10,703.88,7038.8,469.08,0,7.2,5,7.5,0
CUST-2959,Pinnacle Global #20,Manufacturing & Logistics,North America,Mid-Market,Multi-Year,Enterprise Analytics Suite,2026-01-15,2026-07-27,35,14,1837.31,25722.34,2341.68,3,8.0,5,16.7,0
CUST-2960,Terra Media #21,Healthcare IT,North America,Mid-Market,Month-to-Month,Cloud Infrastructure Pro,2025-12-24,2026-08-29,2,21,2908.69,61082.49,5562.85,4,10.0,7,7.4,0
CUST-2961,Vertex Solutions #22,Manufacturing & Logistics,Europe (EMEA),Growth,Month-to-Month,Enterprise Analytics Suite,2025-09-07,2026-07-09,53,18,1050.67,18912.06,1514.06,2,5.0,7,9.2,0
CUST-2962,CoreLogic Retail Group #23,FinTech & Payments,North America,Starter,Month-to-Month,API Data Hub,2024-05-16,2026-08-04,27,7,717.54,5022.78,325.15,2,11.7,7,4.2,0
CUST-2963,Synergy Labs #24,SaaS & Cloud Software,North America,Mid-Market,Quarterly,Cloud Infrastructure Pro,2025-12-16,2026-08-14,17,12,2327.12,27925.44,2142.19,3,6.8,6,4.8,0
CUST-2964,Prism Ventures #25,E-Commerce & Retail,Europe (EMEA),Mid-Market,Annual Prepaid,Cloud Infrastructure Pro,2025-08-28,2026-08-14,17,15,2620.67,39310.05,2818.12,5,4.0,5,19.9,0
CUST-2965,Synergy Systems #26,FinTech & Payments,Europe (EMEA),Enterprise,Annual Prepaid,API Data Hub,2026-04-27,2026-07-29,33,30,7101.44,213043.2,19798.06,4,12.8,4,4.7,0
CUST-2966,Elevate Solutions #27,SaaS & Cloud Software,North America,Mid-Market,Multi-Year,API Data Hub,2025-10-08,2026-08-28,3,18,2027.11,36487.98,2860.93,3,3.6,6,23.4,0
CUST-2967,Pulse Global #28,Professional & Legal Services,Europe (EMEA),Mid-Market,Month-to-Month,Cloud Infrastructure Pro,2025-09-24,2026-06-02,90,18,1943.83,34988.94,2581.62,4,14.0,2,6.2,1
CUST-2968,Nexus Retail Group #29,SaaS & Cloud Software,North America,Growth,Quarterly,Enterprise Analytics Suite,2026-01-21,2026-08-05,26,12,1415.51,16986.12,1194.55,1,18.3,6,6.7,0
CUST-2969,Vertex Systems #30,Professional & Legal Services,North America,Mid-Market,Month-to-Month,Cloud Infrastructure Pro,2026-04-12,2026-08-06,25,17,2665.99,45321.83,3588.76,2,12.2,7,6.2,0
CUST-2970,CoreLogic Retail Group #31,FinTech & Payments,North America,Mid-Market,Multi-Year,Cloud Infrastructure Pro,2026-04-19,2026-08-10,21,23,2480.18,57044.14,4716.03,1,19.0,8,10.8,0
CUST-2971,Crestview Dynamics #32,E-Commerce & Retail,North America,Growth,Quarterly,Enterprise Analytics Suite,2025-06-15,2026-08-23,8,13,1611.86,20954.18,1477.99,0,1.0,8,14.8,1
CUST-2972,Starlight Financial #33,FinTech & Payments,Europe (EMEA),Enterprise,Quarterly,AI Decision Platform,2026-04-04,2026-06-09,83,29,5747.56,166679.24,12004.77,3,16.2,4,16.2,1
CUST-2973,Stratum Dynamics #34,SaaS & Cloud Software,Europe (EMEA),Growth,Annual Prepaid,Cloud Infrastructure Pro,2026-02-10,2026-08-27,4,14,984.82,13787.48,1049.74,2,9.0,7,0.4,0
CUST-2974,Pinnacle Capital #35,Professional & Legal Services,Europe (EMEA),Enterprise,Month-to-Month,Security & Compliance Shield,2025-02-05,2026-08-21,10,29,5517.76,160015.04,15159.29,5,12.0,6,19.1,0
CUST-2975,Kinetic Capital #36,SaaS & Cloud Software,North America,Enterprise,Month-to-Month,Cloud Infrastructure Pro,2025-09-11,2026-08-11,20,30,5739.94,172198.2,15486.65,4,10.8,4,13.2,0
CUST-2976,Crestview Labs #37,E-Commerce & Retail,North America,Enterprise,Annual Prepaid,AI Decision Platform,2026-01-06,2026-08-07,24,32,5618.96,179806.72,14752.34,7,13.0,4,14.1,0
CUST-2977,Crestview Financial #38,Healthcare IT,North America,Starter,Annual Prepaid,Security & Compliance Shield,2025-06-20,2026-07-23,39,7,520.78,3645.46,298.7,0,1.6,6,20.2,0
CUST-2978,Terra Logistics #39,E-Commerce & Retail,North America,Mid-Market,Annual Prepaid,AI Decision Platform,2025-09-01,2026-05-27,96,24,2305.64,55335.36,4399.75,1,10.0,4,4.0,1
CUST-2979,Novus Networks #40,FinTech & Payments,Asia-Pacific,Growth,Quarterly,API Data Hub,2025-12-10,2026-08-10,21,9,959.74,8637.66,585.33,4,10.0,6,3.0,0
CUST-2980,Omni Solutions #41,E-Commerce & Retail,North America,Mid-Market,Quarterly,AI Decision Platform,2025-06-30,2026-08-11,20,15,2331.48,34972.2,2861.47,5,15.0,6,3.3,0
CUST-2981,CoreLogic Retail Group #42,FinTech & Payments,North America,Starter,Annual Prepaid,Enterprise Analytics Suite,2026-03-21,2026-07-22,40,4,630.86,2523.44,171.44,3,17.2,5,3.5,0
CUST-2982,Apex Ventures #43,E-Commerce & Retail,Asia-Pacific,Growth,Multi-Year,Enterprise Analytics Suite,2025-10-21,2026-08-29,2,12,1237.82,14853.84,1252.95,5,30.3,6,5.2,0
CUST-2983,Prism Retail Group #44,FinTech & Payments,Latin America,Growth,Annual Prepaid,API Data Hub,2026-01-05,2026-07-21,41,8,1138.09,9104.72,665.32,1,15.1,6,24.6,0
CUST-2984,Aegis Capital #45,SaaS & Cloud Software,Europe (EMEA),Enterprise,Quarterly,API Data Hub,2026-02-11,2026-08-12,19,38,4183.02,158954.76,15218.03,7,9.6,5,30.4,0
CUST-2985,Quantum Cloud #46,SaaS & Cloud Software,North America,Starter,Month-to-Month,Enterprise Analytics Suite,2026-02-08,2026-08-18,13,3,236.87,710.61,54.04,0,16.3,5,19.9,0
CUST-2986,Pinnacle Systems #47,Professional & Legal Services,North America,Mid-Market,Multi-Year,API Data Hub,2025-05-03,2026-08-29,2,15,3297.63,49464.45,3580.67,5,20.7,7,14.5,0
CUST-2987,Pulse Global #48,Manufacturing & Logistics,Europe (EMEA),Growth,Month-to-Month,Cloud Infrastructure Pro,2024-10-05,2026-08-28,3,6,1010.93,6065.58,442.84,3,6.2,6,10.8,0
CUST-2988,Horizon Networks #49,E-Commerce & Retail,North America,Growth,Month-to-Month,Cloud Infrastructure Pro,2025-08-21,2026-06-15,77,10,1621.9,16219.0,1371.64,2,6.2,3,11.3,1
CUST-2989,Vanguard Retail Group #50,Professional & Legal Services,Asia-Pacific,Growth,Multi-Year,AI Decision Platform,2025-10-06,2026-08-29,2,13,999.36,12991.68,1002.45,0,7.7,8,23.1,0
CUST-2990,Starlight Solutions #51,SaaS & Cloud Software,North America,Enterprise,Quarterly,Cloud Infrastructure Pro,2025-10-23,2026-08-29,2,31,3137.52,97263.12,7982.62,4,34.4,6,9.3,0
CUST-2991,Novus Systems #52,SaaS & Cloud Software,Latin America,Mid-Market,Quarterly,AI Decision Platform,2025-11-01,2026-08-18,13,14,2571.03,35994.42,2630.08,2,13.4,7,8.1,0
CUST-2992,Quantum Networks #53,E-Commerce & Retail,North America,Enterprise,Quarterly,API Data Hub,2026-05-01,2026-08-28,3,43,4525.41,194592.63,16453.43,5,16.5,5,28.3,0
CUST-2993,Prism Capital #54,E-Commerce & Retail,North America,Growth,Annual Prepaid,AI Decision Platform,2026-01-21,2026-08-26,5,8,1300.31,10402.48,740.99,3,14.8,5,0.6,0
CUST-2994,Novus Health #55,Professional & Legal Services,North America,Growth,Multi-Year,Cloud Infrastructure Pro,2025-08-18,2026-08-24,7,11,1205.02,13255.22,1151.58,1,11.7,5,8.6,0
CUST-2995,Synergy Dynamics #56,Manufacturing & Logistics,Europe (EMEA),Starter,Annual Prepaid,Enterprise Analytics Suite,2025-05-05,2026-07-30,32,4,627.94,2511.76,168.56,4,15.5,4,26.6,0
CUST-2996,Novus Retail Group #57,E-Commerce & Retail,North America,Starter,Annual Prepaid,Cloud Infrastructure Pro,2026-03-13,2026-08-27,4,5,538.99,2694.95,170.49,3,10.5,5,11.2,0
CUST-2997,Pinnacle Networks #58,Healthcare IT,North America,Mid-Market,Multi-Year,AI Decision Platform,2025-12-30,2026-08-17,14,19,3962.13,75280.47,6882.25,4,3.9,7,18.5,0
CUST-2998,Synergy Global #59,Healthcare IT,Latin America,Starter,Annual Prepaid,API Data Hub,2025-11-14,2026-07-11,51,4,442.35,1769.4,132.37,2,7.8,7,29.9,0
CUST-2999,Synergy Dynamics #60,E-Commerce & Retail,North America,Mid-Market,Annual Prepaid,API Data Hub,2026-02-23,2026-08-21,10,17,2366.82,40235.94,3459.17,1,12.2,9,11.3,0
CUST-3000,Starlight Logistics #61,Healthcare IT,Asia-Pacific,Enterprise,Annual Prepaid,AI Decision Platform,2025-11-03,2026-08-20,11,42,4356.37,182967.54,17046.71,10,11.1,5,11.2,0
